course_key,course_name,course_type,total_par,total_yardage,avg_scoring_diff,par3_count,par4_count,par5_count,avg_par3_yards,avg_par4_yards,avg_par5_yards,birdie_opportunity_score,accuracy_demand_score
accordia golf narashino country club,ACCORDIA GOLF Narashino Country Club,parkland,70,7079,-0.07572222222222222,5,10,3,175.2,444.6,585.6666666666666,6.269999999999999,0.6581111111111106
arnold palmer s bay hill club and lodge,Arnold Palmer's Bay Hill Club & Lodge,florida parkland,72,7466,0.03205555555555556,4,10,4,216.5,437.0,557.5,8.65,1.9474444444444443
black desert resort,Black Desert Resort,unknown,71,7421,-0.0661111111111111,4,11,3,175.75,449.72727272727275,590.3333333333334,6.013636363636363,0.6572222222222223
castle pines golf club,Castle Pines Golf Club,unknown,72,8130,-0.03483333333333333,4,10,4,221.75,479.3,612.5,8.0,2.1279999999999997
caves valley golf club,Caves Valley Golf Club,unknown,70,7601,0.023666666666666662,4,12,2,226.75,458.75,594.5,4.0,2.2723333333333335
colonial country club,Colonial Country Club,classic parkland,70,7289,0.014555555555555552,4,12,2,209.5,435.9166666666667,610.0,4.704166666666666,1.679111111111111
congaree golf club,Congaree Golf Club,lowcountry links,75,8090,-0.027631578947368424,4,12,3,200.0,455.8333333333333,606.6666666666666,6.0,1.3885964912280702
detroit golf club,Detroit Golf Club,classic parkland,72,7370,-0.134,4,10,4,191.75,428.4,579.75,9.080000000000002,1.3263333333333334
dunes golf and beach club,Dunes Golf and Beach Club,unknown,71,7347,-0.04050000000000001,4,11,3,200.0,441.0,565.3333333333334,6.45,1.4143333333333332
east lake golf club,East Lake Golf Club,classic parkland,70,7440,-0.12144444444444444,4,12,2,226.25,452.0833333333333,555.0,4.0,2.4512222222222224
hamilton golf and country club,Hamilton Golf & Country Club,unknown,70,7084,0.01605555555555556,4,12,2,211.25,426.4166666666667,561.0,5.179166666666665,1.7404444444444445
harbour town golf links,Harbour Town Golf Links,links-style,71,7213,-0.09077777777777779,4,11,3,201.75,427.1818181818182,569.0,7.140909090909091,1.5732222222222223
hurstbourne country club championship course,Hurstbourne Country Club (Championship Course),unknown,70,7056,0.06216666666666667,4,12,2,199.25,428.25,560.0,5.0875,1.4326666666666668
innisbrook resort copperhead course,Innisbrook Resort (Copperhead Course),florida parkland,71,7352,0.04816666666666666,5,9,4,212.0,440.22222222222223,582.5,8.488888888888889,1.8296666666666668
keene trace golf club champion trace,Keene Trace Golf Club (Champion Trace),unknown,72,7328,-0.1465,4,10,4,198.0,433.7,549.75,8.815000000000001,1.5596666666666665
keene trace golf club champions course,Keene Trace Golf Club (Champions Course),midwest parkland,72,7328,-0.08777777777777779,4,10,4,198.0,433.7,549.75,8.815000000000001,1.442222222222222
la quinta country club,La Quinta Country Club,unknown,72,7060,-0.22577777777777777,4,10,4,194.5,414.9,533.25,9.755,1.6015555555555554
memorial park golf course,Memorial Park Golf Course,municipal parkland,70,7475,-0.0631111111111111,5,10,3,191.4,469.0,609.3333333333334,6.0,1.172888888888889
monterey peninsula cc,Monterey Peninsula CC ,unknown,71,6934,-0.05272222222222222,5,9,4,190.6,418.6666666666667,553.25,9.566666666666666,1.1254444444444442
muirfield village golf club,Muirfield Village Golf Club,parkland,72,7569,0.07666666666666667,4,10,4,202.0,448.3,569.5,8.084999999999999,1.5533333333333332
nicklaus tournament course,Nicklaus Tournament Course,unknown,72,7147,-0.24144444444444446,4,10,4,184.5,423.3,544.0,9.334999999999999,1.2995555555555556
oak hill country club east course,Oak Hill Country Club - East Course,unknown,70,7394,0.1481111111111111,4,12,2,202.5,445.5,619.0,4.225,1.712888888888889
oakdale golf and country club,Oakdale Golf & Country Club,unknown,72,7264,-0.012777777777777777,3,12,3,191.0,421.0,546.3333333333334,7.45,1.058888888888889
oakmont country club,Oakmont Country Club,unknown,70,7372,0.2321666666666667,4,12,2,226.75,435.1666666666667,621.5,4.741666666666665,2.6893333333333334
olympia fields country club north course,Olympia Fields Country Club (North Course),unknown,70,7366,-0.034444444444444444,4,12,2,205.25,442.75,616.0,4.3625,1.5772222222222223
pga national champion,PGA National (Champion),unknown,70,7125,0.015722222222222224,4,12,2,199.25,436.1666666666667,547.0,4.6916666666666655,1.3397777777777777
pga national resort the champion course,PGA National Resort (The Champion Course),unknown,71,7167,-0.09655555555555556,4,11,3,199.25,429.6363636363636,548.0,7.0181818181818185,1.5014444444444446
pga national resort the champion,PGA National Resort (The Champion),unknown,71,7147,-0.05022222222222222,4,11,3,199.25,429.6363636363636,541.3333333333334,7.0181818181818185,1.4087777777777777
pebble beach golf links,Pebble Beach Golf Links,links-style coastal,72,6972,-0.10544444444444444,4,10,4,170.25,412.9,540.5,9.855,0.5525555555555556
pete dye stadium course,Pete Dye Stadium Course,unknown,72,7210,-0.09372222222222222,4,10,4,194.0,414.9,571.25,9.755,1.3207777777777778
pinehurst resort and country club course no 2,Pinehurst Resort & Country Club (Course No. 2),unknown,70,7548,0.1607777777777778,4,12,2,204.0,460.5833333333333,602.5,4.0,1.7882222222222222
plantation course at kapalua,Plantation Course at Kapalua,unknown,73,7596,-0.2365,3,11,4,193.0,429.3636363636364,573.5,9.031818181818181,1.573
quail hollow club,Quail Hollow Club,parkland,71,7626,0.0836111111111111,4,11,3,215.25,459.09090909090907,571.6666666666666,6.0,2.008888888888889
sea island golf club plantation course,Sea Island Golf Club (Plantation Course),unknown,72,7060,-0.21044444444444446,4,10,4,187.25,404.9,565.5,10.255,1.3292222222222223
sea island golf club plantation,Sea Island Golf Club (Plantation),unknown,72,7060,-0.12677777777777777,4,10,4,187.25,404.9,565.5,10.255,1.161888888888889
sea island golf club seaside course,Sea Island Golf Club (Seaside Course),unknown,70,7005,-0.12327777777777775,4,12,2,199.5,421.6666666666667,573.5,5.416666666666666,1.563222222222222
sea island golf club seaside,Sea Island Golf Club (Seaside),unknown,70,7005,-0.05961111111111112,4,12,2,199.5,421.6666666666667,573.5,5.416666666666666,1.435888888888889
sedgefield country club,Sedgefield Country Club,classic parkland,70,7131,-0.04627777777777778,4,12,2,201.75,437.5,537.0,4.625,1.484222222222222
silverado resort north course,Silverado Resort (North Course),wine country parkland,72,7138,-0.027777777777777776,4,10,4,195.0,410.2,564.0,9.99,1.2222222222222223
silverado resort and spa north course,Silverado Resort and Spa (North Course),unknown,76,7559,-0.026789473684210533,4,11,4,195.0,412.54545454545456,560.25,9.872727272727271,1.220245614035088
spyglass hill golf course,Spyglass Hill Golf Course,unknown,72,7041,-0.11177777777777775,4,10,4,170.75,409.3,566.25,10.035,0.5818888888888889
tpc craig ranch,TPC Craig Ranch,texas modern,71,7569,-0.104,4,11,3,203.5,454.90909090909093,583.6666666666666,6.0,1.658
tpc deere run,TPC Deere Run,midwest parkland,71,7289,-0.08694444444444444,4,11,3,196.25,434.3636363636364,575.3333333333334,6.781818181818181,1.382222222222222
tpc river highlands,TPC River Highlands,new england parkland,70,6844,-0.042444444444444444,4,12,2,188.5,416.0833333333333,548.5,5.695833333333335,1.0348888888888887
tpc san antonio oaks course,TPC San Antonio (Oaks Course),texas hill country,72,7438,0.026499999999999996,4,10,4,200.5,428.6,587.5,9.069999999999999,1.403
tpc sawgrass the players stadium course,TPC Sawgrass (THE PLAYERS Stadium Course),unknown,72,7352,0.02188888888888889,4,10,4,185.5,434.4,566.5,8.780000000000001,0.8937777777777778
tpc scottsdale stadium course,TPC Scottsdale (Stadium Course),desert,71,7261,-0.05766666666666667,4,11,3,188.25,439.90909090909093,556.3333333333334,6.504545454545453,1.057
tpc southwind,TPC Southwind,southern parkland,70,7288,-0.04861111111111111,4,12,2,185.0,453.25,554.5,4.0,0.9305555555555556
tpc summerlin,TPC Summerlin,desert,71,7255,-0.08227777777777777,4,11,3,200.0,429.6363636363636,576.3333333333334,7.0181818181818185,1.4978888888888888
tpc toronto at osprey valley north course,TPC Toronto at Osprey Valley (North Course),unknown,70,7389,-0.06972222222222221,4,12,2,191.0,458.5,561.5,4.0,1.172777777777778
tpc twin cities,TPC Twin Cities,midwest parkland,71,7431,-0.12005555555555553,4,11,3,202.75,439.72727272727275,594.3333333333334,6.513636363636363,1.665111111111111
the country club of jackson,The Country Club of Jackson,unknown,72,7461,-0.10555555555555554,4,10,4,196.5,433.4,585.25,8.830000000000002,1.4277777777777776
the dunes golf and beach club,The Dunes Golf and Beach Club,unknown,71,7347,-0.064,4,11,3,200.0,441.0,565.3333333333334,6.45,1.4613333333333332
the los angeles country club north course,The Los Angeles Country Club (North Course),unknown,70,7423,0.09833333333333333,5,10,3,219.4,457.6,583.3333333333334,6.0,2.1766666666666667
the philadelphia cricket club wissahickon course,The Philadelphia Cricket Club (Wissahickon Course),unknown,70,7119,-0.055444444444444435,4,12,2,187.25,439.25,549.5,4.5375,1.0192222222222223
the renaissance club,The Renaissance Club,links,70,7282,0.0012222222222222187,5,10,3,186.6,457.9,590.0,6.0,0.889111111111111
the riviera country club,The Riviera Country Club,unknown,71,7322,-0.04977777777777778,4,11,3,198.25,441.1818181818182,558.6666666666666,6.4409090909090905,1.3745555555555555
torrey pines golf course north course,Torrey Pines Golf Course (North Course),unknown,72,7258,0.03166666666666666,4,10,4,215.0,426.1,534.25,9.194999999999999,1.8966666666666665
torrey pines golf course south course,Torrey Pines Golf Course (South Course),coastal parkland,144,15530,0.05272222222222222,8,20,8,207.5,456.5,592.5,16.0,1.6887777777777777
valhalla golf club,Valhalla Golf Club,unknown,71,7609,-0.02366666666666667,4,11,3,215.75,453.54545454545456,585.6666666666666,6.0,1.9056666666666668
vidanta vallarta,Vidanta Vallarta,tropical resort,71,7436,-0.08283333333333333,5,9,4,194.6,454.44444444444446,593.25,8.0,1.3189999999999997
waialae country club,Waialae Country Club,tropical parkland,70,7044,-0.040999999999999995,4,12,2,192.0,434.9166666666667,528.5,4.7541666666666655,1.1486666666666667
