player_id,player_name,sg_total,sg_ott,sg_app,sg_putt,sg_t2g,season_sg_total,season_sg_ott,season_sg_app,season_sg_putt,season_sg_t2g,sg_arg,season_sg_arg,sg_blend_current_weight,sg_blend_prior_weight,sg_blend_tournaments,hist_times_played,hist_avg_finish,hist_best_finish,hist_wins,hist_top5s,hist_top10s,hist_cut_rate,hist_missed_cuts,has_won_here,has_course_history,has_made_cut_here,venue_avg_finish,venue_finish_std,wins_at_venue,world_rank,field_avg_rank,field_median_rank,form_trend,finish_consistency,recent_top10s,recent_top5s,recent_cuts_pct,recent_birdie_avg,recent_bogey_avg,recent_scoring_avg,recent_gir_pct,recent_scrambling,recent_bounce_back,recent_final_round,recent_sand_save,dg_fit_ott,dg_fit_app,dg_fit_arg,dg_fit_putt,dg_fit_total,win_prob,top5_prob,top10_prob,win_prob_calibrated,top5_prob_calibrated,top10_prob_calibrated,win_prob_raw,top5_prob_raw,top10_prob_raw,expected_value
52955,"Åberg, Ludvig",0.6362,-0.124,-0.14639999999999997,0.06600000000000002,0.3658,0.5940769230769231,0.15069230769230774,-0.04961538461538461,0.017615384615384633,0.695076923076923,0.5122,0.7446923076923077,0.85,0.15000000000000002,13,2,25.5,9.0,0,0,1,1.0,0,0,1,1,526.5700534759359,481.6098974488177,0.0,19.0,160.44897959183675,124.0,0.0,0.5,0.0,0,0.5,4.0,3.5,71.0,65.0,58.0,20.0,71.0,50.0,0.03918000000000001,-0.0,0.03723461538461538,0.0035230769230769265,0.0799376923076923,0.017508158073484492,0.0804705926471746,0.11731538669040024,0.017508158073484492,0.0804705926471746,0.11731538669040024,0.017508158073484492,0.11495798949596372,0.2346307733808005,124664.14881843506
48001,"Bauchou, Zach",0.165,0.264,0.102,0.218,0.488,0.165,0.264,0.102,0.218,0.488,0.0,0.0,0.2,0.8,0,0,40.0,40.0,0,0,0,0.5,0,0,0,0,526.5700534759359,481.6098974488177,,179.0,160.44897959183675,124.0,0.0,0.5,0.0,0,0.5,4.0,3.5,71.0,65.0,58.0,20.0,71.0,50.0,0.0,0.0,0.0,0.0,0.0,0.008312413122793565,0.027112035148755317,0.06853308771929319,0.008312413122793565,0.027112035148755317,0.06853308771929319,0.008312413122793565,0.04518672524792553,0.0979044110275617,86477.21498086504
45522,"Bezuidenhout, Christiaan",-0.05920000000000001,0.5628,0.3734,0.3032,0.877,-0.32823529411764707,0.020294117647058872,0.33152941176470596,0.645,0.023470588235294125,0.5036,-0.30805882352941183,0.85,0.15000000000000002,17,1,46.0,46.0,0,0,0,1.0,0,0,1,1,526.5700534759359,481.6098974488177,0.0,83.0,160.44897959183675,124.0,0.0,0.5,0.0,0,0.5,4.0,3.5,71.0,65.0,58.0,20.0,71.0,50.0,0.005276470588235307,0.0,-0.015402941176470591,0.129,0.11887352941176471,0.012136737684517819,0.03662936112291803,0.07670845218241176,0.012136737684517819,0.03662936112291803,0.07670845218241176,0.012136737684517819,0.05635286326602774,0.1278474203040196,95351.279398963
56630,"Bhatia, Akshay",0.03140000000000001,0.5731999999999999,0.01259999999999999,0.6846,0.6176,0.04923529411764706,0.7462352941176471,-0.21876470588235297,0.3042352941176471,0.5768823529411764,0.6050000000000001,0.7956470588235294,0.85,0.15000000000000002,17,1,13.0,13.0,0,0,0,1.0,0,0,1,1,526.5700534759359,481.6098974488177,0.0,59.0,160.44897959183675,124.0,0.0,0.5,0.0,0,0.5,4.0,3.5,71.0,65.0,58.0,20.0,71.0,50.0,0.19402117647058822,-0.0,0.03978235294117647,0.06084705882352943,0.2946505882352941,0.013292436774290923,0.07704838500344463,0.10864009910979061,0.013292436774290923,0.07704838500344463,0.10864009910979061,0.013292436774290923,0.11006912143349235,0.21728019821958122,116253.27242619699
54788,"Blanchet, Chandler",0.165,0.264,0.102,0.218,0.488,0.165,0.264,0.102,0.218,0.488,0.0,0.0,0.2,0.8,0,0,40.0,40.0,0,0,0,0.5,0,0,0,0,526.5700534759359,481.6098974488177,,124.0,160.44897959183675,124.0,0.0,0.5,0.0,0,0.5,4.0,3.5,71.0,65.0,58.0,20.0,71.0,50.0,0.0,0.0,0.0,0.0,0.0,0.00865445821988522,0.027566155623868435,0.06055243165018855,0.00865445821988522,0.027566155623868435,0.06055243165018855,0.00865445821988522,0.04594359270644739,0.10092071941698093,83758.14177968178
33141,"Bradley, Keegan",0.036000000000000004,0.254,0.852,-0.09519999999999999,1.1418,0.33849999999999997,0.3505,0.4169444444444445,-0.06255555555555554,1.1060555555555556,0.28979999999999995,0.689111111111111,0.85,0.15000000000000002,18,5,28.2,2.0,0,1,1,1.0,0,0,1,1,526.5700534759359,481.6098974488177,0.0,15.0,160.44897959183675,124.0,0.0,0.5,0.0,0,0.5,4.0,3.5,71.0,65.0,58.0,20.0,71.0,50.0,0.09112999999999999,0.0,0.03445555555555555,-0.012511111111111108,0.11307444444444442,0.026950578288167115,0.10862283714179487,0.13966598924339887,0.026950578288167115,0.10862283714179487,0.13966598924339887,0.026950578288167115,0.15517548163113554,0.27933197848679775,148245.53458547947
61522,"Brennan, Michael",1.2365,-0.03249999999999997,-0.13200000000000003,0.3685,1.072,1.2365,-0.03249999999999997,-0.13200000000000003,0.3685,1.072,1.2040000000000002,1.2040000000000002,0.5,0.5,2,0,40.0,40.0,0,0,0,0.5,0,0,0,0,526.5700534759359,481.6098974488177,,35.0,160.44897959183675,124.0,0.0,0.5,0.0,0,0.5,4.0,3.5,71.0,65.0,58.0,20.0,71.0,50.0,-0.008449999999999992,-0.0,0.06020000000000001,0.0737,0.12545,0.031482171338589354,0.094807754426537,0.13466779420049874,0.031482171338589354,0.094807754426537,0.13466779420049874,0.031482171338589354,0.13543964918076715,0.26933558840099747,148561.17168843665
57259,"Brown, Dan",0.021,-0.508,-0.393,0.72,-0.88,0.020999999999999998,-0.508,-0.393,0.72,-0.88,-0.487,-0.487,0.3,0.7,1,0,40.0,40.0,0,0,0,0.5,0,0,0,0,526.5700534759359,481.6098974488177,,68.0,160.44897959183675,124.0,0.0,0.5,0.0,0,0.5,4.0,3.5,71.0,65.0,58.0,20.0,71.0,50.0,-0.13208,-0.0,-0.02435,0.144,-0.012430000000000024,0.011333551071647123,0.02868899688873117,0.058846005024921176,0.011333551071647123,0.02868899688873117,0.058846005024921176,0.011333551071647123,0.04781499481455195,0.08406572146417311,86065.57815909924
58816,"Byrd, Marcus",0.3,0.367,-0.449,-0.409,0.218,0.3,0.36699999999999994,-0.44899999999999995,-0.4089999999999999,0.21799999999999997,0.667,0.667,0.3,0.7,1,0,40.0,40.0,0,0,0,0.5,0,0,0,0,526.5700534759359,481.6098974488177,,757.0,160.44897959183675,124.0,0.0,0.5,0.0,0,0.5,4.0,3.5,71.0,65.0,58.0,20.0,71.0,50.0,0.09541999999999998,-0.0,0.033350000000000005,-0.08179999999999998,0.04697000000000001,0.009089873613199734,0.02717729417292645,0.06016883467781347,0.009089873613199734,0.02717729417292645,0.06016883467781347,0.009089873613199734,0.04529549028821075,0.08595547811116211,83991.07374134721
32070,"Campos, Rafael",-0.2658,-0.05939999999999999,-0.42399999999999993,0.6466,-0.7497999999999999,-0.27588888888888885,-0.29388888888888887,-0.18577777777777776,0.1943333333333333,-0.7561111111111111,-0.3258,-0.5703333333333334,0.85,0.15000000000000002,9,1,20.0,20.0,0,0,0,1.0,0,0,1,1,526.5700534759359,481.6098974488177,0.0,402.0,160.44897959183675,124.0,0.0,0.5,0.0,0,0.5,4.0,3.5,71.0,65.0,58.0,20.0,71.0,50.0,-0.0764111111111111,-0.0,-0.02851666666666667,0.03886666666666666,-0.0660611111111111,0.01118125014764664,0.013197746888386637,0.030034232053811904,0.01118125014764664,0.013197746888386637,0.030034232053811904,0.01118125014764664,0.021996244813977727,0.042906045791159864,71806.34018353054
35450,"Cantlay, Patrick",0.1968,1.066,0.045000000000000005,-0.0005999999999999866,1.3082,0.3068125,0.6060625,0.048375,0.23843750000000002,0.9614375,1.2632,0.9130624999999999,0.85,0.15000000000000002,16,1,56.0,56.0,0,0,0,1.0,0,0,1,1,526.5700534759359,481.6098974488177,0.0,26.0,160.44897959183675,124.0,0.0,0.5,0.0,0,0.5,4.0,3.5,71.0,65.0,58.0,20.0,71.0,50.0,0.15757624999999997,0.0,0.045653125,0.04768750000000001,0.250916875,0.029388030581961423,0.09235805124626487,0.1420194571456243,0.029388030581961423,0.09235805124626487,0.1420194571456243,0.029388030581961423,0.13194007320894982,0.2840389142912486,148860.60580029222
59440,"Castillo, Ricky",0.013400000000000013,0.014599999999999991,0.47779999999999995,0.6816,0.5058,0.2865,0.34966666666666657,0.12650000000000003,0.12375000000000001,0.7628333333333334,0.02800000000000008,0.6363333333333333,0.85,0.15000000000000002,12,1,15.0,15.0,0,0,0,1.0,0,0,1,1,526.5700534759359,481.6098974488177,0.0,161.0,160.44897959183675,124.0,0.0,0.5,0.0,0,0.5,4.0,3.5,71.0,65.0,58.0,20.0,71.0,50.0,0.09091333333333329,0.0,0.03181666666666667,0.02475,0.14747999999999994,0.012742164897985972,0.04043562879959293,0.09312530321405647,0.012742164897985972,0.04043562879959293,0.09312530321405647,0.012742164897985972,0.06220865969168143,0.15520883869009414,103135.88269341129
59006,"Chatfield, Davis",0.165,0.264,0.102,0.218,0.488,0.165,0.264,0.102,0.218,0.488,0.0,0.0,0.2,0.8,0,0,40.0,40.0,0,0,0,0.5,0,0,0,0,526.5700534759359,481.6098974488177,,223.0,160.44897959183675,124.0,0.0,0.5,0.0,0,0.5,4.0,3.5,71.0,65.0,58.0,20.0,71.0,50.0,0.0,0.0,0.0,0.0,0.0,0.008284144571556816,0.025092779047077157,0.06620080090413806,0.008284144571556816,0.025092779047077157,0.06620080090413806,0.008284144571556816,0.041821298411795264,0.09457257272019724,85172.32355965316
66743,"Clanton, Luke",0.2544,0.33260000000000006,-0.25880000000000003,-0.3834,0.32799999999999996,0.33120000000000005,0.1989,-0.21280000000000002,-0.030099999999999988,0.3172,0.5868,0.53,0.85,0.15000000000000002,10,1,15.0,15.0,0,0,0,1.0,0,0,1,1,526.5700534759359,481.6098974488177,0.0,186.0,160.44897959183675,124.0,0.0,0.5,0.0,0,0.5,4.0,3.5,71.0,65.0,58.0,20.0,71.0,50.0,0.051713999999999996,-0.0,0.0265,-0.006019999999999998,0.072194,0.007968562102294538,0.03461246057896472,0.062402735620707056,0.007968562102294538,0.03461246057896472,0.062402735620707056,0.007968562102294538,0.05324993935225341,0.1040045593678451,85010.67066108479
51766,"Clark, Wyndham",0.14519999999999997,0.03539999999999999,0.47800000000000004,0.1024,0.6588,0.1328,-0.271,0.2155333333333333,0.18393333333333334,0.07733333333333335,0.18080000000000002,-0.13819999999999996,0.85,0.15000000000000002,15,3,41.666666666666664,32.0,0,0,0,1.0,0,0,1,1,526.5700534759359,481.6098974488177,0.0,49.0,160.44897959183675,124.0,0.0,0.5,0.0,0,0.5,4.0,3.5,71.0,65.0,58.0,20.0,71.0,50.0,-0.07046,0.0,-0.006909999999999998,0.03678666666666667,-0.040583333333333325,0.017307796836005623,0.04474708107278655,0.08244093045288427,0.017307796836005623,0.04474708107278655,0.08244093045288427,0.017307796836005623,0.06884166318890238,0.13740155075480712,104414.73611282365
47591,"Cole, Eric",-0.4246,0.8766,-0.029400000000000003,0.8268000000000001,0.42300000000000004,-0.40435,0.3965,0.12999999999999998,0.23165,0.12224999999999998,0.4524,-0.007750000000000007,0.85,0.15000000000000002,20,1,68.0,68.0,0,0,0,1.0,0,0,1,1,526.5700534759359,481.6098974488177,0.0,113.0,160.44897959183675,124.0,0.0,0.5,0.0,0,0.5,4.0,3.5,71.0,65.0,58.0,20.0,71.0,50.0,0.10309,0.0,-0.00038750000000000037,0.046329999999999996,0.1490325,0.011700810712857888,0.02466654815371863,0.06297765049527095,0.011700810712857888,0.02466654815371863,0.06297765049527095,0.011700810712857888,0.041110913589531055,0.10496275082545158,87375.73548462457
59836,"Coody, Pierceson",0.8772,0.46440000000000003,0.35120000000000007,-0.12819999999999995,1.6931999999999998,0.9302857142857143,0.292,0.19057142857142859,-0.08657142857142855,1.4131428571428573,1.3419999999999996,1.2225714285714284,0.85,0.15000000000000002,7,0,40.0,40.0,0,0,0,0.5,0,0,0,0,526.5700534759359,481.6098974488177,,86.0,160.44897959183675,124.0,0.0,0.5,0.0,0,0.5,4.0,3.5,71.0,65.0,58.0,20.0,71.0,50.0,0.07591999999999999,0.0,0.06112857142857142,-0.01731428571428571,0.1197342857142857,0.01775663252822551,0.06276078929844732,0.10581224143354724,0.01775663252822551,0.06276078929844732,0.10581224143354724,0.01775663252822551,0.09655506045914972,0.17635373572257873,117273.8609224374
34076,"Dahmen, Joel",0.33659999999999995,0.3106,0.1736,0.4488,0.8206,0.367625,0.51525,0.05812499999999999,0.166875,0.940875,0.647,0.88275,0.85,0.15000000000000002,8,2,32.0,9.0,0,0,1,1.0,0,0,1,1,526.5700534759359,481.6098974488177,0.0,210.0,160.44897959183675,124.0,0.0,0.5,0.0,0,0.5,4.0,3.5,71.0,65.0,58.0,20.0,71.0,50.0,0.133965,0.0,0.0441375,0.033375,0.21147749999999998,0.013825110759453429,0.04724555731776734,0.11403399193807408,0.013825110759453429,0.04724555731776734,0.11403399193807408,0.013825110759453429,0.07268547279656513,0.19005665323012347,113718.37763143536
45157,"Davis, Cam",-0.312,-0.33199999999999996,-0.2008,0.2272,-0.845,-0.407,0.023454545454545433,0.16199999999999998,0.5074545454545454,-0.22154545454545457,-0.6442,-0.3835454545454546,0.85,0.15000000000000002,11,3,41.333333333333336,32.0,0,0,0,1.0,0,0,1,1,526.5700534759359,481.6098974488177,0.0,148.0,160.44897959183675,124.0,0.0,0.5,0.0,0,0.5,4.0,3.5,71.0,65.0,58.0,20.0,71.0,50.0,0.006098181818181812,0.0,-0.01917727272727273,0.10149090909090908,0.08841181818181816,0.011246451402512425,0.019398597162810283,0.057000517496317404,0.011246451402512425,0.019398597162810283,0.057000517496317404,0.011246451402512425,0.03233099527135047,0.08142931070902487,83618.25287697159
28089,"Day, Jason",0.29999999999999993,-0.3146,0.5774000000000001,0.36920000000000003,0.5631999999999999,0.16299999999999998,0.01392307692307693,0.3649230769230769,0.0917692307692308,0.542,-0.014200000000000212,0.17707692307692308,0.85,0.15000000000000002,13,4,14.5,3.0,0,1,2,1.0,0,0,1,1,526.5700534759359,481.6098974488177,0.0,33.0,160.44897959183675,124.0,0.0,0.5,0.0,0,0.5,4.0,3.5,71.0,65.0,58.0,20.0,71.0,50.0,0.0036200000000000017,0.0,0.008853846153846153,0.018353846153846158,0.030827692307692313,0.021795870422728746,0.07828444870463258,0.10664572658154065,0.021795870422728746,0.07828444870463258,0.10664572658154065,0.021795870422728746,0.1118349267209037,0.2132914531630813,124521.7210104373
37338,"Dou, Zecheng",0.165,0.264,0.102,0.218,0.488,0.165,0.264,0.102,0.218,0.488,0.0,0.0,0.2,0.8,0,1,62.0,62.0,0,0,0,1.0,0,0,1,1,526.5700534759359,481.6098974488177,0.0,218.0,160.44897959183675,124.0,0.0,0.5,0.0,0,0.5,4.0,3.5,71.0,65.0,58.0,20.0,71.0,50.0,0.0,0.0,0.0,0.0,0.0,0.008284144571556816,0.02494752787360268,0.06655299403781748,0.008284144571556816,0.02494752787360268,0.06655299403781748,0.008284144571556816,0.041579213122671134,0.09507570576831069,85286.07819870838
50497,"Dumont de Chassart, Adrien",0.165,0.264,0.102,0.218,0.488,0.165,0.264,0.102,0.218,0.488,0.0,0.0,0.2,0.8,0,1,75.0,75.0,0,0,0,1.0,0,0,1,1,526.5700534759359,481.6098974488177,0.0,152.0,160.44897959183675,124.0,0.0,0.5,0.0,0,0.5,4.0,3.5,71.0,65.0,58.0,20.0,71.0,50.0,0.0,0.0,0.0,0.0,0.0,0.010735410919759915,0.027093674480225597,0.06085431147905662,0.010735410919759915,0.027093674480225597,0.06085431147905662,0.010735410919759915,0.04515612413370933,0.10142385246509437,85958.04919802508
57362,"Eckroat, Austin",-0.052000000000000025,0.8817999999999999,-0.33999999999999997,0.2088,0.4902,0.17080000000000004,0.4637333333333333,-0.37999999999999995,0.057333333333333354,0.25466666666666665,0.8302,0.6346666666666667,0.85,0.15000000000000002,15,1,37.0,37.0,0,0,0,1.0,0,0,1,1,526.5700534759359,481.6098974488177,0.0,140.0,160.44897959183675,124.0,0.0,0.5,0.0,0,0.5,4.0,3.5,71.0,65.0,58.0,20.0,71.0,50.0,0.12057066666666665,-0.0,0.031733333333333336,0.011466666666666672,0.16377066666666668,0.010306160556129335,0.03638238783332298,0.0698579332809555,0.010306160556129335,0.03638238783332298,0.0698579332809555,0.010306160556129335,0.05597290435895843,0.11642988880159251,90697.40531263818
34099,"English, Harris",0.43019999999999997,-0.1302,0.08039999999999999,0.4126,0.38079999999999997,0.28431578947368424,-0.05468421052631581,0.05494736842105262,0.5164210526315789,0.28468421052631576,0.3004,0.22973684210526313,0.85,0.15000000000000002,19,3,45.333333333333336,1.0,1,1,1,1.0,0,1,1,1,526.5700534759359,481.6098974488177,1.0,11.0,160.44897959183675,124.0,0.0,0.5,0.0,0,0.5,4.0,3.5,71.0,65.0,58.0,20.0,71.0,50.0,-0.01421789473684211,0.0,0.011486842105263156,0.10328421052631578,0.10055315789473683,0.03968463449724424,0.09458383105236573,0.11347281071871322,0.03968463449724424,0.09458383105236573,0.11347281071871322,0.03968463449724424,0.13511975864623677,0.22694562143742644,148672.29246709438
50286,"Ewart, A.J.",0.165,0.264,0.102,0.218,0.488,0.165,0.264,0.102,0.218,0.488,0.0,0.0,0.2,0.8,0,0,40.0,40.0,0,0,0,0.5,0,0,0,0,526.5700534759359,481.6098974488177,,452.0,160.44897959183675,124.0,0.0,0.5,0.0,0,0.5,4.0,3.5,71.0,65.0,58.0,20.0,71.0,50.0,0.0,0.0,0.0,0.0,0.0,0.008284144571556816,0.024053079577717254,0.060898508525516794,0.008284144571556816,0.024053079577717254,0.060898508525516794,0.008284144571556816,0.04008846596286209,0.08699786932216685,82894.56586161707
29725,"Finau, Tony",-0.2638,-0.122,0.32199999999999995,-0.5726,-0.06380000000000001,-0.13435714285714284,0.04885714285714286,0.24699999999999997,0.018357142857142843,0.16142857142857142,-0.3858,-0.08557142857142853,0.85,0.15000000000000002,14,4,5.75,2.0,0,1,4,1.0,0,0,1,1,526.5700534759359,481.6098974488177,0.0,107.0,160.44897959183675,124.0,0.0,0.5,0.0,0,0.5,4.0,3.5,71.0,65.0,58.0,20.0,71.0,50.0,0.012702857142857144,0.0,-0.004278571428571427,0.0036714285714285685,0.012095714285714286,0.01819694031248036,0.04558491253758223,0.07113440470301614,0.01819694031248036,0.04558491253758223,0.07113440470301614,0.01819694031248036,0.07013063467320342,0.11855734117169359,101017.15014782024
54576,"Fishburn, Patrick",0.19539999999999996,0.166,0.1842,0.8301999999999999,0.5456000000000001,0.27075,0.3649166666666666,0.12641666666666665,0.5963333333333334,0.76225,0.36140000000000005,0.6358333333333334,0.85,0.15000000000000002,12,0,40.0,40.0,0,0,0,0.5,0,0,0,0,526.5700534759359,481.6098974488177,,139.0,160.44897959183675,124.0,0.0,0.5,0.0,0,0.5,4.0,3.5,71.0,65.0,58.0,20.0,71.0,50.0,0.09487833333333331,0.0,0.03179166666666667,0.11926666666666669,0.24593666666666666,0.018246372815975354,0.04914861471584527,0.10172355992508421,0.018246372815975354,0.04914861471584527,0.10172355992508421,0.018246372815975354,0.07561325340899272,0.169539266541807,113782.59975834406
57123,"Fisk, Steven",0.2024,0.5596,0.383,-0.1978,1.1451999999999998,0.40175,0.4423333333333333,0.23483333333333334,-0.3194166666666667,1.0791666666666668,0.7621999999999998,0.8443333333333335,0.85,0.15000000000000002,12,1,63.0,63.0,0,0,0,1.0,0,0,1,1,526.5700534759359,481.6098974488177,0.0,110.0,160.44897959183675,124.0,0.0,0.5,0.0,0,0.5,4.0,3.5,71.0,65.0,58.0,20.0,71.0,50.0,0.11500666666666666,0.0,0.04221666666666668,-0.06388333333333333,0.09333999999999999,0.011868103575972754,0.03266641357410556,0.08452059533793513,0.011868103575972754,0.03266641357410556,0.08452059533793513,0.011868103575972754,0.05025602088323932,0.14086765889655856,97465.43474713297
65256,"Ford, David",0.965,-0.24233333333333337,-0.305,0.014333333333333345,0.4183333333333333,0.965,-0.24233333333333337,-0.305,0.01433333333333334,0.4183333333333333,0.7233333333333333,0.7233333333333333,0.65,0.35,3,0,40.0,40.0,0,0,0,0.5,0,0,0,0,526.5700534759359,481.6098974488177,,312.0,160.44897959183675,124.0,0.0,0.5,0.0,0,0.5,4.0,3.5,71.0,65.0,58.0,20.0,71.0,50.0,-0.06300666666666667,-0.0,0.036166666666666666,0.002866666666666668,-0.023973333333333336,0.010241881675224605,0.029348902197519046,0.06429662706855589,0.010241881675224605,0.029348902197519046,0.06429662706855589,0.010241881675224605,0.04891483699586508,0.09185232438365128,87200.53319925799
29535,"Garnett, Brice",0.1384,-0.3768000000000001,-0.11540000000000002,0.6916,-0.3536,0.1628181818181818,-0.3855454545454545,0.2202727272727273,0.4945454545454545,-0.002363636363636333,-0.23820000000000002,-0.22263636363636363,0.85,0.15000000000000002,11,0,40.0,40.0,0,0,0,0.5,0,0,0,0,526.5700534759359,481.6098974488177,,313.0,160.44897959183675,124.0,0.0,0.5,0.0,0,0.5,4.0,3.5,71.0,65.0,58.0,20.0,71.0,50.0,-0.10024181818181818,0.0,-0.011131818181818184,0.0989090909090909,-0.012464545454545464,0.01033612657003847,0.021009266402151543,0.05395812212514752,0.01033612657003847,0.021009266402151543,0.05395812212514752,0.01033612657003847,0.03501544400358591,0.07708303160735361,81751.56488311038
49893,"Geddes, Mark",0.165,0.264,0.102,0.218,0.488,0.165,0.264,0.102,0.218,0.488,0.0,0.0,0.2,0.8,0,0,40.0,40.0,0,0,0,0.5,0,0,0,0,526.5700534759359,481.6098974488177,,500.0,160.44897959183675,124.0,0.0,0.5,0.0,0,0.5,4.0,3.5,71.0,65.0,58.0,20.0,71.0,50.0,0.0,0.0,0.0,0.0,0.0,0.008284144571556816,0.024053079577717254,0.060898508525516794,0.008284144571556816,0.024053079577717254,0.060898508525516794,0.008284144571556816,0.04008846596286209,0.08699786932216685,82894.56586161707
59018,"Gerard, Ryan",0.12200000000000003,0.6799999999999999,-0.035599999999999986,-0.2968,0.7666000000000001,0.11061904761904764,0.4643333333333333,0.01804761904761906,-0.18323809523809523,0.5929523809523809,0.8022,0.5749047619047618,0.85,0.15000000000000002,21,1,15.0,15.0,0,0,0,1.0,0,0,1,1,526.5700534759359,481.6098974488177,0.0,24.0,160.44897959183675,124.0,0.0,0.5,0.0,0,0.5,4.0,3.5,71.0,65.0,58.0,20.0,71.0,50.0,0.12072666666666665,0.0,0.02874523809523809,-0.03664761904761905,0.11282428571428571,0.01860751998968974,0.07207780069589038,0.10328037025358441,0.01860751998968974,0.07207780069589038,0.10328037025358441,0.01860751998968974,0.10296828670841483,0.20656074050716883,118789.80926964381
52375,"Ghim, Doug",0.4252000000000001,0.1648,0.011999999999999988,0.17499999999999996,0.6024,0.38199999999999995,0.65675,0.09781250000000001,-0.6276875,1.1369375,0.5904,1.0391249999999999,0.85,0.15000000000000002,16,3,28.0,13.0,0,0,0,1.0,0,0,1,1,526.5700534759359,481.6098974488177,0.0,153.0,160.44897959183675,124.0,0.0,0.5,0.0,0,0.5,4.0,3.5,71.0,65.0,58.0,20.0,71.0,50.0,0.17075499999999996,0.0,0.051956249999999995,-0.1255375,0.09717374999999998,0.015193520600653987,0.034069453244360816,0.09098544339893751,0.015193520600653987,0.034069453244360816,0.09098544339893751,0.015193520600653987,0.05241454345286279,0.15164240566489584,103723.42076779695
59567,"Gonzalez, Emilio",0.165,0.264,0.102,0.218,0.488,0.165,0.264,0.102,0.218,0.488,0.0,0.0,0.2,0.8,0,0,40.0,40.0,0,0,0,0.5,0,0,0,0,526.5700534759359,481.6098974488177,,158.0,160.44897959183675,124.0,0.0,0.5,0.0,0,0.5,4.0,3.5,71.0,65.0,58.0,20.0,71.0,50.0,0.0,0.0,0.0,0.0,0.0,0.008312413122793565,0.027112035148755317,0.06055243165018855,0.008312413122793565,0.027112035148755317,0.06055243165018855,0.008312413122793565,0.04518672524792553,0.10092071941698093,83323.00432136068
59095,"Gotterup, Chris",0.8864000000000001,0.0796,0.3736,0.7292,1.3397999999999999,0.6857142857142857,0.06349999999999999,0.20835714285714285,0.07007142857142858,0.9576428571428572,0.9662,0.7492857142857143,0.85,0.15000000000000002,14,2,37.5,25.0,0,0,0,1.0,0,0,1,1,526.5700534759359,481.6098974488177,0.0,17.0,160.44897959183675,124.0,0.0,0.5,0.0,0,0.5,4.0,3.5,71.0,65.0,58.0,20.0,71.0,50.0,0.016509999999999997,0.0,0.037464285714285714,0.014014285714285715,0.06798857142857143,0.019480134583539956,0.09603553113020669,0.13310055709255383,0.019480134583539956,0.09603553113020669,0.13310055709255383,0.019480134583539956,0.13719361590029527,0.26620111418510767,135679.4992108685
51977,"Greyserman, Max",0.1202,-0.2304,0.0508,0.7628,-0.05940000000000001,0.09156249999999998,0.22106250000000008,0.13443750000000002,0.5010625000000001,0.447125,-0.1102,0.3126875,0.85,0.15000000000000002,16,1,48.0,48.0,0,0,0,1.0,0,0,1,1,526.5700534759359,481.6098974488177,0.0,36.0,160.44897959183675,124.0,0.0,0.5,0.0,0,0.5,4.0,3.5,71.0,65.0,58.0,20.0,71.0,50.0,0.05747625000000002,0.0,0.015634375000000002,0.10021250000000002,0.17332312500000005,0.016702213465386348,0.06399638622445898,0.10092919259171651,0.016702213465386348,0.06399638622445898,0.10092919259171651,0.016702213465386348,0.09845597880685997,0.20185838518343302,114464.18674719098
35310,"Griffin, Lanto",-0.2986,0.7353999999999999,0.29400000000000004,0.22620000000000004,0.7312000000000001,-0.06522222222222222,0.721888888888889,0.030333333333333313,0.25288888888888894,0.687111111111111,0.43720000000000003,0.6567777777777777,0.85,0.15000000000000002,9,5,29.4,7.0,0,0,2,1.0,0,0,1,1,526.5700534759359,481.6098974488177,0.0,189.0,160.44897959183675,124.0,0.0,0.5,0.0,0,0.5,4.0,3.5,71.0,65.0,58.0,20.0,71.0,50.0,0.18769111111111114,0.0,0.03283888888888888,0.05057777777777779,0.27110777777777784,0.015001271673177496,0.04544318002473963,0.11070507882627283,0.015001271673177496,0.04544318002473963,0.11070507882627283,0.015001271673177496,0.06991258465344558,0.1845084647104547,113309.70270467439
31646,"Grillo, Emiliano",0.08979999999999999,0.3782,-0.06479999999999998,0.1492,0.4034000000000001,0.3165882352941176,0.3394117647058823,-0.2355294117647059,0.3504705882352942,0.42070588235294126,0.46820000000000006,0.6562352941176471,0.85,0.15000000000000002,17,2,32.0,20.0,0,0,0,1.0,0,0,1,1,526.5700534759359,481.6098974488177,0.0,104.0,160.44897959183675,124.0,0.0,0.5,0.0,0,0.5,4.0,3.5,71.0,65.0,58.0,20.0,71.0,50.0,0.0882470588235294,-0.0,0.03281176470588236,0.07009411764705883,0.19115294117647058,0.01093048718664296,0.04389436319986347,0.08365467077854047,0.01093048718664296,0.04389436319986347,0.08365467077854047,0.01093048718664296,0.06752978953825149,0.13942445129756745,98115.22513337182
66248,"Hastings, Justin",-0.3526666666666667,0.21933333333333335,0.314,0.8656666666666667,0.18066666666666664,-0.3526666666666667,0.21933333333333332,0.314,0.8656666666666668,0.18066666666666664,-0.13333333333333336,-0.13333333333333336,0.65,0.35,3,0,40.0,40.0,0,0,0,0.5,0,0,0,0,526.5700534759359,481.6098974488177,,380.0,160.44897959183675,124.0,0.0,0.5,0.0,0,0.5,4.0,3.5,71.0,65.0,58.0,20.0,71.0,50.0,0.057026666666666656,0.0,-0.006666666666666669,0.17313333333333336,0.22349333333333335,0.014624723795469112,0.025864695295484033,0.06013389618542304,0.014624723795469112,0.025864695295484033,0.06013389618542304,0.014624723795469112,0.04310782549247339,0.1002231603090384,89501.36986044617
54421,"Higgo, Garrick",0.1778,0.1358,-0.1,0.7404,0.2136,0.1888571428571429,-0.17342857142857146,0.07071428571428572,0.844142857142857,0.08614285714285716,0.3136,0.015428571428571443,0.85,0.15000000000000002,7,2,47.5,42.0,0,0,0,1.0,0,0,1,1,526.5700534759359,481.6098974488177,0.0,64.0,160.44897959183675,124.0,0.0,0.5,0.0,0,0.5,4.0,3.5,71.0,65.0,58.0,20.0,71.0,50.0,-0.045091428571428574,0.0,0.0007714285714285721,0.1688285714285714,0.12450857142857141,0.012516483847679916,0.05099656357698191,0.08767339120414173,0.012516483847679916,0.05099656357698191,0.08767339120414173,0.012516483847679916,0.07845625165689524,0.14612231867356956,102596.43240909616
60067,"Highsmith, Joe",-0.11019999999999999,0.0712,-0.11560000000000001,0.4756,-0.15400000000000005,-0.08872727272727272,-0.12927272727272723,-0.011545454545454538,0.09190909090909093,-0.22936363636363633,-0.038400000000000045,-0.2178181818181818,0.85,0.15000000000000002,11,1,33.0,33.0,0,0,0,1.0,0,0,1,1,526.5700534759359,481.6098974488177,0.0,120.0,160.44897959183675,124.0,0.0,0.5,0.0,0,0.5,4.0,3.5,71.0,65.0,58.0,20.0,71.0,50.0,-0.03361090909090908,-0.0,-0.010890909090909092,0.018381818181818187,-0.026119999999999984,0.010441256267919861,0.017795595557924114,0.044694455478250864,0.010441256267919861,0.017795595557924114,0.044694455478250864,0.010441256267919861,0.029659325929873526,0.06384922211178695,77636.62792639999
49120,"Hirata, Kensei",0.39,0.493,-0.063,0.356,0.82,0.38999999999999996,0.493,-0.063,0.356,0.82,0.883,0.883,0.3,0.7,1,0,40.0,40.0,0,0,0,0.5,0,0,0,0,526.5700534759359,481.6098974488177,,155.0,160.44897959183675,124.0,0.0,0.5,0.0,0,0.5,4.0,3.5,71.0,65.0,58.0,20.0,71.0,50.0,0.12818,-0.0,0.04415000000000001,0.0712,0.24352999999999997,0.012935791510820093,0.05105741157998968,0.1045098097918879,0.012935791510820093,0.05105741157998968,0.1045098097918879,0.012935791510820093,0.07854986396921489,0.17418301631981317,109697.29466995964
51287,"Hisatsune, Ryo",0.26199999999999996,0.776,0.21260000000000004,0.12999999999999998,1.2506000000000002,0.08213333333333334,0.5244666666666667,0.2732,0.015466666666666663,0.8795999999999999,1.038,0.6063999999999999,0.85,0.15000000000000002,15,1,33.0,33.0,0,0,0,1.0,0,0,1,1,526.5700534759359,481.6098974488177,0.0,135.0,160.44897959183675,124.0,0.0,0.5,0.0,0,0.5,4.0,3.5,71.0,65.0,58.0,20.0,71.0,50.0,0.13636133333333333,0.0,0.03032,0.003093333333333333,0.16977466666666668,0.00975863978756292,0.0385424138503938,0.08218872456239455,0.00975863978756292,0.0385424138503938,0.08218872456239455,0.00975863978756292,0.059296021308298155,0.13698120760399093,95380.09345874052
54628,"Hodges, Lee",0.0816,0.6116,0.229,0.4497999999999999,0.9224,0.06853846153846153,0.48776923076923073,0.15853846153846154,0.4108461538461538,0.7148461538461539,0.6934,0.5563076923076924,0.85,0.15000000000000002,13,1,9.0,9.0,0,0,1,1.0,0,0,1,1,526.5700534759359,481.6098974488177,0.0,129.0,160.44897959183675,124.0,0.0,0.5,0.0,0,0.5,4.0,3.5,71.0,65.0,58.0,20.0,71.0,50.0,0.12682,0.0,0.02781538461538462,0.08216923076923077,0.2368046153846154,0.014820714768520349,0.04819471107831751,0.11519000722712303,0.014820714768520349,0.04819471107831751,0.11519000722712303,0.014820714768520349,0.07414570935125771,0.1919833453785384,115376.56315991073
51696,"Hoey, Rico",0.5753999999999999,1.3154,-0.005000000000000016,-0.5238,1.8857999999999997,0.7023125,0.7755,0.029312499999999974,-0.862625,1.507125,1.8907999999999998,1.4778125,0.85,0.15000000000000002,16,0,40.0,40.0,0,0,0,0.5,0,0,0,0,526.5700534759359,481.6098974488177,,73.0,160.44897959183675,124.0,0.0,0.5,0.0,0,0.5,4.0,3.5,71.0,65.0,58.0,20.0,71.0,50.0,0.20162999999999998,0.0,0.073890625,-0.172525,0.10299562499999995,0.01477789039242537,0.05837523114887489,0.11085969959656283,0.01477789039242537,0.05837523114887489,0.11085969959656283,0.01477789039242537,0.08980804792134599,0.1847661659942714,115403.86813280024
12716,"Hoffman, Charley",0.30899999999999994,0.372,-0.0874,-0.8148,0.5934,0.49685714285714283,0.36814285714285716,0.11657142857142858,-0.8227142857142857,0.9814285714285713,0.6808000000000001,0.8648571428571428,0.85,0.15000000000000002,7,3,30.0,9.0,0,0,1,1.0,0,0,1,1,526.5700534759359,481.6098974488177,0.0,291.0,160.44897959183675,124.0,0.0,0.5,0.0,0,0.5,4.0,3.5,71.0,65.0,58.0,20.0,71.0,50.0,0.09571714285714286,0.0,0.04324285714285714,-0.16454285714285716,-0.025582857142857157,0.012203844349290132,0.028991300133403727,0.08281508513151146,0.012203844349290132,0.028991300133403727,0.08281508513151146,0.012203844349290132,0.04831883355567288,0.13802514188585244,96496.63637398763
35532,"Hoge, Tom",-0.7238,0.023399999999999997,0.35459999999999997,0.187,-0.34540000000000004,-0.574125,0.3970625,0.022812500000000013,0.3024375,-0.15443749999999992,-0.7,-0.17724999999999996,0.85,0.15000000000000002,16,2,30.5,5.0,0,1,1,1.0,0,0,1,1,526.5700534759359,481.6098974488177,0.0,89.0,160.44897959183675,124.0,0.0,0.5,0.0,0,0.5,4.0,3.5,71.0,65.0,58.0,20.0,71.0,50.0,0.10323625,0.0,-0.008862499999999999,0.0604875,0.15486125,0.01690755378623534,0.03995517078982713,0.0755608783545666,0.01690755378623534,0.03995517078982713,0.0755608783545666,0.01690755378623534,0.06146949352281097,0.125934797257611,100440.03734691473
52453,"Højgaard, Nicolai",0.3914,0.8347999999999999,-0.06600000000000003,0.395,1.1602000000000001,0.17400000000000002,0.9016249999999999,-0.239875,0.39737500000000003,0.83575,1.2262000000000002,1.075625,0.85,0.15000000000000002,8,1,2.0,2.0,0,1,1,1.0,0,0,1,1,526.5700534759359,481.6098974488177,0.0,70.0,160.44897959183675,124.0,0.0,0.5,0.0,0,0.5,4.0,3.5,71.0,65.0,58.0,20.0,71.0,50.0,0.23442249999999998,-0.0,0.05378125,0.07947500000000002,0.36767875,0.0411315358254639,0.09058073902909505,0.11088246427225583,0.0411315358254639,0.09058073902909505,0.11088246427225583,0.0411315358254639,0.1294010557558501,0.22176492854451166,148451.48965765303
52686,"Højgaard, Rasmus",0.6204000000000001,-0.1902,0.1018,0.3158,0.5317999999999999,0.338,0.18763636363636363,0.08363636363636365,0.25272727272727274,0.6092727272727273,0.42999999999999994,0.5256363636363637,0.85,0.15000000000000002,11,0,40.0,40.0,0,0,0,0.5,0,0,0,0,526.5700534759359,481.6098974488177,,43.0,160.44897959183675,124.0,0.0,0.5,0.0,0,0.5,4.0,3.5,71.0,65.0,58.0,20.0,71.0,50.0,0.04878545454545454,0.0,0.026281818181818184,0.050545454545454546,0.12561272727272726,0.01897350663596915,0.07387018855195855,0.10794901715974956,0.01897350663596915,0.07387018855195855,0.10794901715974956,0.01897350663596915,0.10552884078851223,0.2158980343194991,121329.45663710513
39977,"Homa, Max",0.17639999999999997,0.3376,0.24380000000000002,0.46340000000000003,0.7576,-0.000916666666666661,0.030833333333333365,-0.022250000000000013,0.2870833333333333,0.007416666666666667,0.5138,0.029666666666666675,0.85,0.15000000000000002,12,4,10.25,1.0,1,1,2,1.0,0,1,1,1,526.5700534759359,481.6098974488177,1.0,144.0,160.44897959183675,124.0,0.0,0.5,0.0,0,0.5,4.0,3.5,71.0,65.0,58.0,20.0,71.0,50.0,0.008016666666666674,-0.0,0.001483333333333334,0.05741666666666666,0.06691666666666667,0.02480235387609842,0.04540348961485936,0.07284406429018776,0.02480235387609842,0.04540348961485936,0.07284406429018776,0.02480235387609842,0.06985152248439902,0.1214067738169796,108528.07077598709
29420,"Horschel, Billy",0.14700000000000002,-0.12480000000000002,0.3364,0.43439999999999995,0.3588,0.11675,0.08662499999999995,0.32775,0.52025,0.531125,0.02240000000000003,0.20337499999999997,0.85,0.15000000000000002,8,2,39.5,11.0,0,0,0,1.0,0,0,1,1,526.5700534759359,481.6098974488177,0.0,58.0,160.44897959183675,124.0,0.0,0.5,0.0,0,0.5,4.0,3.5,71.0,65.0,58.0,20.0,71.0,50.0,0.022522499999999987,0.0,0.01016875,0.10404999999999999,0.13674124999999998,0.013899922207247834,0.06373439766362808,0.11067277818068114,0.013899922207247834,0.06373439766362808,0.11067277818068114,0.013899922207247834,0.09805291948250475,0.18445463030113524,115356.00956250424
35461,"Hossler, Beau",-0.06160000000000001,-0.7092,0.42700000000000005,0.41580000000000006,-0.3438,-0.29727777777777775,-0.3031111111111111,0.4804999999999999,0.5120555555555555,-0.1198888888888889,-0.7708,-0.6003888888888889,0.85,0.15000000000000002,18,3,10.0,6.0,0,0,2,1.0,0,0,1,1,526.5700534759359,481.6098974488177,0.0,143.0,160.44897959183675,124.0,0.0,0.5,0.0,0,0.5,4.0,3.5,71.0,65.0,58.0,20.0,71.0,50.0,-0.07880888888888889,0.0,-0.030019444444444442,0.1024111111111111,-0.006417222222222227,0.013075228238308347,0.02945072326012505,0.06508358531668623,0.013075228238308347,0.02945072326012505,0.06508358531668623,0.013075228238308347,0.04908453876687509,0.09297655045240891,90474.94716045947
36801,"Hubbard, Mark",0.029600000000000015,0.2876,-0.08099999999999999,0.2632,0.2364,-0.03494117647058824,0.44505882352941173,-0.03500000000000002,0.2916470588235294,0.3750588235294118,0.3174,0.4100588235294118,0.85,0.15000000000000002,17,2,44.0,20.0,0,0,0,1.0,0,0,1,1,526.5700534759359,481.6098974488177,0.0,127.0,160.44897959183675,124.0,0.0,0.5,0.0,0,0.5,4.0,3.5,71.0,65.0,58.0,20.0,71.0,50.0,0.11571529411764704,-0.0,0.020502941176470592,0.05832941176470589,0.19454764705882352,0.009845867004471607,0.038067146776150584,0.07431374291740568,0.009845867004471607,0.038067146776150584,0.07431374291740568,0.009845867004471607,0.058564841194077816,0.12385623819567615,92275.07854506551
35506,"Hughes, Mackenzie",0.0718,0.0412,0.5252000000000001,0.7096,0.6388,-0.09511764705882353,-0.07052941176470588,0.32635294117647057,0.19647058823529412,0.16082352941176464,0.11359999999999992,-0.1655294117647059,0.85,0.15000000000000002,17,1,64.0,64.0,0,0,0,1.0,0,0,1,1,526.5700534759359,481.6098974488177,0.0,99.0,160.44897959183675,124.0,0.0,0.5,0.0,0,0.5,4.0,3.5,71.0,65.0,58.0,20.0,71.0,50.0,-0.018337647058823528,0.0,-0.008276470588235295,0.03929411764705883,0.012680000000000004,0.010709788030709117,0.028846456552627516,0.061186257683472585,0.010709788030709117,0.028846456552627516,0.061186257683472585,0.010709788030709117,0.04807742758771253,0.10197709613912098,86369.63873489009
36799,"Jaeger, Stephan",-0.17520000000000002,0.3606,0.7605999999999999,0.5504,0.9456,-0.3361176470588236,0.3728823529411765,0.2907058823529412,0.2641764705882353,0.32741176470588235,0.18500000000000005,0.036705882352941144,0.85,0.15000000000000002,17,2,28.0,3.0,0,1,1,1.0,0,0,1,1,526.5700534759359,481.6098974488177,0.0,121.0,160.44897959183675,124.0,0.0,0.5,0.0,0,0.5,4.0,3.5,71.0,65.0,58.0,20.0,71.0,50.0,0.09694941176470588,0.0,0.0018352941176470574,0.052835294117647064,0.15162,0.016895185558031378,0.04357974630644119,0.08527229282964628,0.016895185558031378,0.04357974630644119,0.08527229282964628,0.016895185558031378,0.06704576354837105,0.14212048804941046,104900.35074678287
47917,"Kanaya, Takumi",0.11380000000000001,-0.1454,0.413,0.6681999999999999,0.3816,0.096,-0.16514285714285712,0.3565714285714286,0.9304285714285713,0.28757142857142864,-0.031399999999999983,-0.06899999999999996,0.85,0.15000000000000002,7,0,40.0,40.0,0,0,0,0.5,0,0,0,0,526.5700534759359,481.6098974488177,,119.0,160.44897959183675,124.0,0.0,0.5,0.0,0,0.5,4.0,3.5,71.0,65.0,58.0,20.0,71.0,50.0,-0.042937142857142854,0.0,-0.003449999999999998,0.18608571428571424,0.1396985714285714,0.010667141940340207,0.029384521066058097,0.06543964330008074,0.010667141940340207,0.029384521066058097,0.06543964330008074,0.010667141940340207,0.048974201776763496,0.10906607216680124,88100.62964805446
47393,"Kang, Jeffrey",0.165,0.264,0.102,0.218,0.488,0.165,0.264,0.102,0.218,0.488,0.0,0.0,0.2,0.8,0,0,40.0,40.0,0,0,0,0.5,0,0,0,0,526.5700534759359,481.6098974488177,,209.0,160.44897959183675,124.0,0.0,0.5,0.0,0,0.5,4.0,3.5,71.0,65.0,58.0,20.0,71.0,50.0,0.0,0.0,0.0,0.0,0.0,0.008284144571556816,0.025092779047077157,0.06620080090413806,0.008284144571556816,0.025092779047077157,0.06620080090413806,0.008284144571556816,0.041821298411795264,0.09457257272019724,85172.32355965316
63454,"Keefer, Johnny",-0.2105,0.0034999999999999892,-0.3435,0.673,-0.5509999999999999,-0.2105,0.0034999999999999892,-0.3435,0.673,-0.5509999999999999,-0.2074999999999999,-0.2074999999999999,0.5,0.5,2,0,40.0,40.0,0,0,0,0.5,0,0,0,0,526.5700534759359,481.6098974488177,,51.0,160.44897959183675,124.0,0.0,0.5,0.0,0,0.5,4.0,3.5,71.0,65.0,58.0,20.0,71.0,50.0,0.0009099999999999972,-0.0,-0.010374999999999995,0.13460000000000003,0.12513500000000002,0.017107370397970854,0.04181381387907023,0.07645149913890734,0.017107370397970854,0.04181381387907023,0.07645149913890734,0.017107370397970854,0.06432894442933881,0.12741916523151223,101325.3433229681
50188,"Kim, S.H.",0.51,-0.421,-0.09,1.309,-0.001,0.51,-0.42099999999999993,-0.09,1.309,-0.001,0.089,0.089,0.3,0.7,1,2,35.0,20.0,0,0,0,1.0,0,0,1,1,526.5700534759359,481.6098974488177,0.0,146.0,160.44897959183675,124.0,0.0,0.5,0.0,0,0.5,4.0,3.5,71.0,65.0,58.0,20.0,71.0,50.0,-0.10945999999999997,-0.0,0.00445,0.2618,0.15678999999999998,0.010319568372095219,0.03573087910229939,0.06663700441062907,0.010319568372095219,0.03573087910229939,0.06663700441062907,0.010319568372095219,0.05497058323430675,0.11106167401771513,89324.20643744353
37455,"Kim, Si Woo",0.3046,0.6838,0.3598,-0.2492,1.3483999999999998,0.33290000000000003,0.4377000000000001,0.40225,-0.16795,1.1728999999999998,0.9885999999999998,0.7706499999999998,0.85,0.15000000000000002,20,2,18.0,11.0,0,0,0,1.0,0,0,1,1,526.5700534759359,481.6098974488177,0.0,37.0,160.44897959183675,124.0,0.0,0.5,0.0,0,0.5,4.0,3.5,71.0,65.0,58.0,20.0,71.0,50.0,0.11380200000000001,0.0,0.0385325,-0.03359,0.1187445,0.020558370964331253,0.06379620074125847,0.11594329780095293,0.020558370964331253,0.06379620074125847,0.11594329780095293,0.020558370964331253,0.09814800114039764,0.23188659560190586,124372.03682242977
55182,"Kim, Tom",-0.1298,0.04379999999999997,0.39540000000000003,-0.05,0.30920000000000003,-0.12353333333333331,0.25200000000000006,0.27440000000000003,-0.004800000000000006,0.4027333333333333,-0.0862,0.12833333333333324,0.85,0.15000000000000002,15,0,40.0,40.0,0,0,0,0.5,0,0,0,0,526.5700534759359,481.6098974488177,,112.0,160.44897959183675,124.0,0.0,0.5,0.0,0,0.5,4.0,3.5,71.0,65.0,58.0,20.0,71.0,50.0,0.06552000000000001,0.0,0.0064166666666666625,-0.0009600000000000011,0.07097666666666667,0.008592855657003589,0.029131083272970905,0.060424029637454704,0.008592855657003589,0.029131083272970905,0.060424029637454704,0.008592855657003589,0.04855180545495151,0.10070671606242451,83917.4764174512
47420,"Knapp, Jake",0.7757999999999999,0.1162,0.03539999999999999,0.9301999999999999,0.9276,0.22018749999999998,0.19387499999999996,-0.010250000000000002,0.520375,0.40375,0.8922,0.414,0.85,0.15000000000000002,16,2,17.5,3.0,0,1,1,1.0,0,0,1,1,526.5700534759359,481.6098974488177,0.0,96.0,160.44897959183675,124.0,0.0,0.5,0.0,0,0.5,4.0,3.5,71.0,65.0,58.0,20.0,71.0,50.0,0.050407499999999994,-0.0,0.020699999999999996,0.104075,0.1751825,0.01555282805740188,0.06025996804768458,0.09212247279036691,0.01555282805740188,0.06025996804768458,0.09212247279036691,0.01555282805740188,0.09270764315028397,0.15353745465061153,109134.08729733409
36689,"Koepka, Brooks",1.017,0.337,1.002,-0.031,2.356,1.017,0.337,1.0019999999999998,-0.030999999999999996,2.356,1.3539999999999999,1.3539999999999999,0.3,0.7,1,0,40.0,40.0,0,0,0,0.5,0,0,0,0,526.5700534759359,481.6098974488177,,255.0,160.44897959183675,124.0,0.0,0.5,0.0,0,0.5,4.0,3.5,71.0,65.0,58.0,20.0,71.0,50.0,0.08762,0.0,0.0677,-0.006199999999999999,0.14912,0.031832326885412335,0.0734824203454839,0.10865210426279455,0.031832326885412335,0.0734824203454839,0.10865210426279455,0.031832326885412335,0.10497488620783414,0.18108684043799092,134907.44410914526
23108,"Kuchar, Matt",-0.15780000000000002,0.17220000000000002,0.28159999999999996,0.835,0.2964,-0.2192857142857143,0.1850714285714286,0.2552142857142857,0.3251428571428571,0.22121428571428572,0.014800000000000035,-0.034,0.85,0.15000000000000002,14,0,40.0,40.0,0,0,0,0.5,0,0,0,0,526.5700534759359,481.6098974488177,,136.0,160.44897959183675,124.0,0.0,0.5,0.0,0,0.5,4.0,3.5,71.0,65.0,58.0,20.0,71.0,50.0,0.04811857142857144,0.0,-0.0017000000000000001,0.06502857142857142,0.11144714285714286,0.011190840553190688,0.024504438504581037,0.060110499400770914,0.011190840553190688,0.024504438504581037,0.060110499400770914,0.011190840553190688,0.0408407308409684,0.10018416566795153,85683.98422223298
54422,"Lamprecht, Christo",0.165,0.264,0.102,0.218,0.488,0.165,0.264,0.102,0.218,0.488,0.0,0.0,0.2,0.8,0,0,40.0,40.0,0,0,0,0.5,0,0,0,0,526.5700534759359,481.6098974488177,,157.0,160.44897959183675,124.0,0.0,0.5,0.0,0,0.5,4.0,3.5,71.0,65.0,58.0,20.0,71.0,50.0,0.0,0.0,0.0,0.0,0.0,0.008312413122793565,0.027112035148755317,0.06055243165018855,0.008312413122793565,0.027112035148755317,0.06055243165018855,0.008312413122793565,0.04518672524792553,0.10092071941698093,83323.00432136068
49766,"Lebioda, Hank",0.165,0.264,0.102,0.218,0.488,0.165,0.264,0.102,0.218,0.488,0.0,0.0,0.2,0.8,0,1,46.0,46.0,0,0,0,1.0,0,0,1,1,526.5700534759359,481.6098974488177,0.0,200.0,160.44897959183675,124.0,0.0,0.5,0.0,0,0.5,4.0,3.5,71.0,65.0,58.0,20.0,71.0,50.0,0.0,0.0,0.0,0.0,0.0,0.008284144571556816,0.02494752787360268,0.06685051107773958,0.008284144571556816,0.02494752787360268,0.06685051107773958,0.008284144571556816,0.041579213122671134,0.09550073011105656,85403.66645343087
36529,"Lee, S.T.",0.165,0.264,0.102,0.218,0.488,0.165,0.264,0.102,0.218,0.488,0.0,0.0,0.2,0.8,0,0,40.0,40.0,0,0,0,0.5,0,0,0,0,526.5700534759359,481.6098974488177,,257.0,160.44897959183675,124.0,0.0,0.5,0.0,0,0.5,4.0,3.5,71.0,65.0,58.0,20.0,71.0,50.0,0.0,0.0,0.0,0.0,0.0,0.008284144571556816,0.024403411419744152,0.06620080090413806,0.008284144571556816,0.024403411419744152,0.06620080090413806,0.008284144571556816,0.040672352366240255,0.09457257272019724,85051.5684111085
35296,"Li, Haotong",0.165,0.264,0.102,0.218,0.488,0.165,0.264,0.102,0.218,0.488,0.0,0.0,0.2,0.8,0,0,40.0,40.0,0,0,0,0.5,0,0,0,0,526.5700534759359,481.6098974488177,,69.0,160.44897959183675,124.0,0.0,0.5,0.0,0,0.5,4.0,3.5,71.0,65.0,58.0,20.0,71.0,50.0,0.0,0.0,0.0,0.0,0.0,0.010006654480737582,0.04323508522255176,0.07767030555318644,0.010006654480737582,0.04323508522255176,0.07767030555318644,0.010006654480737582,0.0665155157270027,0.12945050925531074,94674.11161083572
36326,"Lipsky, David",0.14379999999999998,0.6706,0.07100000000000002,-0.3299999999999999,0.8858,-0.009555555555555572,0.6117777777777778,0.05044444444444446,0.0244444444444445,0.6527777777777778,0.8148,0.6023333333333334,0.85,0.15000000000000002,9,1,56.0,56.0,0,0,0,1.0,0,0,1,1,526.5700534759359,481.6098974488177,0.0,147.0,160.44897959183675,124.0,0.0,0.5,0.0,0,0.5,4.0,3.5,71.0,65.0,58.0,20.0,71.0,50.0,0.15906222222222222,0.0,0.030116666666666667,0.004888888888888901,0.19406777777777778,0.009269639652252314,0.039977493800773936,0.08411407604050063,0.009269639652252314,0.039977493800773936,0.08411407604050063,0.009269639652252314,0.06150383661657528,0.14019012673416772,95884.06951821462
27129,"List, Luke",0.4112,0.07680000000000001,0.058799999999999984,-0.258,0.5464,0.3817,-0.283,-0.0011999999999999997,0.04500000000000002,0.09720000000000001,0.48760000000000003,0.09840000000000002,0.85,0.15000000000000002,10,6,29.666666666666668,1.0,1,1,2,1.0,0,1,1,1,526.5700534759359,481.6098974488177,1.0,447.0,160.44897959183675,124.0,0.0,0.5,0.0,0,0.5,4.0,3.5,71.0,65.0,58.0,20.0,71.0,50.0,-0.07357999999999999,-0.0,0.004920000000000001,0.009000000000000005,-0.05965999999999999,0.020359086254262745,0.025691103849684666,0.057259759832201856,0.020359086254262745,0.025691103849684666,0.057259759832201856,0.020359086254262745,0.042818506416141114,0.08179965690314552,94296.4547470739
63806,"Logan, Hunter",0.165,0.264,0.102,0.218,0.488,0.165,0.264,0.102,0.218,0.488,0.0,0.0,0.2,0.8,0,0,40.0,40.0,0,0,0,0.5,0,0,0,0,526.5700534759359,481.6098974488177,,500.0,160.44897959183675,124.0,0.0,0.5,0.0,0,0.5,4.0,3.5,71.0,65.0,58.0,20.0,71.0,50.0,0.0,0.0,0.0,0.0,0.0,0.008284144571556816,0.024053079577717254,0.060898508525516794,0.008284144571556816,0.024053079577717254,0.060898508525516794,0.008284144571556816,0.04008846596286209,0.08699786932216685,82894.56586161707
40162,"Lower, Justin",0.14479999999999998,0.35839999999999994,-0.05620000000000003,-0.1416,0.44700000000000006,0.006399999999999994,0.43739999999999996,-0.20990000000000003,0.22860000000000005,0.23390000000000005,0.5032000000000001,0.4438000000000001,0.85,0.15000000000000002,10,1,43.0,43.0,0,0,0,1.0,0,0,1,1,526.5700534759359,481.6098974488177,0.0,173.0,160.44897959183675,124.0,0.0,0.5,0.0,0,0.5,4.0,3.5,71.0,65.0,58.0,20.0,71.0,50.0,0.11372399999999998,-0.0,0.022190000000000005,0.04572000000000001,0.181634,0.009588827858286342,0.03477620032569972,0.06843562514071333,0.009588827858286342,0.03477620032569972,0.06843562514071333,0.009588827858286342,0.05350184665492264,0.11405937523452221,89108.17189574106
34466,"Malnati, Peter",-0.7021999999999999,0.2608,0.15760000000000002,0.1903999999999999,-0.2834,-0.7565000000000002,-0.3004000000000001,0.43690000000000007,0.2511,-0.6197,-0.441,-1.0566,0.85,0.15000000000000002,10,3,18.333333333333332,10.0,0,0,1,1.0,0,0,1,1,526.5700534759359,481.6098974488177,0.0,518.0,160.44897959183675,124.0,0.0,0.5,0.0,0,0.5,4.0,3.5,71.0,65.0,58.0,20.0,71.0,50.0,-0.07810400000000003,0.0,-0.05283,0.050219999999999994,-0.08071400000000006,0.012774345510595506,0.017162795999034124,0.035008964069412174,0.012774345510595506,0.017162795999034124,0.035008964069412174,0.012774345510595506,0.02860465999839021,0.05001280581344597,76123.24512945581
32839,"Matsuyama, Hideki",-0.5768,0.43200000000000005,0.5,-0.31960000000000005,0.355,-0.2095294117647059,0.5788823529411764,0.4948823529411765,-0.0017647058823529558,0.8642941176470588,-0.14500000000000002,0.3694117647058823,0.85,0.15000000000000002,17,6,30.333333333333332,9.0,0,0,1,1.0,0,0,1,1,526.5700534759359,481.6098974488177,0.0,16.0,160.44897959183675,124.0,0.0,0.5,0.0,0,0.5,4.0,3.5,71.0,65.0,58.0,20.0,71.0,50.0,0.15050941176470586,0.0,0.018470588235294114,-0.0003529411764705912,0.16862705882352938,0.02614324698061689,0.09176440074838291,0.1194969133648787,0.02614324698061689,0.09176440074838291,0.1194969133648787,0.02614324698061689,0.13109200106911845,0.2389938267297574,136481.7101743698
47993,"McCarthy, Denny",-0.0526,-0.2974,0.14219999999999997,1.1698,-0.20739999999999997,-0.26954999999999996,0.22194999999999995,-0.03005,0.72435,-0.07769999999999999,-0.3495999999999999,-0.04764999999999999,0.85,0.15000000000000002,20,2,68.5,64.0,0,0,0,1.0,0,0,1,1,526.5700534759359,481.6098974488177,0.0,76.0,160.44897959183675,124.0,0.0,0.5,0.0,0,0.5,4.0,3.5,71.0,65.0,58.0,20.0,71.0,50.0,0.05770699999999998,-0.0,-0.0023824999999999996,0.14487000000000003,0.2001945,0.012390183474782402,0.04082503491269677,0.07373204807887768,0.012390183474782402,0.04082503491269677,0.07373204807887768,0.012390183474782402,0.06280774601953348,0.12288674679812946,95173.33928228205
59141,"McCarty, Matt",0.03520000000000001,-0.2284,-0.004799999999999996,1.1656,-0.19819999999999993,0.16326666666666664,-0.005666666666666661,0.12266666666666666,0.5858,0.28046666666666664,-0.19339999999999993,0.1578,0.85,0.15000000000000002,15,0,40.0,40.0,0,0,0,0.5,0,0,0,0,526.5700534759359,481.6098974488177,,34.0,160.44897959183675,124.0,0.0,0.5,0.0,0,0.5,4.0,3.5,71.0,65.0,58.0,20.0,71.0,50.0,-0.001473333333333332,0.0,0.00789,0.11716000000000001,0.12357666666666668,0.016860246807882083,0.06216568989423381,0.10371839859626583,0.016860246807882083,0.06216568989423381,0.10371839859626583,0.016860246807882083,0.09563952291420585,0.17286399766044305,115410.18226286669
51950,"McGreevy, Max",0.6763999999999999,-0.004400000000000015,0.0010000000000000009,0.5616,0.6731999999999999,0.5844166666666667,0.2695,-0.16341666666666665,0.3745833333333333,0.6908333333333333,0.6721999999999999,0.85425,0.85,0.15000000000000002,12,0,40.0,40.0,0,0,0,0.5,0,0,0,0,526.5700534759359,481.6098974488177,,66.0,160.44897959183675,124.0,0.0,0.5,0.0,0,0.5,4.0,3.5,71.0,65.0,58.0,20.0,71.0,50.0,0.07007000000000001,-0.0,0.0427125,0.07491666666666666,0.18769916666666667,0.013910089410831002,0.062257941580266304,0.11406720371148478,0.013910089410831002,0.062257941580266304,0.11406720371148478,0.013910089410831002,0.09578144858502508,0.19011200618580798,116449.53711952956
46442,"McNealy, Maverick",0.12679999999999997,0.3492,-0.14479999999999998,0.358,0.3312,0.23942105263157892,0.4609473684210526,-0.04836842105263158,0.5103684210526316,0.6519473684210526,0.476,0.7003157894736843,0.85,0.15000000000000002,19,5,33.0,15.0,0,0,0,1.0,0,0,1,1,526.5700534759359,481.6098974488177,0.0,22.0,160.44897959183675,124.0,0.0,0.5,0.0,0,0.5,4.0,3.5,71.0,65.0,58.0,20.0,71.0,50.0,0.11984631578947366,-0.0,0.035015789473684215,0.10207368421052632,0.25693578947368423,0.029508963966572876,0.08992197869122884,0.131952004936052,0.029508963966572876,0.08992197869122884,0.131952004936052,0.029508963966572876,0.12845996955889835,0.263904009872104,144580.62691792008
59143,"Meissner, Mac",0.23959999999999998,0.8187999999999999,0.36660000000000004,-0.1688,1.4254000000000002,-0.1284666666666667,0.5503333333333332,0.259,0.20713333333333334,0.6808,1.0588000000000002,0.42179999999999995,0.85,0.15000000000000002,15,1,52.0,52.0,0,0,0,1.0,0,0,1,1,526.5700534759359,481.6098974488177,0.0,101.0,160.44897959183675,124.0,0.0,0.5,0.0,0,0.5,4.0,3.5,71.0,65.0,58.0,20.0,71.0,50.0,0.14308666666666664,0.0,0.021089999999999998,0.04142666666666667,0.2056033333333333,0.011941500338554813,0.04300179572567524,0.0927722162451801,0.011941500338554813,0.04300179572567524,0.0927722162451801,0.011941500338554813,0.06615660880873113,0.1546203604086335,102613.47087665169
39546,"Mitchell, Keith",0.5666,-0.012000000000000033,-0.11499999999999999,0.26139999999999997,0.4394,0.6603333333333333,0.09373333333333332,-0.08846666666666667,0.193,0.6654,0.5544,0.7538666666666667,0.85,0.15000000000000002,15,0,40.0,40.0,0,0,0,0.5,0,0,0,0,526.5700534759359,481.6098974488177,,134.0,160.44897959183675,124.0,0.0,0.5,0.0,0,0.5,4.0,3.5,71.0,65.0,58.0,20.0,71.0,50.0,0.024370666666666662,-0.0,0.037693333333333336,0.0386,0.100664,0.011780563775759825,0.04152394101070625,0.09518942994863702,0.011780563775759825,0.04152394101070625,0.09518942994863702,0.011780563775759825,0.0638829861703173,0.15864904991439505,103142.648577703
49947,"Moore, Taylor",0.2292,0.085,0.39099999999999996,0.2004,0.7054,0.3016153846153846,0.07869230769230769,0.43300000000000005,0.008923076923076926,0.8133846153846154,0.31440000000000007,0.3803846153846152,0.85,0.15000000000000002,13,3,45.666666666666664,11.0,0,0,0,1.0,0,0,1,1,526.5700534759359,481.6098974488177,0.0,180.0,160.44897959183675,124.0,0.0,0.5,0.0,0,0.5,4.0,3.5,71.0,65.0,58.0,20.0,71.0,50.0,0.020459999999999996,0.0,0.01901923076923076,0.0017846153846153854,0.04126384615384614,0.009584121704659904,0.03568557713506776,0.08275253212162086,0.009584121704659904,0.03568557713506776,0.08275253212162086,0.009584121704659904,0.054900887900104244,0.1379208868693681,94921.07287525242
63121,"Mouw, William",0.3148,0.6632,0.20339999999999997,0.6342000000000001,1.182,0.2838888888888889,0.14655555555555552,0.13577777777777778,0.42400000000000004,0.5666666666666667,0.9785999999999999,0.4308888888888889,0.85,0.15000000000000002,9,1,66.0,66.0,0,0,0,1.0,0,0,1,1,526.5700534759359,481.6098974488177,0.0,128.0,160.44897959183675,124.0,0.0,0.5,0.0,0,0.5,4.0,3.5,71.0,65.0,58.0,20.0,71.0,50.0,0.038104444444444434,0.0,0.021544444444444446,0.08480000000000001,0.1444488888888889,0.010472630489558835,0.04029961120584516,0.08560460624048617,0.010472630489558835,0.04029961120584516,0.08560460624048617,0.010472630489558835,0.0619994018551464,0.14267434373414362,97780.22868629068
49228,"Nakajima, Keita",0.293,1.389,-0.403,-1.187,1.278,0.293,1.389,-0.403,-1.187,1.278,1.681,1.6809999999999998,0.3,0.7,1,0,40.0,40.0,0,0,0,0.5,0,0,0,0,526.5700534759359,481.6098974488177,,103.0,160.44897959183675,124.0,0.0,0.5,0.0,0,0.5,4.0,3.5,71.0,65.0,58.0,20.0,71.0,50.0,0.36114,-0.0,0.08404999999999999,-0.2374,0.20778999999999997,0.01780869244071455,0.051557562303563856,0.10180134510936804,0.01780869244071455,0.051557562303563856,0.10180134510936804,0.01780869244071455,0.07931932662086746,0.16966890851561342,113780.30096522326
52689,"Neergaard-Petersen, Rasmus",0.638,1.1665,0.673,-0.6125,2.4775,0.638,1.1665,0.673,-0.6125,2.4775,1.8045,1.8045,0.5,0.5,2,0,40.0,40.0,0,0,0,0.5,0,0,0,0,526.5700534759359,481.6098974488177,,53.0,160.44897959183675,124.0,0.0,0.5,0.0,0,0.5,4.0,3.5,71.0,65.0,58.0,20.0,71.0,50.0,0.30329,0.0,0.09022500000000001,-0.1225,0.271015,0.035756218168920446,0.09129517117759949,0.12702034635389425,0.035756218168920446,0.09129517117759949,0.12702034635389425,0.035756218168920446,0.13042167311085642,0.2540406927077885,149366.66248338975
27349,"Noren, Alex",0.03200000000000001,-0.0692,0.3284,0.47540000000000004,0.2914,0.04900000000000001,0.16666666666666666,0.36716666666666675,0.5635,0.5831666666666667,-0.03700000000000003,0.216,0.85,0.15000000000000002,6,2,38.0,37.0,0,0,0,1.0,0,0,1,1,526.5700534759359,481.6098974488177,0.0,13.0,160.44897959183675,124.0,0.0,0.5,0.0,0,0.5,4.0,3.5,71.0,65.0,58.0,20.0,71.0,50.0,0.043333333333333335,0.0,0.0108,0.11270000000000001,0.16683333333333333,0.03614182082230381,0.09255960478024718,0.12178323273505769,0.03614182082230381,0.09255960478024718,0.12178323273505769,0.03614182082230381,0.13222800682892455,0.24356646547011537,147919.1484173557
30163,"Norlander, Henrik",-0.19660000000000002,1.1926,-0.18059999999999998,-0.7230000000000001,0.8154000000000001,-0.22184615384615386,0.6458461538461537,-0.111,-0.004000000000000013,0.31292307692307697,0.9960000000000001,0.42392307692307696,0.85,0.15000000000000002,13,1,2.0,2.0,0,1,1,1.0,0,0,1,1,526.5700534759359,481.6098974488177,0.0,284.0,160.44897959183675,124.0,0.0,0.5,0.0,0,0.5,4.0,3.5,71.0,65.0,58.0,20.0,71.0,50.0,0.16791999999999999,-0.0,0.021196153846153847,-0.0008000000000000026,0.18831615384615383,0.024980897268231904,0.050311809480062586,0.07719482893626789,0.024980897268231904,0.050311809480062586,0.07719482893626789,0.024980897268231904,0.0774027838154809,0.12865804822711316,111293.02647319651
51997,"Novak, Andrew",-0.06539999999999999,0.3522,0.006800000000000028,0.4218,0.29379999999999995,0.030117647058823534,0.18017647058823533,0.06341176470588238,0.4498235294117647,0.2737058823529412,0.2869999999999999,0.2102941176470588,0.85,0.15000000000000002,17,3,47.333333333333336,3.0,0,1,1,1.0,0,0,1,1,526.5700534759359,481.6098974488177,0.0,38.0,160.44897959183675,124.0,0.0,0.5,0.0,0,0.5,4.0,3.5,71.0,65.0,58.0,20.0,71.0,50.0,0.04684588235294118,0.0,0.010514705882352942,0.08996470588235293,0.14732529411764705,0.02124648060725354,0.07966145528427955,0.10842775473476372,0.02124648060725354,0.07966145528427955,0.10842775473476372,0.02124648060725354,0.11380207897754223,0.21685550946952745,124896.09739786759
55851,"Nyholm, Pontus",0.165,0.264,0.102,0.218,0.488,0.165,0.264,0.102,0.218,0.488,0.0,0.0,0.2,0.8,0,0,40.0,40.0,0,0,0,0.5,0,0,0,0,526.5700534759359,481.6098974488177,,272.0,160.44897959183675,124.0,0.0,0.5,0.0,0,0.5,4.0,3.5,71.0,65.0,58.0,20.0,71.0,50.0,0.0,0.0,0.0,0.0,0.0,0.008284144571556816,0.024229606029999667,0.06470117116308552,0.008284144571556816,0.024229606029999667,0.06470117116308552,0.008284144571556816,0.040382676716666115,0.0924302445186936,84428.42160678207
33968,"Olesen, Thorbjørn",0.1632,0.4024,0.1794,0.5868,0.7452,0.26457142857142857,0.26107142857142857,0.1419285714285714,0.4097142857142857,0.6677857142857143,0.5658,0.5258571428571429,0.85,0.15000000000000002,14,0,40.0,40.0,0,0,0,0.5,0,0,0,0,526.5700534759359,481.6098974488177,,92.0,160.44897959183675,124.0,0.0,0.5,0.0,0,0.5,4.0,3.5,71.0,65.0,58.0,20.0,71.0,50.0,0.06787857142857143,0.0,0.026292857142857146,0.08194285714285715,0.17611428571428572,0.012602233029315475,0.046368165547078434,0.09131546550443602,0.012602233029315475,0.046368165547078434,0.09131546550443602,0.012602233029315475,0.07133563930319758,0.15219244250739336,103314.29434207626
28723,"Parry, John",-0.178,0.925,0.171,-0.827,0.918,-0.178,0.925,0.171,-0.827,0.9179999999999999,0.747,0.7469999999999999,0.3,0.7,1,0,40.0,40.0,0,0,0,0.5,0,0,0,0,526.5700534759359,481.6098974488177,,81.0,160.44897959183675,124.0,0.0,0.5,0.0,0,0.5,4.0,3.5,71.0,65.0,58.0,20.0,71.0,50.0,0.2405,0.0,0.037349999999999994,-0.1654,0.11245,0.013285508730814325,0.04015290394830515,0.08538479381719208,0.013285508730814325,0.04015290394830515,0.08538479381719208,0.013285508730814325,0.06177369838200793,0.14230798969532013,100591.92158532776
50582,"Paul, Jeremy",0.1488,0.02320000000000002,0.2814,0.3898,0.4532,0.18544444444444447,0.2763333333333333,-0.03799999999999999,0.14666666666666664,0.42366666666666664,0.1718,0.46166666666666667,0.85,0.15000000000000002,9,0,40.0,40.0,0,0,0,0.5,0,0,0,0,526.5700534759359,481.6098974488177,,304.0,160.44897959183675,124.0,0.0,0.5,0.0,0,0.5,4.0,3.5,71.0,65.0,58.0,20.0,71.0,50.0,0.07184666666666666,-0.0,0.02308333333333333,0.02933333333333333,0.12426333333333331,0.009706787202967353,0.03416431412205356,0.06263181699474475,0.009706787202967353,0.03416431412205356,0.06263181699474475,0.009706787202967353,0.05256048326469779,0.10438636165790793,86829.7688468037
48153,"Pavon, Matthieu",0.21200000000000002,-0.571,-0.4426,0.11739999999999995,-0.8016,0.0868,-0.36019999999999996,-0.5310666666666666,0.12399999999999999,-0.8045333333333333,-0.359,-0.27346666666666675,0.85,0.15000000000000002,15,1,1.0,1.0,1,1,1,1.0,0,1,1,1,526.5700534759359,481.6098974488177,1.0,260.0,160.44897959183675,124.0,0.0,0.5,0.0,0,0.5,4.0,3.5,71.0,65.0,58.0,20.0,71.0,50.0,-0.09365199999999999,-0.0,-0.013673333333333336,0.024799999999999996,-0.08252533333333334,0.03626668765679236,0.02891820163406834,0.04622904401498064,0.03626668765679236,0.02891820163406834,0.04622904401498064,0.03626668765679236,0.048197002723447235,0.06604149144997234,107039.58955596664
40250,"Pendrith, Taylor",0.47059999999999996,-0.27759999999999996,0.21939999999999998,0.1488000000000001,0.41220000000000007,0.5225555555555554,0.05872222222222223,0.06422222222222221,0.15844444444444444,0.6455,0.19280000000000008,0.5812777777777778,0.85,0.15000000000000002,18,4,23.0,7.0,0,0,2,1.0,0,0,1,1,526.5700534759359,481.6098974488177,0.0,48.0,160.44897959183675,124.0,0.0,0.5,0.0,0,0.5,4.0,3.5,71.0,65.0,58.0,20.0,71.0,50.0,0.01526777777777778,0.0,0.02906388888888889,0.03168888888888889,0.07602055555555556,0.01775090372010149,0.07760891068473462,0.11464532469120278,0.01775090372010149,0.07760891068473462,0.11464532469120278,0.01775090372010149,0.11086987240676376,0.22929064938240556,123359.93814259456
51003,"Penge, Marco",1.3275000000000001,0.3405,0.8,0.05699999999999994,2.468,1.3275000000000001,0.3405,0.8,0.05699999999999994,2.468,1.668,1.668,0.5,0.5,2,0,40.0,40.0,0,0,0,0.5,0,0,0,0,526.5700534759359,481.6098974488177,,30.0,160.44897959183675,124.0,0.0,0.5,0.0,0,0.5,4.0,3.5,71.0,65.0,58.0,20.0,71.0,50.0,0.08853,0.0,0.0834,0.011399999999999988,0.18333,0.04759357399377058,0.13322306755029756,0.18947344580713976,0.04759357399377058,0.13322306755029756,0.18947344580713976,0.04759357399377058,0.19031866792899652,0.31578907634523296,193700.6667538219
57900,"Phillips, Chandler",-0.0326,-0.04240000000000001,0.4318000000000001,0.7102,0.35680000000000006,-0.23875000000000002,0.13625,0.17125,0.30375,0.06883333333333334,-0.07500000000000001,-0.10241666666666667,0.85,0.15000000000000002,12,2,73.0,70.0,0,0,0,1.0,0,0,1,1,526.5700534759359,481.6098974488177,0.0,150.0,160.44897959183675,124.0,0.0,0.5,0.0,0,0.5,4.0,3.5,71.0,65.0,58.0,20.0,71.0,50.0,0.035425,0.0,-0.005120833333333333,0.060750000000000005,0.09105416666666667,0.01275317677191779,0.024539288986312875,0.06959582816946033,0.01275317677191779,0.024539288986312875,0.06959582816946033,0.01275317677191779,0.04089881497718813,0.09942261167065762,91063.19910431234
63343,"Potgieter, Aldrich",0.5678000000000001,0.5086,-0.24080000000000004,0.6406000000000001,0.8358000000000001,0.7731666666666667,0.2393333333333333,-0.35500000000000004,0.639,0.6576666666666667,1.0766000000000002,1.0126666666666668,0.85,0.15000000000000002,6,1,15.0,15.0,0,0,0,1.0,0,0,1,1,526.5700534759359,481.6098974488177,0.0,87.0,160.44897959183675,124.0,0.0,0.5,0.0,0,0.5,4.0,3.5,71.0,65.0,58.0,20.0,71.0,50.0,0.06222666666666665,-0.0,0.05063333333333335,0.1278,0.24065999999999999,0.021278833887539525,0.07111668287060731,0.10132347344340734,0.021278833887539525,0.07111668287060731,0.10132347344340734,0.021278833887539525,0.10159526124372473,0.20264694688681467,120625.1218705494
28252,"Power, Seamus",0.31980000000000003,0.6279999999999999,-0.06660000000000002,0.3101999999999999,0.8815999999999999,0.14576923076923076,0.31530769230769234,0.14892307692307694,0.05276923076923078,0.610153846153846,0.9481999999999999,0.4612307692307691,0.85,0.15000000000000002,13,0,40.0,40.0,0,0,0,0.5,0,0,0,0,526.5700534759359,481.6098974488177,,167.0,160.44897959183675,124.0,0.0,0.5,0.0,0,0.5,4.0,3.5,71.0,65.0,58.0,20.0,71.0,50.0,0.08198,0.0,0.02306153846153846,0.010553846153846157,0.11559538461538463,0.010745149240717358,0.03569711263196877,0.07907833919622015,0.010745149240717358,0.03569711263196877,0.07907833919622015,0.010745149240717358,0.0549186348184135,0.13179723199370025,94677.93913336693
34256,"Putnam, Andrew",-0.7230000000000001,-0.10400000000000001,0.9158000000000002,1.1181999999999999,0.08899999999999997,-0.6195454545454545,0.34445454545454546,0.5710000000000001,0.8102727272727273,0.29654545454545456,-0.8268000000000002,-0.2744545454545455,0.85,0.15000000000000002,11,1,32.0,32.0,0,0,0,1.0,0,0,1,1,526.5700534759359,481.6098974488177,0.0,114.0,160.44897959183675,124.0,0.0,0.5,0.0,0,0.5,4.0,3.5,71.0,65.0,58.0,20.0,71.0,50.0,0.08955818181818181,0.0,-0.013722727272727275,0.16205454545454545,0.23789,0.01567409176921579,0.03872667007424646,0.07309535893956357,0.01567409176921579,0.03872667007424646,0.07309535893956357,0.01567409176921579,0.05957949242191763,0.12182559823260596,97968.08405124393
46414,"Rai, Aaron",0.294,0.6338,0.08859999999999998,0.3478,1.0166,0.39564285714285713,0.6655000000000001,0.05957142857142857,0.0064999999999999685,1.1179285714285714,0.9279999999999999,1.0583571428571428,0.85,0.15000000000000002,14,3,30.333333333333332,6.0,0,0,1,1.0,0,0,1,1,526.5700534759359,481.6098974488177,0.0,25.0,160.44897959183675,124.0,0.0,0.5,0.0,0,0.5,4.0,3.5,71.0,65.0,58.0,20.0,71.0,50.0,0.17303000000000002,0.0,0.05291785714285714,0.0012999999999999937,0.22724785714285714,0.02671791705759037,0.08104874424387848,0.1317297246422146,0.02671791705759037,0.08104874424387848,0.1317297246422146,0.02671791705759037,0.11578392034839784,0.2634594492844292,140036.89553457437
47983,"Ramey, Chad",0.27880000000000005,0.322,0.08980000000000002,0.2092,0.6908000000000001,0.2258181818181818,0.23572727272727273,0.0669090909090909,0.3503636363636363,0.5288181818181819,0.6010000000000001,0.46190909090909094,0.85,0.15000000000000002,11,3,55.0,39.0,0,0,0,1.0,0,0,1,1,526.5700534759359,481.6098974488177,0.0,171.0,160.44897959183675,124.0,0.0,0.5,0.0,0,0.5,4.0,3.5,71.0,65.0,58.0,20.0,71.0,50.0,0.06128909090909091,0.0,0.023095454545454547,0.07007272727272726,0.15445727272727272,0.01012557847897486,0.038719505804776976,0.0792076003903916,0.01012557847897486,0.038719505804776976,0.0792076003903916,0.01012557847897486,0.05956847046888765,0.13201266731731934,94614.3480970487
49855,"Reitan, Kristoffer",0.845,0.991,0.022,-0.017,1.858,0.845,0.991,0.022,-0.017,1.858,1.836,1.8359999999999999,0.3,0.7,1,0,40.0,40.0,0,0,0,0.5,0,0,0,0,526.5700534759359,481.6098974488177,,39.0,160.44897959183675,124.0,0.0,0.5,0.0,0,0.5,4.0,3.5,71.0,65.0,58.0,20.0,71.0,50.0,0.25766,0.0,0.09179999999999999,-0.0034000000000000002,0.34606,0.022006987348519736,0.10034318940151878,0.1493403058457211,0.022006987348519736,0.10034318940151878,0.1493403058457211,0.022006987348519736,0.14334741343074112,0.2986806116914422,145479.4476086224
47995,"Riley, Davis",-0.6182,0.316,0.38520000000000004,0.325,0.08300000000000005,-0.3160909090909091,-0.08554545454545454,0.45318181818181824,0.257909090909091,0.05172727272727275,-0.3022,-0.40145454545454556,0.85,0.15000000000000002,11,0,40.0,40.0,0,0,0,0.5,0,0,0,0,526.5700534759359,481.6098974488177,,89.0,160.44897959183675,124.0,0.0,0.5,0.0,0,0.5,4.0,3.5,71.0,65.0,58.0,20.0,71.0,50.0,-0.02224181818181818,0.0,-0.020072727272727277,0.051581818181818194,0.009267272727272742,0.01146348595112143,0.029518400777861102,0.0642196070057506,0.01146348595112143,0.029518400777861102,0.0642196070057506,0.01146348595112143,0.049197334629768504,0.10703267834291767,88469.76293833903
36699,"Rodgers, Patrick",0.44220000000000004,0.20600000000000002,0.3778,-0.514,1.0262,0.1867058823529412,0.046999999999999986,0.25270588235294117,0.005882352941176467,0.4864117647058823,0.6484,0.2337058823529412,0.85,0.15000000000000002,17,4,34.0,9.0,0,0,2,1.0,0,0,1,1,526.5700534759359,481.6098974488177,0.0,85.0,160.44897959183675,124.0,0.0,0.5,0.0,0,0.5,4.0,3.5,71.0,65.0,58.0,20.0,71.0,50.0,0.012219999999999995,0.0,0.011685294117647061,0.0011764705882352936,0.02508176470588235,0.01045999317729639,0.044020928174680604,0.08738298524885578,0.01045999317729639,0.044020928174680604,0.08738298524885578,0.01045999317729639,0.067724504884124,0.14563830874809297,99121.81887949553
22405,"Rose, Justin",0.002200000000000002,0.8654,-0.10579999999999998,0.27620000000000006,0.7615999999999999,-0.02211111111111111,0.5604444444444445,-0.0052222222222222114,0.3847777777777777,0.533,0.8674,0.5382222222222223,0.85,0.15000000000000002,9,3,26.666666666666668,6.0,0,0,1,1.0,0,0,1,1,526.5700534759359,481.6098974488177,0.0,10.0,160.44897959183675,124.0,0.0,0.5,0.0,0,0.5,4.0,3.5,71.0,65.0,58.0,20.0,71.0,50.0,0.14571555555555557,-0.0,0.026911111111111115,0.07695555555555554,0.2495822222222222,0.04551660074512167,0.11925112494413065,0.13663644725755245,0.04551660074512167,0.11925112494413065,0.13663644725755245,0.04551660074512167,0.17035874992018665,0.2732728945151049,168211.1355113389
60882,"Rosenmueller, Thomas",0.2576,0.8802,-0.20460000000000003,-0.6474,0.9334,0.2707,0.6914,-0.2553,-0.6346,0.7069,1.1380000000000001,0.9621999999999999,0.85,0.15000000000000002,10,0,40.0,40.0,0,0,0,0.5,0,0,0,0,526.5700534759359,481.6098974488177,,276.0,160.44897959183675,124.0,0.0,0.5,0.0,0,0.5,4.0,3.5,71.0,65.0,58.0,20.0,71.0,50.0,0.179764,-0.0,0.04811,-0.12692000000000003,0.10095399999999999,0.010027239058503652,0.02656170279641658,0.06895432416130406,0.010027239058503652,0.02656170279641658,0.06895432416130406,0.010027239058503652,0.044269504660694306,0.11492387360217345,88330.03352758361
39335,"Roy, Kevin",0.43079999999999996,-0.05939999999999999,-0.06359999999999999,0.4913999999999999,0.3081999999999999,0.3961538461538462,0.21930769230769231,0.03538461538461539,0.4063846153846154,0.6509999999999999,0.3717999999999999,0.6156153846153846,0.85,0.15000000000000002,13,0,40.0,40.0,0,0,0,0.5,0,0,0,0,526.5700534759359,481.6098974488177,,142.0,160.44897959183675,124.0,0.0,0.5,0.0,0,0.5,4.0,3.5,71.0,65.0,58.0,20.0,71.0,50.0,0.057019999999999994,0.0,0.03078076923076923,0.08127692307692308,0.16907769230769232,0.013051969187979007,0.04384650799209843,0.0948176203610937,0.013051969187979007,0.04384650799209843,0.0948176203610937,0.013051969187979007,0.0674561661416899,0.1580293672684895,104724.29001033865
37076,"Rozo, Marcelo",0.165,0.264,0.102,0.218,0.488,0.165,0.264,0.102,0.218,0.488,0.0,0.0,0.2,0.8,0,0,40.0,40.0,0,0,0,0.5,0,0,0,0,526.5700534759359,481.6098974488177,,465.0,160.44897959183675,124.0,0.0,0.5,0.0,0,0.5,4.0,3.5,71.0,65.0,58.0,20.0,71.0,50.0,0.0,0.0,0.0,0.0,0.0,0.008284144571556816,0.024053079577717254,0.060898508525516794,0.008284144571556816,0.024053079577717254,0.060898508525516794,0.008284144571556816,0.04008846596286209,0.08699786932216685,82894.56586161707
37275,"Ryder, Sam",-0.2804,0.3532,-0.37039999999999995,0.7848,-0.2975999999999999,-0.28105882352941175,0.3090588235294117,-0.018705882352941187,0.6689411764705884,0.009352941176470612,0.07280000000000003,0.028058823529411796,0.85,0.15000000000000002,17,3,13.0,4.0,0,1,2,1.0,0,0,1,1,526.5700534759359,481.6098974488177,0.0,197.0,160.44897959183675,124.0,0.0,0.5,0.0,0,0.5,4.0,3.5,71.0,65.0,58.0,20.0,71.0,50.0,0.08035529411764704,-0.0,0.0014029411764705899,0.13378823529411768,0.2155464705882353,0.019039228752139658,0.04453306194460637,0.08093041459134433,0.019039228752139658,0.04453306194460637,0.08093041459134433,0.019039228752139658,0.06851240299170211,0.13488402431890723,105580.2392252034
34371,"Saddier, Adrien",0.165,0.264,0.102,0.218,0.488,0.165,0.264,0.102,0.218,0.488,0.0,0.0,0.2,0.8,0,0,40.0,40.0,0,0,0,0.5,0,0,0,0,526.5700534759359,481.6098974488177,,79.0,160.44897959183675,124.0,0.0,0.5,0.0,0,0.5,4.0,3.5,71.0,65.0,58.0,20.0,71.0,50.0,0.0,0.0,0.0,0.0,0.0,0.009548907152983835,0.04055804470375982,0.0743656620795056,0.009548907152983835,0.04055804470375982,0.0743656620795056,0.009548907152983835,0.062396991851938186,0.12394277013250933,92423.20480591734
56781,"Salinda, Isaiah",0.648,0.4894,0.097,-0.07640000000000002,1.2346,0.5841818181818182,0.13945454545454547,0.08781818181818182,-0.3390909090909091,0.8114545454545454,1.1376,0.7236363636363636,0.85,0.15000000000000002,11,1,42.0,42.0,0,0,0,1.0,0,0,1,1,526.5700534759359,481.6098974488177,0.0,244.0,160.44897959183675,124.0,0.0,0.5,0.0,0,0.5,4.0,3.5,71.0,65.0,58.0,20.0,71.0,50.0,0.03625818181818182,0.0,0.03618181818181818,-0.06781818181818182,0.004621818181818185,0.009325360416054413,0.028096101760470695,0.07311845874238282,0.009325360416054413,0.028096101760470695,0.07311845874238282,0.009325360416054413,0.04682683626745116,0.12186409790397137,89514.93732737775
64442,"Sargent, Gordon",-0.013250000000000012,-0.8839999999999999,0.21524999999999997,0.8280000000000001,-0.68225,-0.013250000000000012,-0.8839999999999999,0.21525,0.8280000000000001,-0.68225,-0.8975,-0.8975,0.75,0.25,4,0,40.0,40.0,0,0,0,0.5,0,0,0,0,526.5700534759359,481.6098974488177,,946.0,160.44897959183675,124.0,0.0,0.5,0.0,0,0.5,4.0,3.5,71.0,65.0,58.0,20.0,71.0,50.0,-0.22984,0.0,-0.044875,0.16560000000000002,-0.10911499999999996,0.010178346677849115,0.015130394039736832,0.029964771642957227,0.010178346677849115,0.015130394039736832,0.029964771642957227,0.010178346677849115,0.025217323399561387,0.04280681663279604,71074.80669543383
48081,"Schauffele, Xander",0.2224,0.7978,-0.04419999999999999,0.11579999999999999,0.9760000000000002,0.07630769230769231,0.5776153846153846,-0.01638461538461538,-0.18353846153846154,0.6374615384615384,1.0202000000000002,0.6538461538461539,0.85,0.15000000000000002,13,4,14.5,2.0,0,1,2,1.0,0,0,1,1,526.5700534759359,481.6098974488177,0.0,6.0,160.44897959183675,124.0,0.0,0.5,0.0,0,0.5,4.0,3.5,71.0,65.0,58.0,20.0,71.0,50.0,0.15018,-0.0,0.032692307692307694,-0.03670769230769231,0.1461646153846154,0.044926944667826735,0.10314578866395616,0.12707600038913228,0.044926944667826735,0.10314578866395616,0.12707600038913228,0.044926944667826735,0.1473511266627945,0.25415200077826455,160998.39497115806
47347,"Schenk, Adam",0.07880000000000001,0.08319999999999997,-0.1242,0.345,0.0378,0.31933333333333336,0.13466666666666666,-0.08399999999999999,0.557111111111111,0.37,0.162,0.45399999999999996,0.85,0.15000000000000002,9,4,31.5,20.0,0,0,0,1.0,0,0,1,1,526.5700534759359,481.6098974488177,0.0,141.0,160.44897959183675,124.0,0.0,0.5,0.0,0,0.5,4.0,3.5,71.0,65.0,58.0,20.0,71.0,50.0,0.03501333333333333,-0.0,0.022699999999999998,0.1114222222222222,0.16913555555555554,0.010305164117277301,0.042957539966959675,0.080072762538964,0.010305164117277301,0.042957539966959675,0.080072762538964,0.010305164117277301,0.0660885230260918,0.13345460423160668,95885.35306105371
48867,"Schmid, Matti",0.3666,-0.08760000000000001,0.2164,0.7544000000000001,0.4958,0.12410000000000002,0.3086,-0.0568,0.8903000000000001,0.3761,0.2794,0.4329,0.85,0.15000000000000002,10,1,25.0,25.0,0,0,0,1.0,0,0,1,1,526.5700534759359,481.6098974488177,0.0,95.0,160.44897959183675,124.0,0.0,0.5,0.0,0,0.5,4.0,3.5,71.0,65.0,58.0,20.0,71.0,50.0,0.08023599999999999,-0.0,0.021645,0.17806000000000002,0.279941,0.01380852650306511,0.050083155125096486,0.09151646955130414,0.01380852650306511,0.050083155125096486,0.09151646955130414,0.01380852650306511,0.07705100788476382,0.15252744925217357,105298.54756324043
24502,"Scott, Adam",0.1926,0.40520000000000006,0.094,-0.2914,0.6916,0.3552142857142857,0.25207142857142856,-0.017714285714285724,-0.08471428571428571,0.5895714285714285,0.5976,0.6072857142857142,0.85,0.15000000000000002,14,1,10.0,10.0,0,0,1,1.0,0,0,1,1,526.5700534759359,481.6098974488177,0.0,67.0,160.44897959183675,124.0,0.0,0.5,0.0,0,0.5,4.0,3.5,71.0,65.0,58.0,20.0,71.0,50.0,0.06553857142857142,-0.0,0.03036428571428571,-0.016942857142857145,0.07895999999999997,0.009965315543781373,0.05154648414215515,0.09560312988764755,0.009965315543781373,0.05154648414215515,0.09560312988764755,0.009965315543781373,0.0793022832956233,0.15933854981274592,103174.65280528287
63807,"Shipley, Neal",0.586,0.107,0.045,-0.334,0.739,0.586,0.10699999999999998,0.045,-0.334,0.739,0.694,0.694,0.3,0.7,1,0,40.0,40.0,0,0,0,0.5,0,0,0,0,526.5700534759359,481.6098974488177,,108.0,160.44897959183675,124.0,0.0,0.5,0.0,0,0.5,4.0,3.5,71.0,65.0,58.0,20.0,71.0,50.0,0.027819999999999994,0.0,0.0347,-0.0668,-0.004280000000000006,0.009935724165094553,0.029943440648997365,0.07429224576308081,0.009935724165094553,0.029943440648997365,0.07429224576308081,0.009935724165094553,0.04990573441499561,0.12382040960513468,90936.98433106982
46340,"Smalley, Alex",0.32580000000000003,0.33039999999999997,0.2272,0.3062,0.8837999999999999,0.3650000000000001,0.43792307692307697,0.48938461538461536,0.3385384615384615,1.2925384615384616,0.6565999999999999,0.8031538461538461,0.85,0.15000000000000002,13,2,46.5,37.0,0,0,0,1.0,0,0,1,1,526.5700534759359,481.6098974488177,0.0,123.0,160.44897959183675,124.0,0.0,0.5,0.0,0,0.5,4.0,3.5,71.0,65.0,58.0,20.0,71.0,50.0,0.11386,0.0,0.04015769230769231,0.0677076923076923,0.2217253846153846,0.02341658886543145,0.08398981074107165,0.12241681202980777,0.02341658886543145,0.08398981074107165,0.12241681202980777,0.02341658886543145,0.11998544391581664,0.24483362405961553,133439.2544045596
46464,"Smith, Jordan",0.5685,-0.446,0.44249999999999995,-0.357,0.565,0.5685,-0.446,0.44249999999999995,-0.357,0.565,0.1225,0.1225,0.5,0.5,2,0,40.0,40.0,0,0,0,0.5,0,0,0,0,526.5700534759359,481.6098974488177,,91.0,160.44897959183675,124.0,0.0,0.5,0.0,0,0.5,4.0,3.5,71.0,65.0,58.0,20.0,71.0,50.0,-0.11596000000000001,0.0,0.006125,-0.07139999999999999,-0.18123499999999998,0.009376064355382865,0.029164253166888917,0.060622052553384716,0.009376064355382865,0.029164253166888917,0.060622052553384716,0.009376064355382865,0.04860708861148153,0.1010367542556412,84815.77547737297
50095,"Smotherman, Austin",0.165,0.264,0.102,0.218,0.488,0.165,0.264,0.102,0.218,0.488,0.0,0.0,0.2,0.8,0,1,11.0,11.0,0,0,0,1.0,0,0,1,1,526.5700534759359,481.6098974488177,0.0,117.0,160.44897959183675,124.0,0.0,0.5,0.0,0,0.5,4.0,3.5,71.0,65.0,58.0,20.0,71.0,50.0,0.0,0.0,0.0,0.0,0.0,0.010751628436740308,0.03485158473480425,0.0673940701510807,0.010751628436740308,0.03485158473480425,0.0673940701510807,0.010751628436740308,0.053617822668929616,0.11232345025180118,89918.56845161333
27649,"Snedeker, Brandt",-0.08180000000000001,0.332,0.39799999999999996,0.29300000000000004,0.6486,-0.20329999999999998,0.04450000000000002,0.21609999999999996,0.8393999999999999,0.057500000000000016,0.2506,-0.15859999999999994,0.85,0.15000000000000002,10,4,36.25,3.0,0,1,1,1.0,0,0,1,1,526.5700534759359,481.6098974488177,0.0,286.0,160.44897959183675,124.0,0.0,0.5,0.0,0,0.5,4.0,3.5,71.0,65.0,58.0,20.0,71.0,50.0,0.011570000000000004,0.0,-0.007929999999999996,0.16787999999999997,0.17151999999999998,0.016504607321807755,0.03825679300717589,0.07340100970593906,0.016504607321807755,0.03825679300717589,0.07340100970593906,0.016504607321807755,0.05885660462642445,0.1223350161765651,98869.98355733004
39324,"Spaun, J.J.",0.3704,0.49000000000000005,-0.1388,0.2434,0.7220000000000001,0.3884444444444444,0.729,0.060666666666666674,0.13011111111111115,1.1782777777777778,0.8608000000000001,1.1176111111111113,0.85,0.15000000000000002,18,3,26.333333333333332,15.0,0,0,0,1.0,0,0,1,1,526.5700534759359,481.6098974488177,0.0,7.0,160.44897959183675,124.0,0.0,0.5,0.0,0,0.5,4.0,3.5,71.0,65.0,58.0,20.0,71.0,50.0,0.18954,0.0,0.05588055555555557,0.02602222222222223,0.2714427777777778,0.058303887896187685,0.14259639317085504,0.21592024888703412,0.058303887896187685,0.14259639317085504,0.21592024888703412,0.058303887896187685,0.21937906641670007,0.3598670814783902,216929.63866394936
55893,"Stevens, Sam",0.44060000000000005,-0.1358,0.154,0.37679999999999997,0.45879999999999993,0.2554347826086957,-0.10126086956521738,0.18473913043478263,0.1708695652173913,0.33904347826086956,0.30479999999999996,0.15430434782608698,0.85,0.15000000000000002,23,3,19.333333333333332,2.0,0,1,1,1.0,0,0,1,1,526.5700534759359,481.6098974488177,0.0,40.0,160.44897959183675,124.0,0.0,0.5,0.0,0,0.5,4.0,3.5,71.0,65.0,58.0,20.0,71.0,50.0,-0.026327826086956517,0.0,0.00771521739130435,0.03417391304347826,0.015561304347826096,0.020889750266838047,0.0586217939323338,0.11156815190223164,0.020889750266838047,0.0586217939323338,0.11156815190223164,0.020889750266838047,0.09018737528051353,0.18594691983705275,122080.9505895667
27214,"Streelman, Kevin",-0.1982,0.20939999999999998,-0.0502,0.24580000000000002,-0.03939999999999997,-0.1982,0.20939999999999998,-0.0502,0.24580000000000002,-0.03939999999999997,0.010800000000000032,0.010800000000000035,0.85,0.15000000000000002,5,5,39.2,15.0,0,0,0,1.0,0,0,1,1,526.5700534759359,481.6098974488177,0.0,469.0,160.44897959183675,124.0,0.0,0.5,0.0,0,0.5,4.0,3.5,71.0,65.0,58.0,20.0,71.0,50.0,0.05444399999999999,-0.0,0.0005400000000000017,0.04916,0.10414399999999999,0.011149025523750218,0.02290161045788374,0.05033164557182778,0.011149025523750218,0.02290161045788374,0.05033164557182778,0.011149025523750218,0.03816935076313957,0.07190235081689683,81494.83317782194
60019,"Suber, Jackson",0.339,0.48979999999999996,-0.04179999999999999,0.6763999999999999,0.7871999999999999,0.09829999999999998,0.49169999999999997,-0.11040000000000001,0.5237,0.4796,0.8289999999999998,0.5900000000000001,0.85,0.15000000000000002,10,1,56.0,56.0,0,0,0,1.0,0,0,1,1,526.5700534759359,481.6098974488177,0.0,191.0,160.44897959183675,124.0,0.0,0.5,0.0,0,0.5,4.0,3.5,71.0,65.0,58.0,20.0,71.0,50.0,0.12784199999999998,-0.0,0.029500000000000005,0.10474,0.262082,0.010583219341843126,0.04375312622242883,0.08457114985687705,0.010583219341843126,0.04375312622242883,0.08457114985687705,0.010583219341843126,0.06731250188065974,0.14095191642812843,98091.68714214377
40115,"Svensson, Adam",0.019600000000000006,-0.09520000000000002,0.6312,-0.3454,0.5554,-0.11610000000000001,0.04489999999999998,0.48819999999999997,-0.1923,0.41690000000000005,-0.07579999999999998,-0.07129999999999992,0.85,0.15000000000000002,10,1,79.0,79.0,0,0,0,1.0,0,0,1,1,526.5700534759359,481.6098974488177,0.0,315.0,160.44897959183675,124.0,0.0,0.5,0.0,0,0.5,4.0,3.5,71.0,65.0,58.0,20.0,71.0,50.0,0.011673999999999993,0.0,-0.003564999999999996,-0.03846,-0.030351000000000003,0.010709492513438603,0.01999297737663105,0.04943270208942109,0.010709492513438603,0.01999297737663105,0.04943270208942109,0.010709492513438603,0.03332162896105175,0.07061814584203013,80173.10399028656
57586,"Svensson, Jesper",0.6774,0.6165999999999999,-0.2016,-0.31060000000000004,1.0926,0.5503529411764707,-0.09629411764705881,0.07841176470588233,0.003294117647058823,0.5325882352941177,1.2942,0.4541764705882354,0.85,0.15000000000000002,17,0,40.0,40.0,0,0,0,0.5,0,0,0,0,526.5700534759359,481.6098974488177,,151.0,160.44897959183675,124.0,0.0,0.5,0.0,0,0.5,4.0,3.5,71.0,65.0,58.0,20.0,71.0,50.0,-0.02503647058823529,0.0,0.022708823529411774,0.0006588235294117645,-0.0016688235294117495,0.007738018152396505,0.033594531884378845,0.06572122115892612,0.007738018152396505,0.033594531884378845,0.06572122115892612,0.007738018152396505,0.051683895206736684,0.1095353685982102,85904.26031343896
51634,"Theegala, Sahith",0.20439999999999997,0.1842,0.09459999999999999,-0.1982,0.48319999999999996,-0.04491666666666665,0.04700000000000001,0.03849999999999999,0.007749999999999987,0.04074999999999999,0.38859999999999995,0.00225,0.85,0.15000000000000002,12,4,36.25,4.0,0,1,1,1.0,0,0,1,1,526.5700534759359,481.6098974488177,0.0,109.0,160.44897959183675,124.0,0.0,0.5,0.0,0,0.5,4.0,3.5,71.0,65.0,58.0,20.0,71.0,50.0,0.012220000000000002,0.0,0.0001125,0.0015499999999999973,0.013882499999999999,0.01504111202304887,0.04140936663854021,0.06353291355171188,0.01504111202304887,0.04140936663854021,0.06353291355171188,0.01504111202304887,0.06370671790544648,0.10588818925285313,94000.5764833716
58168,"Thompson, Davis",0.5494,0.043200000000000016,0.1568,-0.06160000000000003,0.7498000000000001,0.5510588235294118,0.1215294117647059,0.24817647058823525,-0.1738235294117647,0.921,0.5930000000000002,0.6728235294117648,0.85,0.15000000000000002,17,1,69.0,69.0,0,0,0,1.0,0,0,1,1,526.5700534759359,481.6098974488177,0.0,102.0,160.44897959183675,124.0,0.0,0.5,0.0,0,0.5,4.0,3.5,71.0,65.0,58.0,20.0,71.0,50.0,0.031597647058823536,0.0,0.033641176470588244,-0.03476470588235295,0.030474117647058832,0.010289945495993378,0.03339140868501439,0.07861128601456484,0.010289945495993378,0.03339140868501439,0.07861128601456484,0.010289945495993378,0.05137139797694521,0.13101881002427473,93616.22940827982
57364,"Thorbjornsen, Michael",0.9974000000000001,-0.31920000000000004,0.10180000000000003,0.35300000000000004,0.7802,0.7617142857142857,0.2545714285714285,-0.19628571428571429,0.005928571428571434,0.8201428571428572,0.6784,1.0164285714285715,0.85,0.15000000000000002,14,0,40.0,40.0,0,0,0,0.5,0,0,0,0,526.5700534759359,481.6098974488177,,74.0,160.44897959183675,124.0,0.0,0.5,0.0,0,0.5,4.0,3.5,71.0,65.0,58.0,20.0,71.0,50.0,0.0661885714285714,-0.0,0.05082142857142857,0.001185714285714287,0.11819571428571427,0.011297860718628948,0.05042101988704932,0.09310036652966998,0.011297860718628948,0.05042101988704932,0.09310036652966998,0.011297860718628948,0.07757079982622972,0.15516727754944998,103373.64927891584
38991,"Tosti, Alejandro",0.7542,0.2734,0.43360000000000004,-0.6184000000000001,1.4613999999999998,0.6078571428571429,-0.24500000000000005,0.15499999999999994,-0.33514285714285713,0.5177142857142857,1.0277999999999998,0.36271428571428577,0.85,0.15000000000000002,7,1,43.0,43.0,0,0,0,1.0,0,0,1,1,526.5700534759359,481.6098974488177,0.0,256.0,160.44897959183675,124.0,0.0,0.5,0.0,0,0.5,4.0,3.5,71.0,65.0,58.0,20.0,71.0,50.0,-0.0637,0.0,0.01813571428571429,-0.06702857142857142,-0.11259285714285713,0.008322962679798812,0.0237708479920925,0.06670867745387024,0.008322962679798812,0.0237708479920925,0.06670867745387024,0.008322962679798812,0.039618079986820834,0.09529811064838606,85181.84791044574
52666,"Valimaki, Sami",-0.06760000000000002,0.6094000000000002,-0.14320000000000002,1.2506,0.39859999999999995,-0.18857142857142858,0.7044285714285714,-0.19042857142857142,0.7891428571428571,0.3255,0.5418,0.5159285714285714,0.85,0.15000000000000002,14,2,29.0,15.0,0,0,0,1.0,0,0,1,1,526.5700534759359,481.6098974488177,0.0,44.0,160.44897959183675,124.0,0.0,0.5,0.0,0,0.5,4.0,3.5,71.0,65.0,58.0,20.0,71.0,50.0,0.18315142857142858,-0.0,0.02579642857142857,0.15782857142857143,0.36677642857142856,0.031454169477066675,0.0804217960917834,0.11923102390722733,0.031454169477066675,0.0804217960917834,0.11923102390722733,0.031454169477066675,0.11488828013111915,0.23846204781445465,139910.9958070653
40006,"van Rooyen, Erik",-0.02840000000000001,-0.09239999999999997,0.06639999999999999,-0.6073999999999999,-0.054200000000000026,0.28418181818181815,0.05336363636363633,-0.0029999999999999944,-0.1639090909090909,0.33463636363636373,-0.12060000000000001,0.33763636363636373,0.85,0.15000000000000002,11,0,40.0,40.0,0,0,0,0.5,0,0,0,0,526.5700534759359,481.6098974488177,,125.0,160.44897959183675,124.0,0.0,0.5,0.0,0,0.5,4.0,3.5,71.0,65.0,58.0,20.0,71.0,50.0,0.013874545454545443,-0.0,0.016881818181818185,-0.03278181818181818,-0.0020254545454545525,0.008123050252493982,0.025416648371509462,0.0656299772071971,0.008123050252493982,0.025416648371509462,0.0656299772071971,0.008123050252493982,0.04236108061918244,0.09375711029599586,84835.97365598823
55573,"VanDerLaan, John",0.165,0.264,0.102,0.218,0.488,0.165,0.264,0.102,0.218,0.488,0.0,0.0,0.2,0.8,0,0,40.0,40.0,0,0,0,0.5,0,0,0,0,526.5700534759359,481.6098974488177,,269.0,160.44897959183675,124.0,0.0,0.5,0.0,0,0.5,4.0,3.5,71.0,65.0,58.0,20.0,71.0,50.0,0.0,0.0,0.0,0.0,0.0,0.008284144571556816,0.024229606029999667,0.06543874055078311,0.008284144571556816,0.024229606029999667,0.06543874055078311,0.008284144571556816,0.040382676716666115,0.0934839150725473,84719.93263102055
27064,"Vegas, Jhonattan",0.18319999999999997,0.08039999999999997,0.021199999999999997,-0.2906,0.28459999999999996,0.2775,0.2780000000000001,-0.021642857142857148,-0.2636428571428571,0.5338571428571429,0.26339999999999997,0.5555000000000001,0.85,0.15000000000000002,14,4,34.0,25.0,0,0,0,1.0,0,0,1,1,526.5700534759359,481.6098974488177,0.0,88.0,160.44897959183675,124.0,0.0,0.5,0.0,0,0.5,4.0,3.5,71.0,65.0,58.0,20.0,71.0,50.0,0.07228000000000001,-0.0,0.027775000000000005,-0.05272857142857142,0.047326428571428596,0.00942672067933919,0.03618119843676056,0.08147288330124901,0.00942672067933919,0.03618119843676056,0.08147288330124901,0.00942672067933919,0.05566338221040086,0.13578813883541502,94338.49759893076
35658,"Ventura, Kris",0.4944,0.2854,-0.041800000000000004,0.5232,0.7382,0.16761538461538467,0.32684615384615384,-0.08615384615384616,0.45476923076923076,0.4084615384615385,0.78,0.4946153846153847,0.85,0.15000000000000002,13,1,4.0,4.0,0,1,1,1.0,0,0,1,1,526.5700534759359,481.6098974488177,0.0,220.0,160.44897959183675,124.0,0.0,0.5,0.0,0,0.5,4.0,3.5,71.0,65.0,58.0,20.0,71.0,50.0,0.08498,-0.0,0.024730769230769233,0.09095384615384615,0.20066461538461539,0.018557358422438684,0.05586581316762652,0.0896747259277085,0.018557358422438684,0.05586581316762652,0.0896747259277085,0.018557358422438684,0.08594740487327156,0.14945787654618084,110520.45385477418
54304,"Vilips, Karl",-0.25999999999999995,0.03619999999999999,-0.07719999999999999,-0.061399999999999996,-0.30119999999999997,-0.33455555555555555,0.24522222222222226,0.07077777777777777,-0.008444444444444428,-0.018555555555555527,-0.22399999999999998,-0.0893333333333333,0.85,0.15000000000000002,9,0,40.0,40.0,0,0,0,0.5,0,0,0,0,526.5700534759359,481.6098974488177,,137.0,160.44897959183675,124.0,0.0,0.5,0.0,0,0.5,4.0,3.5,71.0,65.0,58.0,20.0,71.0,50.0,0.06375777777777779,0.0,-0.004466666666666666,-0.0016888888888888856,0.057602222222222235,0.009554113194879305,0.021909024349234956,0.06478184357677103,0.009554113194879305,0.021909024349234956,0.06478184357677103,0.009554113194879305,0.03651504058205826,0.0925454908239586,85374.07365513768
27770,"Villegas, Camilo",-0.475,0.145,0.1558,0.10639999999999998,-0.17400000000000002,-0.6068,0.28200000000000003,0.3094,0.10560000000000003,-0.01520000000000001,-0.3298,-0.3246,0.85,0.15000000000000002,10,1,67.0,67.0,0,0,0,1.0,0,0,1,1,526.5700534759359,481.6098974488177,0.0,424.0,160.44897959183675,124.0,0.0,0.5,0.0,0,0.5,4.0,3.5,71.0,65.0,58.0,20.0,71.0,50.0,0.07332,0.0,-0.01623,0.021120000000000007,0.07821,0.011111573166402216,0.02078404796903507,0.055064183268573215,0.011111573166402216,0.02078404796903507,0.055064183268573215,0.011111573166402216,0.034640079948391786,0.0786631189551046,82955.41886003641
54607,"Walker, Danny",0.13319999999999996,0.011799999999999988,0.3106,0.6628000000000001,0.4558,0.352,0.0842857142857143,0.35999999999999993,0.5181428571428571,0.7964285714285715,0.1452,0.43642857142857167,0.85,0.15000000000000002,7,1,42.0,42.0,0,0,0,1.0,0,0,1,1,526.5700534759359,481.6098974488177,0.0,216.0,160.44897959183675,124.0,0.0,0.5,0.0,0,0.5,4.0,3.5,71.0,65.0,58.0,20.0,71.0,50.0,0.021914285714285716,0.0,0.021821428571428582,0.10362857142857143,0.14736428571428573,0.012732639029785458,0.04165328961704477,0.09303532116767439,0.012732639029785458,0.04165328961704477,0.09303532116767439,0.012732639029785458,0.06408198402622273,0.15505886861279067,103303.71102674575
48887,"Wallace, Matt",-0.1908,0.3672,0.264,0.4112,0.4404,-0.1814,0.3085,0.5511,0.4547,0.6784000000000001,0.1764,0.12729999999999997,0.85,0.15000000000000002,10,0,40.0,40.0,0,0,0,0.5,0,0,0,0,526.5700534759359,481.6098974488177,,78.0,160.44897959183675,124.0,0.0,0.5,0.0,0,0.5,4.0,3.5,71.0,65.0,58.0,20.0,71.0,50.0,0.08021,0.0,0.006364999999999998,0.09094,0.17751499999999998,0.014946247881515941,0.04643377968662965,0.09547362527061842,0.014946247881515941,0.04643377968662965,0.09547362527061842,0.014946247881515941,0.07143658413327639,0.15912270878436405,107406.06348072857
51894,"Whaley, Vince",-0.21539999999999998,0.5634,0.333,0.3268,0.6811999999999999,-0.014235294117647047,0.16617647058823531,0.2724705882352941,0.25141176470588233,0.42470588235294116,0.3481999999999999,0.15223529411764708,0.85,0.15000000000000002,17,1,32.0,32.0,0,0,0,1.0,0,0,1,1,526.5700534759359,481.6098974488177,0.0,105.0,160.44897959183675,124.0,0.0,0.5,0.0,0,0.5,4.0,3.5,71.0,65.0,58.0,20.0,71.0,50.0,0.04320588235294118,0.0,0.007611764705882354,0.050282352941176466,0.1011,0.010715912372387084,0.03481513455969259,0.06908220639495413,0.010715912372387084,0.03481513455969259,0.06908220639495413,0.010715912372387084,0.05356174547645013,0.11513701065825689,90542.25859077634
49964,"Wise, Aaron",-0.067,0.036,-0.025,0.237,-0.056,-0.067,0.036,-0.024999999999999998,0.237,-0.055999999999999994,-0.031,-0.030999999999999996,0.3,0.7,1,0,40.0,40.0,0,0,0,0.5,0,0,0,0,526.5700534759359,481.6098974488177,,500.0,160.44897959183675,124.0,0.0,0.5,0.0,0,0.5,4.0,3.5,71.0,65.0,58.0,20.0,71.0,50.0,0.009359999999999999,-0.0,-0.0015499999999999997,0.047400000000000005,0.05521,0.010485133944582416,0.02299519160839654,0.04615186755950889,0.010485133944582416,0.02299519160839654,0.04615186755950889,0.010485133944582416,0.038325319347327566,0.065931239370727,79169.0618917273
31323,"Woodland, Gary",-0.04579999999999999,0.6892,-0.3712,0.16599999999999998,0.27240000000000003,0.3607333333333333,0.4998666666666667,-0.36360000000000003,0.38439999999999996,0.49713333333333326,0.6436,0.8607333333333334,0.85,0.15000000000000002,15,3,49.666666666666664,39.0,0,0,0,1.0,0,0,1,1,526.5700534759359,481.6098974488177,0.0,131.0,160.44897959183675,124.0,0.0,0.5,0.0,0,0.5,4.0,3.5,71.0,65.0,58.0,20.0,71.0,50.0,0.12996533333333332,-0.0,0.04303666666666667,0.07687999999999999,0.249882,0.01151282468701365,0.04811496562778329,0.09377425858793267,0.01151282468701365,0.04811496562778329,0.09377425858793267,0.01151282468701365,0.07402302404274352,0.1562904309798878,103459.52261393276
54783,"Wu, Dylan",-0.51925,0.1425,-0.009500000000000008,0.2415,-0.38575000000000004,-0.51925,0.1425,-0.009500000000000008,0.2415,-0.38575000000000004,-0.37625000000000003,-0.37625000000000003,0.75,0.25,4,1,50.0,50.0,0,0,0,1.0,0,0,1,1,526.5700534759359,481.6098974488177,0.0,331.0,160.44897959183675,124.0,0.0,0.5,0.0,0,0.5,4.0,3.5,71.0,65.0,58.0,20.0,71.0,50.0,0.03704999999999999,-0.0,-0.018812500000000003,0.0483,0.0665375,0.01106926715903053,0.01660773706170318,0.04278533788758872,0.01106926715903053,0.01660773706170318,0.04278533788758872,0.01106926715903053,0.027679561769505305,0.061121911267983886,77326.88888814002
60386,"Yellamaraju, Sudarshan",0.165,0.264,0.102,0.218,0.488,0.165,0.264,0.102,0.218,0.488,0.0,0.0,0.2,0.8,0,0,40.0,40.0,0,0,0,0.5,0,0,0,0,526.5700534759359,481.6098974488177,,240.0,160.44897959183675,124.0,0.0,0.5,0.0,0,0.5,4.0,3.5,71.0,65.0,58.0,20.0,71.0,50.0,0.0,0.0,0.0,0.0,0.0,0.008284144571556816,0.02480967897431689,0.06620080090413806,0.008284144571556816,0.02480967897431689,0.06620080090413806,0.008284144571556816,0.04134946495719482,0.09457257272019724,85122.73348610787
57366,"Young, Cameron",0.21080000000000002,0.5742,0.0056,0.6167999999999999,0.7908000000000001,0.3611666666666667,0.01983333333333333,0.04427777777777777,0.7386111111111111,0.4253333333333333,0.7852,0.38105555555555554,0.85,0.15000000000000002,18,1,20.0,20.0,0,0,0,1.0,0,0,1,1,526.5700534759359,481.6098974488177,0.0,20.0,160.44897959183675,124.0,0.0,0.5,0.0,0,0.5,4.0,3.5,71.0,65.0,58.0,20.0,71.0,50.0,0.005156666666666665,0.0,0.019052777777777776,0.14772222222222223,0.17193166666666668,0.01889076038780855,0.0843885694586005,0.11737659842090106,0.01889076038780855,0.0843885694586005,0.11737659842090106,0.01889076038780855,0.12055509922657215,0.23475319684180213,126811.99918117945
45242,"Yu, Kevin",0.5694,0.5988,-0.09159999999999999,0.5356,1.0770000000000002,0.6512941176470589,0.32811764705882357,-0.098,0.16705882352941176,0.8814705882352941,1.1686,0.9794705882352942,0.85,0.15000000000000002,17,2,25.0,6.0,0,0,1,1.0,0,0,1,1,526.5700534759359,481.6098974488177,0.0,97.0,160.44897959183675,124.0,0.0,0.5,0.0,0,0.5,4.0,3.5,71.0,65.0,58.0,20.0,71.0,50.0,0.08531058823529412,-0.0,0.04897352941176471,0.033411764705882356,0.1676958823529412,0.015168742207743613,0.05800736953128014,0.11297757874749498,0.015168742207743613,0.05800736953128014,0.11297757874749498,0.015168742207743613,0.08924210697120022,0.18829596457915831,116582.81370875548
47483,"Zalatoris, Will",-0.014600000000000024,0.5151999999999999,-0.0596,-0.355,0.44160000000000005,0.12944444444444445,0.5373333333333333,0.10144444444444442,-0.46222222222222226,0.7685555555555554,0.5012000000000001,0.6671111111111111,0.85,0.15000000000000002,9,3,7.333333333333333,2.0,0,1,2,1.0,0,0,1,1,526.5700534759359,481.6098974488177,0.0,211.0,160.44897959183675,124.0,0.0,0.5,0.0,0,0.5,4.0,3.5,71.0,65.0,58.0,20.0,71.0,50.0,0.13970666666666665,0.0,0.033355555555555555,-0.09244444444444445,0.08061777777777775,0.016687229696655568,0.05165723573789602,0.09039034277665271,0.016687229696655568,0.05165723573789602,0.09039034277665271,0.016687229696655568,0.07947267036599387,0.1506505712944212,108121.8946186809
