player_id,player_name,sg_total,sg_ott,sg_app,sg_arg,sg_putt,sg_t2g,season_sg_total,season_sg_ott,season_sg_app,season_sg_putt,season_sg_t2g,season_sg_arg,sg_blend_current_weight,sg_blend_prior_weight,sg_blend_tournaments,hist_times_played,hist_avg_finish,hist_best_finish,hist_wins,hist_top5s,hist_top10s,hist_cut_rate,hist_missed_cuts,has_won_here,has_course_history,has_made_cut_here,venue_avg_finish,venue_finish_std,wins_at_venue,world_rank,field_avg_rank,field_median_rank,form_trend,finish_consistency,recent_top10s,recent_top5s,recent_wins,recent_cuts_made,recent_cuts_pct,consecutive_top10s,consecutive_cuts,hot_hand_flag,hot_hand_score,momentum_trend,recent_birdie_avg,recent_bogey_avg,recent_scoring_avg,recent_gir_pct,recent_scrambling,recent_bounce_back,recent_final_round,recent_sand_save,dg_fit_ott,dg_fit_app,dg_fit_arg,dg_fit_putt,dg_fit_total,course_starts,course_made_cut_rate,course_top_10_rate,course_top_20_rate,course_win_rate,course_avg_finish,course_best_finish,course_avg_to_par,course_avg_earnings,course_last_season,course_sg_total_weighted,course_sg_ott_weighted,course_sg_app_weighted,course_sg_putt_weighted,course_sg_t2g_weighted,course_sg_total_vs_avg,course_sg_ott_vs_avg,course_sg_app_vs_avg,course_sg_putt_vs_avg,course_sg_t2g_vs_avg,overall_sg_total_avg,course_stat_101_driving_distance_weighted,course_stat_102_driving_accuracy_weighted,course_stat_103_gir_percentage_weighted,course_stat_104_putts_per_round_weighted,course_stat_108_birdie_or_better_weighted,course_stat_111_sand_save_percentage_weighted,course_stat_119_1_putt_percentage_weighted,course_stat_120_scoring_average_weighted,course_stat_130_scrambling_weighted,course_stat_142_par_4_scoring_weighted,has_course_form_history,course_experience_tier,course_perf_score,win_prob,top5_prob,top10_prob,top20_prob_raw,top20_prob,win_prob_calibrated,top5_prob_calibrated,top10_prob_calibrated,top20_prob_calibrated,win_prob_raw,top5_prob_raw,top10_prob_raw,experience_factor,course_adjustment,win_prob_pre_course_adj,top5_prob_pre_course_adj,top10_prob_pre_course_adj,cut_prob,cut_risk,miss_cut_prob,expected_value
52955,"Åberg, Ludvig",0.5940769230769231,0.1506923076923077,0.2052596153846154,0.3866,0.30815538461538466,0.695076923076923,0.5940769230769231,0.1506923076923077,-0.04961538461538462,0.017615384615384647,0.695076923076923,0.7446923076923077,0.2,0.8,0,2,10.0,1.0,1,1,1,1.0,0,1,1,1,40.0,10.0,1.0,21,47.208333333333336,42.5,0.0,0.5185449728701348,0.0,0,0,1,0.3333333333333333,0,1,False,0.0,COLD,0.0,0.0,0.0,0.0,0.0,0.0,0.0,0.0,0.04370076923076924,-0.0034730769230769233,0.06702230769230769,0.0029946153846153903,0.11024461538461539,2.0,1.0,0.5,1.0,0.5,10.0,1.0,-9.0,2125700.0,2025.0,0.2535454545454544,1.0043636363636363,0.2526363636363636,0.4274545454545455,1.5104545454545453,-0.3962667763608941,0.771651775675305,0.1958796654326065,0.2401107088989441,0.5871895516248457,0.6498122309063485,310.54545454545456,51.94727272727273,63.51090909090909,1.713909090909091,69.22727272727273,58.11454545454546,27.65909090909091,69.60654545454545,69.98454545454545,2.753636363636363,True,familiar,3.853733223639106,0.02081127137694784,0.0881734825670567,0.1595414763465437,0.191301511587543,0.2867213528726055,0.016916107654360926,0.0851627321668207,0.13340763190351265,0.3087002276626341,0.016916107654360926,0.12166104595260101,0.2668152638070253,0.75,0.18,0.016916107654360926,0.0851627321668207,0.13340763190351265,1.0,LOW,0.0,329152.5383318146
40026,"Berger, Daniel",0.3212433333333333,0.7118366666666667,0.041583333333333326,1.1100000000000003,0.5936033333333333,1.0750966666666668,0.3309348333333333,0.6525805,-0.03538749999999999,0.09980916666666667,0.9484095000000001,1.0335133333333335,0.65,0.35,3,1,12.0,12.0,0,0,0,1.0,0,0,1,1,40.0,10.0,0.0,60,47.208333333333336,42.5,0.18940000000000007,0.9429195205436264,1.0,0,0,3,0.75,1,1,False,1.5,NEUTRAL,0.0,0.0,0.0,0.0,0.0,0.0,0.0,0.0,0.189248345,-0.0024771249999999993,0.0930162,0.016967558333333334,0.29675497833333336,1.0,1.0,0.0,1.0,0.0,12.0,12.0,-5.0,472000.0,2025.0,0.053,0.6,0.139,0.535,0.7920000000000001,-0.3048276695526696,-0.0658508658008658,0.0634020863395863,0.376921145983646,-0.3075977272727271,0.3578276695526696,288.5,64.29,73.61,1.83,70.75,25.0,30.25,70.672,68.42,3.0,True,rookie,0.39517233044733036,0.01650825985556298,0.07976006731527785,0.13561403149427734,0.18390446419049558,0.2672012538313421,0.01649174481186577,0.09132693833102687,0.13340763190351265,0.3013031802655867,0.01649174481186577,0.1304670547586098,0.2668152638070253,0.5,0.0,0.01649174481186577,0.09132693833102687,0.13340763190351265,1.0,LOW,0.0,302020.11719605845
56630,"Bhatia, Akshay",0.3916323529411765,1.0151823529411765,-0.21306764705882353,1.736,1.0151823529411763,1.1938088235294118,0.1519544117647059,0.8269194117647058,-0.21705558823529414,0.5175194117647058,0.761960294117647,1.0777529411764706,0.3,0.7,1,1,9.0,9.0,0,0,1,1.0,0,0,1,1,40.0,10.0,0.0,37,47.208333333333336,42.5,1.7119999999999997,1.0,1.6400000000000001,1,0,2,0.5,1,1,True,4.5,WARM,0.0,0.0,0.0,0.0,0.0,0.0,0.0,0.0,0.2398066294117647,-0.015193891176470591,0.09699776470588235,0.0879783,0.40958880294117644,1.0,1.0,1.0,1.0,0.0,9.0,9.0,-6.0,556666.67,2025.0,0.257,1.075,-0.207,0.453,1.125,0.0188251633986928,0.3972924836601306,-0.1812785947712418,-0.1237467320261437,0.2143725490196079,0.2381748366013072,297.0,60.71,72.22,1.808,70.5,62.5,29.75,70.422,70.0,2.8800000000000003,True,rookie,2.793825163398693,0.01639167422837049,0.06757547288352894,0.1307128368152981,0.19035288144419107,0.2652702345590275,0.016418620434150558,0.07693546465162748,0.12848883592097457,0.30342305705464867,0.016418620434150558,0.10990780664518213,0.25697767184194914,0.5,0.0,0.016418620434150558,0.07693546465162748,0.12848883592097457,0.9983412798889533,LOW,0.0016587201110467298,291313.1400649366
33141,"Bradley, Keegan",0.5019750000000001,0.026474999999999985,0.6490305555555556,0.44199999999999995,-0.43399444444444446,1.1775194444444443,0.3875425,0.2532924999999999,0.4865702777777777,-0.1739872222222222,1.127494722222222,0.6149777777777777,0.3,0.7,1,6,47.333333333333336,34.0,0,0,0,0.5,3,0,1,1,40.0,10.0,0.0,19,47.208333333333336,42.5,1.2049999999999998,0.5672110674711208,0.0,0,0,2,0.6666666666666666,0,0,False,0.0,COLD,0.0,0.0,0.0,0.0,0.0,0.0,0.0,0.0,0.07345482499999999,0.03405991944444444,0.055347999999999994,-0.02957782777777778,0.13328491666666664,3.0,1.0,0.0,0.0,0.0,47.333333333333336,34.0,0.3333333333333333,53420.193333333336,2025.0,0.2055454545454545,0.7362727272727273,-0.0028181818181818,-0.9762727272727272,0.939818181818182,-0.1645008514769544,0.4530451187293099,-0.3283306117901706,-0.8791481999618028,-0.0245514085179524,0.370046306022409,305.8636363636364,47.56818181818182,65.52999999999999,1.8018181818181815,71.52272727272727,66.06,29.681818181818183,71.58218181818182,62.32999999999999,3.0790909090909095,True,experienced,-0.3478341848102877,0.014235757022685806,0.0747769007617763,0.10521778642103728,0.1420650950832892,0.24240388336510282,0.01649174481186577,0.09885944775032872,0.11849837835621985,0.24634366803676264,0.01649174481186577,0.1412277825004696,0.2369967567124397,1.0,-0.131614892658044,0.01649174481186577,0.09885944775032872,0.11849837835621985,1.0,LOW,0.0,278832.31820052443
60004,"Bridgeman, Jacob",0.236506862745098,0.3997833333333334,-0.10967745098039217,1.0156666666666667,1.0117137254901962,0.52685,0.1447529901960784,0.2451591666666667,-0.019984460784313728,0.883260980392157,0.37010250000000006,0.6365274509803922,0.65,0.35,3,0,40.0,40.0,0,0,0,0.5,0,0,0,0,40.0,10.0,,52,47.208333333333336,42.5,0.28579999999999994,0.17539637649874323,1.8,1,0,4,1.0,2,4,True,5.0,HOT,0.0,0.0,0.0,0.0,0.0,0.0,0.0,0.0,0.07109615833333335,-0.001398912254901961,0.057287470588235294,0.1501543666666667,0.27713908333333337,0.0,1.0,0.0,0.5,0.0,40.0,40.0,0.0,0.0,0.0,0.0,0.0,0.0,0.0,0.0,0.0,0.0,0.0,0.0,0.0,0.0,0.0,0.0,0.0,0.0,0.0,0.0,0.0,0.0,0.0,0.0,False,none,0.0,0.009513887254648891,0.053304438320793665,0.10896074956560921,0.1610740799040559,0.24855020546351966,0.009605315422669989,0.06131242538445615,0.10665863198427422,0.18062816243450622,0.009605315422669989,0.0943268082837787,0.17776438664045704,0.0,0.0,0.009605315422669989,0.06131242538445615,0.10665863198427422,0.9979057501015922,LOW,0.002094249898407785,255512.1108783765
47504,"Burns, Sam",0.5451825,0.35314249999999997,0.05745,1.33,0.04261249999999994,0.921085,0.26851974999999995,0.06992775,0.04683225,0.68040875,0.38559550000000004,0.468055,0.3,0.7,1,6,15.0,3.0,0,1,2,0.6666666666666666,2,0,1,1,40.0,10.0,0.0,27,47.208333333333336,42.5,0.6209999999999999,0.8879161344003133,1.0,0,0,2,0.6666666666666666,1,1,False,1.5,NEUTRAL,0.0,0.0,0.0,0.0,0.0,0.0,0.0,0.0,0.0202790475,0.0032782575,0.042124949999999994,0.1156694875,0.1813517425,4.0,1.0,0.5,0.5,0.0,15.0,3.0,-6.25,337825.53500000003,2025.0,0.5766428571428571,0.0242142857142857,-0.0269285714285714,0.5889285714285715,0.5735714285714285,0.189317086038961,-0.2690281655844155,-0.0910917207792207,0.132544521103896,-0.1705488230519481,0.3873257711038961,304.55,59.185,61.40785714285715,1.7801428571428572,70.03571428571429,60.44214285714286,28.071428571428573,70.26578571428571,72.86642857142857,2.9535714285714287,True,experienced,1.814317086038961,0.004974073263465034,0.07329360248370764,0.13097765968783245,0.16400462376376262,0.2634188843634483,0.004572307910176736,0.0780271224843396,0.11710780488407734,0.26705949206175067,0.004572307910176736,0.11146731783477086,0.23421560976815467,1.0,0.09945370387617598,0.004572307910176736,0.0780271224843396,0.11710780488407734,1.0,LOW,0.0,269136.4328694763
46443,"Campbell, Brian",-0.7890611111111111,0.4945277777777778,-0.4067277777777779,-0.1409999999999999,0.7128388888888888,-0.7013388888888888,-0.8554405555555555,0.3613138888888889,0.10322611111111107,0.5163294444444444,-0.3910794444444444,-0.44822222222222213,0.3,0.7,1,0,40.0,40.0,0,0,0,0.5,0,0,0,0,40.0,10.0,,85,47.208333333333336,42.5,2.3689999999999993,0.2905932629027116,0.0,0,0,1,0.25,0,0,False,0.0,COLD,0.0,0.0,0.0,0.0,0.0,0.0,0.0,0.0,0.10478102777777777,0.007225827777777775,-0.04033999999999999,0.08777600555555555,0.1594428611111111,0.0,1.0,0.0,0.5,0.0,40.0,40.0,0.0,0.0,0.0,0.0,0.0,0.0,0.0,0.0,0.0,0.0,0.0,0.0,0.0,0.0,0.0,0.0,0.0,0.0,0.0,0.0,0.0,0.0,0.0,0.0,False,none,0.0,0.0018295166661639554,0.02383731510543051,0.05639234176606783,0.08514890312826051,0.21213865452610786,0.0018496124014063485,0.02786188572421842,0.053901439089692096,0.07957652598341682,0.0018496124014063485,0.0464364762070307,0.07700205584241729,0.0,0.0,0.0018496124014063485,0.02786188572421842,0.053901439089692096,0.9977762369867453,LOW,0.002223763013254665,193868.01479485194
35450,"Cantlay, Patrick",0.371284375,0.5644218750000001,0.44658125000000004,0.9490000000000001,-0.123896875,1.383003125,0.32615406249999995,0.5935703124999999,0.167836875,0.12973718750000002,1.0879071875,0.9238437500000001,0.3,0.7,1,6,12.833333333333334,3.0,0,3,3,1.0,0,0,1,1,40.0,10.0,0.0,28,47.208333333333336,42.5,0.7969999999999998,0.8879161344003133,0.0,0,0,2,0.6666666666666666,0,1,False,0.0,COLD,0.0,0.0,0.0,0.0,0.0,0.0,0.0,0.0,0.172135390625,0.011748581249999999,0.0831459375,0.022055321875000006,0.28908523124999996,6.0,1.0,0.5,0.8333333333333334,0.0,12.833333333333334,3.0,-8.166666666666666,554361.1116666667,2025.0,0.5086666666666666,0.6892380952380952,0.0831428571428571,0.8063333333333333,1.281904761904762,0.0672248427168069,0.2436604796988725,-0.2316194115408401,0.6494376346867419,0.0687514583630652,0.4414418239498596,302.4904761904762,54.07952380952381,65.60952380952381,1.7183333333333333,68.94047619047619,40.18047619047619,27.857142857142858,69.19738095238094,69.76095238095238,3.0404761904761903,True,veteran,1.7463915093834737,0.019043860811302417,0.11302022855450956,0.15414836927623946,0.16313204093394865,0.28232163594493254,0.016916107654360926,0.11921475946451181,0.13917716013243764,0.28560794185049376,0.016916107654360926,0.17030679923501688,0.2783543202648753,1.0,0.09219451351416391,0.016916107654360926,0.11921475946451181,0.13917716013243764,1.0,LOW,0.0,340275.68874276796
34021,"Cauley, Bud",0.1888,0.6565749999999999,-0.00606666666666665,0.865,-0.51745,0.7742733333333334,0.15799000000000002,0.5507875,-0.00606666666666665,-0.15572500000000003,0.70117,0.7495666666666667,0.5,0.5,2,1,51.0,51.0,0,0,0,1.0,0,0,1,1,40.0,10.0,0.0,79,47.208333333333336,42.5,0.44720000000000004,0.6601241465731191,0.0,0,0,3,0.75,0,3,False,0.0,COLD,0.0,0.0,0.0,0.0,0.0,0.0,0.0,0.0,0.159728375,-0.0004246666666666655,0.067461,-0.026473250000000007,0.20029145833333334,1.0,1.0,0.0,0.0,0.0,51.0,51.0,2.0,22487.4,2020.0,-0.216,0.744,-0.158,-0.627,0.37,-0.4388515873015873,0.2338849206349206,-0.3083857142857142,-0.3866190476190476,-0.5138087301587303,0.2228515873015873,284.0,50.0,55.56,1.7,71.5,50.0,27.75,71.257,53.13,3.06,True,rookie,-0.7138515873015872,0.004523547118041513,0.05253293818391565,0.10966475113709231,0.16262844546639513,0.2494378455327944,0.004572307910176736,0.06131242538445615,0.1073651617853375,0.1823120584603737,0.004572307910176736,0.0943268082837787,0.17894193630889585,0.5,0.0,0.004572307910176736,0.06131242538445615,0.1073651617853375,1.0,LOW,0.0,244107.03112732028
51766,"Clark, Wyndham",0.1328,-0.271,0.21553333333333335,0.03299999999999999,0.32741,0.07733333333333338,0.06838283333333334,-0.1345325,0.13404716666666666,0.27719316666666666,0.0681791666666667,-0.026919999999999982,0.65,0.35,3,6,22.25,8.0,0,0,1,0.6666666666666666,2,0,1,1,40.0,10.0,0.0,62,47.208333333333336,42.5,-0.12840000000000024,0.681654441618169,0.0,0,0,4,1.0,0,4,False,0.0,COLD,0.0,0.0,0.0,0.0,0.0,0.0,0.0,0.0,-0.039014425000000005,0.009383301666666666,-0.0024227999999999984,0.04712283833333333,0.015068914999999995,4.0,1.0,0.25,0.5,0.0,22.25,8.0,-3.75,155257.14250000002,2025.0,0.0666923076923076,0.1314615384615385,-0.1336153846153846,0.69,0.0657692307692308,-0.1130518985478807,0.1188073979591837,-0.2882137264521193,0.2806869538199895,-0.2715928342490842,0.1797442062401884,308.3615384615385,40.24538461538462,60.78923076923077,1.7533076923076922,70.78846153846153,58.97769230769231,28.25,70.70576923076922,65.40153846153846,3.0261538461538464,True,experienced,0.8306981014521193,0.0024453700108122206,0.03882917866393125,0.10363825277601477,0.16927724164527838,0.25323472449345275,0.002486224369049925,0.04574184019117357,0.10189429539758485,0.18795786246816898,0.002486224369049925,0.07037206183257472,0.16982382566264143,1.0,-0.0056654250937520955,0.002486224369049925,0.04574184019117357,0.10189429539758485,0.9996901171247033,LOW,0.00030988287529665204,229182.53509290333
39997,"Conners, Corey",0.29878529411764704,1.3478852941176471,-0.3118,2.165,-0.46322352941176476,1.33485,0.3700061764705882,0.6028361764705883,-0.20623999999999998,-0.020214117647058834,0.7665549999999999,1.1282999999999999,0.3,0.7,1,6,36.333333333333336,24.0,0,0,0,0.5,3,0,1,1,40.0,10.0,0.0,35,47.208333333333336,42.5,1.8779999999999997,0.7228202652129152,0.0,0,0,1,0.3333333333333333,0,1,False,0.0,COLD,0.0,0.0,0.0,0.0,0.0,0.0,0.0,0.0,0.1748224911764706,-0.0144368,0.10154699999999997,-0.0034364000000000018,0.25849629117647055,3.0,1.0,0.0,0.0,0.0,36.333333333333336,24.0,-1.3333333333333333,124771.42666666668,2025.0,0.3158,-0.0841333333333333,-0.2066666666666667,0.0890666666666666,0.0258,-0.1319323354341736,-0.9963917279411764,-0.0303498161764705,0.3019061099439776,-1.1719426207983192,0.4477323354341737,293.0066666666666,58.334,64.26,1.7466,70.98333333333333,40.806,28.816666666666663,71.28439999999999,57.10133333333333,3.062,True,experienced,-0.040265668767507035,0.012046092231888466,0.062304505202646424,0.09593436604538232,0.1332516535056084,0.23483043428630146,0.013472677884660176,0.07932858164533235,0.10383906885454873,0.22463003409761126,0.013472677884660176,0.11332654520761765,0.20767813770909746,1.0,-0.09874511786555068,0.013472677884660176,0.07932858164533235,0.10383906885454873,1.0,LOW,0.0,260573.63625480776
59836,"Coody, Pierceson",0.82285,0.36772499999999997,0.38032499999999997,1.1740000000000002,0.032912500000000004,1.571325,0.8497089285714285,0.34879375,0.3328866071428571,0.003041517857142871,1.531779464285714,1.1861428571428572,0.75,0.25,4,0,40.0,40.0,0,0,0,0.5,0,0,0,0,40.0,10.0,,46,47.208333333333336,42.5,-0.1884000000000004,0.5259488779550939,1.1520000000000001,1,0,5,1.0,0,5,True,4.0,WARM,0.0,0.0,0.0,0.0,0.0,0.0,0.0,0.0,0.10115018750000002,0.023302062499999998,0.10675285714285714,0.0005170580357142881,0.23172216517857142,0.0,1.0,0.0,0.5,0.0,40.0,40.0,0.0,0.0,0.0,0.0,0.0,0.0,0.0,0.0,0.0,0.0,0.0,0.0,0.0,0.0,0.0,0.0,0.0,0.0,0.0,0.0,0.0,0.0,0.0,0.0,False,none,0.0,0.02354202433328335,0.11228787686574579,0.2103098856001556,0.3041975997749511,0.33028269759481516,0.021066796220070114,0.12851684913787353,0.2083717357910906,0.46215783447180714,0.021066796220070114,0.1835954987683908,0.3472862263184844,0.0,0.0,0.021066796220070114,0.12851684913787353,0.2083717357910906,0.9961145631383895,LOW,0.0038854368616104695,377310.0590290395
28089,"Day, Jason",0.16299999999999998,0.903823076923077,0.5602980769230769,1.3869999999999998,0.9014942307692309,1.523825,0.11132499999999998,0.45887307692307694,0.46261057692307694,0.49663173076923084,1.0329125000000001,0.7820384615384615,0.5,0.5,2,4,22.666666666666668,9.0,0,0,2,0.75,1,0,1,1,40.0,10.0,0.0,34,47.208333333333336,42.5,0.16279999999999994,0.49391357268650815,0.6400000000000001,1,0,3,1.0,0,3,False,3.0,WARM,0.0,0.0,0.0,0.0,0.0,0.0,0.0,0.0,0.13307319230769232,0.03238274038461539,0.07038346153846153,0.08442739423076925,0.3202667884615385,3.0,1.0,0.6666666666666666,0.6666666666666666,0.0,22.666666666666668,9.0,-4.0,398833.3333333333,2025.0,-0.2311333333333333,-0.0345333333333333,0.5630666666666666,0.1501333333333333,0.2984666666666667,-0.358225575912183,-0.3440420121545122,0.1479538018529089,-0.478203173909424,-0.5588631106988249,0.1270922425788497,297.74,45.24,55.464000000000006,1.681266666666667,70.65,51.904,27.65,70.95106666666666,61.260666666666665,3.084,True,experienced,1.4084410907544833,0.025673826059683633,0.0865576204480108,0.2223800427013041,0.3483055632906476,0.355471106769115,0.021066796220070114,0.09250402713817348,0.20877745266202535,0.5158981450619738,0.021066796220070114,0.1321486101973907,0.3479624211033756,1.0,0.05607783195557856,0.021066796220070114,0.09250402713817348,0.20877745266202535,0.9996334946728005,LOW,0.0003665053271995067,373801.6688828731
51349,"Echavarria, Nico",-0.04,0.30100000000000005,-0.2601428571428571,0.0,0.8527857142857143,0.0010000000000000325,-0.04,0.30100000000000005,-0.2601428571428571,0.8527857142857143,0.0010000000000000325,0.2611428571428572,0.2,0.8,0,1,34.0,34.0,0,0,0,1.0,0,0,1,1,40.0,10.0,0.0,58,47.208333333333336,42.5,0.0,0.89489291724392,0.8,0,0,1,0.25,0,0,False,1.0,NEUTRAL,0.0,0.0,0.0,0.0,0.0,0.0,0.0,0.0,0.08729000000000002,-0.01821,0.023502857142857145,0.14497357142857142,0.23755642857142859,1.0,1.0,0.0,0.0,0.0,34.0,34.0,0.0,109000.0,2025.0,-0.066,0.345,-0.3779999999999999,0.1769999999999999,-0.1,-0.1643611111111111,0.2012944444444444,-0.2682373015873015,-0.5812976190476191,-0.1793333333333333,0.0983611111111111,288.4,69.64,68.06,1.837,72.0,62.5,30.25,71.922,60.87,2.8800000000000003,True,rookie,-0.014361111111111075,0.007028433927902313,0.04453634364401174,0.10029457410555284,0.15384042814953752,0.24441933734596621,0.007099174962239532,0.0513954227941675,0.0979613343193357,0.1718000061080824,0.007099174962239532,0.07906988122179615,0.16326889053222615,0.5,0.0,0.007099174962239532,0.0513954227941675,0.0979613343193357,0.9828601492035989,LOW,0.017139850796401124,240328.10713368162
34099,"English, Harris",0.7315271929824562,-0.0382061403508772,0.031581578947368426,0.9430000000000001,0.2960140350877193,0.7249394736842106,0.575003201754386,-0.0439734649122807,0.039759605263157895,0.37315649122807015,0.5708501315789475,0.6933578947368422,0.65,0.35,3,3,14.333333333333334,7.0,0,0,1,1.0,0,0,1,1,40.0,10.0,0.0,15,47.208333333333336,42.5,-0.29939999999999994,0.07949493345141213,0.0,0,0,4,1.0,0,4,False,0.0,COLD,0.0,0.0,0.0,0.0,0.0,0.0,0.0,0.0,-0.012752304824561404,0.0027831723684210528,0.062402210526315796,0.06343660350877192,0.11586968157894736,3.0,1.0,0.3333333333333333,0.6666666666666666,0.0,14.333333333333334,7.0,-7.333333333333333,436619.0466666667,2025.0,-0.1070666666666666,0.0812,0.1286,1.328,0.1035333333333333,-0.3364138059609809,0.1324886566907465,-0.0419586331023636,0.8969180610840828,-0.2505541095385523,0.2293471392943142,298.02666666666664,57.14666666666667,62.49933333333333,1.7,69.66666666666667,58.333333333333336,27.35,69.96773333333333,67.618,2.996,True,experienced,0.9719195273723522,0.024127622902586382,0.07552860410084483,0.13686714838989494,0.1925345739181663,0.2682235512836511,0.021066796220070114,0.0841351802246346,0.13340763190351265,0.3099332899932574,0.021066796220070114,0.12019311460662087,0.2668152638070253,1.0,0.009426875397846911,0.021066796220070114,0.0841351802246346,0.13340763190351265,0.9966569410067697,LOW,0.0033430589932302857,316825.01542818797
29725,"Finau, Tony",0.45867500000000005,1.02005,-0.06760000000000001,2.321,-0.08522500000000001,1.4111,0.04355249999999999,0.340215,0.15261999999999998,-0.012717500000000024,0.53633,0.6364000000000001,0.3,0.7,1,6,21.666666666666668,2.0,0,2,2,1.0,0,0,1,1,40.0,10.0,0.0,96,47.208333333333336,42.5,1.1109999999999998,0.9093098726201342,0.0,0,0,2,0.4,0,0,False,0.0,COLD,0.0,0.0,0.0,0.0,0.0,0.0,0.0,0.0,0.09866235000000001,0.0106834,0.057276,-0.0021619750000000043,0.164459775,6.0,1.0,0.3333333333333333,0.6666666666666666,0.0,21.666666666666668,2.0,-5.666666666666667,380959.0116666667,2025.0,0.1325714285714285,0.952095238095238,0.3620952380952381,-0.0976190476190476,1.4477619047619048,-0.2153181335034014,0.1304935161564625,0.2217060657596372,-0.0479649943310657,0.1229160289115647,0.3478895620748299,299.1380952380952,47.70571428571428,62.03666666666667,1.763904761904762,69.67857142857143,54.37142857142857,28.333333333333332,69.93547619047618,66.60761904761905,3.07,True,veteran,0.9096818664965984,0.004536273977231533,0.04661796832633079,0.11703229892496858,0.18677561685323496,0.2632273924720272,0.004572307910176736,0.054163123884891834,0.11444152977959325,0.22373783813176246,0.004572307910176736,0.08332788289983359,0.19073588296598876,1.0,0.0027755512541460274,0.004572307910176736,0.054163123884891834,0.11444152977959325,0.9993431900070785,LOW,0.0006568099929215032,245586.87228826236
40098,"Fitzpatrick, Matt",0.272285,0.5073333333333334,0.19953666666666667,1.0414999999999999,-0.10369833333333336,0.9790616666666665,0.1894425,0.347,0.15453499999999998,0.20161749999999998,0.6907975,0.6672499999999999,0.5,0.5,2,5,28.0,5.0,0,1,1,0.6,2,0,1,1,40.0,10.0,0.0,20,47.208333333333336,42.5,1.0977000000000001,0.8120998539831823,0.8,0,0,3,1.0,0,3,False,1.0,NEUTRAL,0.0,0.0,0.0,0.0,0.0,0.0,0.0,0.0,0.10063,0.01081745,0.06005249999999998,0.034274975,0.205774925,3.0,1.0,0.3333333333333333,0.3333333333333333,0.0,28.0,5.0,-1.3333333333333333,151277.85666666666,2025.0,0.2971111111111111,0.2006666666666666,-0.8573333333333333,0.129,-0.360111111111111,0.0168596554239411,-0.0494767613339042,-1.052379315922173,-0.2248947159982874,-1.076976039040325,0.2802514556871699,291.5333333333333,58.92555555555555,60.95777777777778,1.8034444444444448,72.05555555555556,66.66666666666667,29.11111111111111,71.89788888888889,53.30888888888889,3.052222222222222,True,experienced,0.9835263220906076,0.02217095850258751,0.08145911245594273,0.14428863861375332,0.1997572138161007,0.27427803077771884,0.02036233462999967,0.09132693833102687,0.14061342718787861,0.3234970297414339,0.02036233462999967,0.1304670547586098,0.28122685437575723,1.0,0.010667290812793644,0.02036233462999967,0.09132693833102687,0.14061342718787861,1.0,LOW,0.0,320166.72770979523
30911,"Fleetwood, Tommy",0.487754375,0.58330375,0.405705,-0.1303,-0.020774999999999988,1.2958125,0.2713125,0.719625,0.3045,0.378,1.2958125,0.9913125,0.2,0.8,0,3,11.666666666666666,5.0,0,1,2,1.0,0,0,1,1,40.0,10.0,0.0,3,47.208333333333336,42.5,0.07200000000000002,0.5,0.0,0,0,1,1.0,1,1,False,3.5,WARM,0.0,0.0,0.0,0.0,0.0,0.0,0.0,0.0,0.20869125,0.021315,0.089218125,0.06426,0.383484375,3.0,1.0,0.6666666666666666,1.0,0.0,11.666666666666666,5.0,-7.0,463055.55666666664,2025.0,0.0515333333333333,0.6319999999999999,-0.023,0.8366666666666667,0.6615333333333333,-0.1857116496598639,0.233395804988662,-0.2933130385487528,0.5201051020408163,-0.2863181405895691,0.2372449829931972,300.5733333333334,54.64266666666667,65.18599999999999,1.6971333333333334,69.6,53.248666666666665,28.416666666666668,69.90106666666665,60.67866666666667,2.9953333333333334,True,experienced,1.8559550170068027,0.027925824953932026,0.13113961420671658,0.2669378978747924,0.3654573274761289,0.3743357554071124,0.021066796220070114,0.13589442884863076,0.24024120095203902,0.5355020238508754,0.021066796220070114,0.20906835207481655,0.4004020015867317,1.0,0.10390353974152175,0.021066796220070114,0.13589442884863076,0.24024120095203902,0.9973044706870491,LOW,0.0026955293129509172,427068.78846787935
32102,"Fowler, Rickie",0.24590147058823528,0.6833602941176471,-0.27228235294117653,1.2475,0.25843970588235293,0.6573455882352942,0.27877426470588235,0.35544485294117645,-0.13975882352941177,0.19895514705882356,0.4947022058823529,0.7933970588235294,0.5,0.5,2,5,33.8,20.0,0,0,0,1.0,0,0,1,1,40.0,10.0,0.0,69,47.208333333333336,42.5,0.5397,0.015713484026367724,0.0,0,0,3,1.0,0,3,False,0.0,COLD,0.0,0.0,0.0,0.0,0.0,0.0,0.0,0.0,0.10307900735294118,-0.009783117647058824,0.07140573529411764,0.03382237500000001,0.198524,5.0,1.0,0.0,0.4,0.0,33.8,20.0,-2.2,103120.332,2025.0,0.22195,-0.1224999999999999,-0.1173,0.17245,-0.0174999999999999,0.0391774846477052,-0.5216955424477483,-0.1072956192092221,-0.0151751306291747,-0.5917512268368885,0.1827725153522947,307.19,53.928,58.958000000000006,1.7525000000000002,70.8625,71.0,27.875,71.14439999999999,64.37750000000001,3.049,True,veteran,0.19417748464770523,0.008825477948299399,0.06104821369553163,0.10181563926184871,0.14482785978297713,0.23962839898261462,0.009620754669234757,0.07621445724058074,0.10740236748712455,0.23934194317164667,0.009620754669234757,0.10887779605797249,0.2148047349742491,1.0,-0.07369023333592566,0.009620754669234757,0.07621445724058074,0.10740236748712455,0.9996266288283328,LOW,0.0003733711716672472,255206.88752756265
29936,"Fox, Ryan",0.0948,0.4415,-0.35807500000000003,0.632,0.45045,0.562,0.05294,0.35895,0.051425,0.339235,0.4632,0.4405,0.3,0.7,1,0,40.0,40.0,0,0,0,0.5,0,0,0,0,40.0,10.0,,49,47.208333333333336,42.5,1.9364999999999997,0.0,0.0,0,0,2,1.0,0,2,False,0.0,COLD,0.0,0.0,0.0,0.0,0.0,0.0,0.0,0.0,0.10409550000000001,0.00359975,0.039645,0.057669950000000005,0.2050102,0.0,1.0,0.0,0.5,0.0,40.0,40.0,0.0,0.0,0.0,0.0,0.0,0.0,0.0,0.0,0.0,0.0,0.0,0.0,0.0,0.0,0.0,0.0,0.0,0.0,0.0,0.0,0.0,0.0,0.0,0.0,False,none,0.0,0.013384426852928772,0.061337255821999795,0.11994011133476401,0.1747626514985559,0.25636723701183095,0.013472677884660176,0.07010639950028572,0.11767742313586307,0.21791103998170566,0.013472677884660176,0.10015199928612246,0.1961290385597718,0.0,0.0,0.013472677884660176,0.07010639950028572,0.11767742313586307,0.9999789411550111,LOW,2.1058844988930403e-05,274903.1963045088
59018,"Gerard, Ryan",0.23718333333333336,0.6008333333333333,0.22168333333333332,0.9806666666666668,0.6417666666666668,1.0603333333333333,0.19288583333333337,0.5530583333333333,0.15041083333333333,0.35301500000000013,0.8967499999999999,0.83865,0.65,0.35,3,0,40.0,40.0,0,0,0,0.5,0,0,0,0,40.0,10.0,,25,47.208333333333336,42.5,0.8230999999999999,0.5901977069875258,1.512,2,0,4,1.0,1,4,True,6.5,HOT,0.0,0.0,0.0,0.0,0.0,0.0,0.0,0.0,0.16038691666666666,0.010528758333333332,0.07547849999999999,0.06001255000000003,0.30640672500000005,0.0,1.0,0.0,0.5,0.0,40.0,40.0,0.0,0.0,0.0,0.0,0.0,0.0,0.0,0.0,0.0,0.0,0.0,0.0,0.0,0.0,0.0,0.0,0.0,0.0,0.0,0.0,0.0,0.0,0.0,0.0,False,none,0.0,0.017064149317159626,0.07984600710775108,0.13561403149427734,0.18390446419049558,0.2672012538313421,0.016916107654360926,0.09132693833102687,0.13340763190351265,0.3013031802655867,0.016916107654360926,0.1304670547586098,0.2668152638070253,0.0,0.0,0.016916107654360926,0.09132693833102687,0.13340763190351265,0.9981997525216066,LOW,0.0018002474783933575,303337.6165115078
25900,"Glover, Lucas",0.044000000000000004,0.6398571428571429,0.20392857142857143,0.0,-0.19464285714285715,0.8875,0.044000000000000004,0.6398571428571429,0.20392857142857143,-0.19464285714285715,0.8875,0.6835714285714286,0.2,0.8,0,4,33.0,31.0,0,0,0,0.5,2,0,1,1,40.0,10.0,0.0,73,47.208333333333336,42.5,0.0,0.5,0.0,0,0,1,1.0,0,1,False,0.0,COLD,0.0,0.0,0.0,0.0,0.0,0.0,0.0,0.0,0.18555857142857146,0.014275,0.06152142857142857,-0.03308928571428572,0.22826571428571435,2.0,1.0,0.0,0.0,0.0,33.0,31.0,-2.0,116250.0,2025.0,0.0677272727272727,-0.5573636363636363,0.6286363636363637,-0.0409090909090909,0.1384545454545455,-0.0464434400022635,-1.2360108997134205,0.5154271732935599,0.1164269946362382,-0.7881195286195285,0.1141707127295362,288.40909090909093,71.75454545454545,61.23636363636364,1.7745454545454549,71.06818181818181,69.47818181818182,28.363636363636363,71.44745454545455,65.0290909090909,3.0,True,familiar,0.12855655999773655,0.00660097622739257,0.056701205998057995,0.09757928686699956,0.1388908935143676,0.23617236684747772,0.007099174962239532,0.07010639950028572,0.10137207859759566,0.22809832268025174,0.007099174962239532,0.10015199928612246,0.20274415719519132,0.75,-0.060527344561115644,0.007099174962239532,0.07010639950028572,0.10137207859759566,0.9999921153301057,LOW,7.88466989432024e-06,245063.01848491223
59095,"Gotterup, Chris",0.9708166666666668,0.6028916666666668,0.47029166666666666,2.0176666666666665,0.11530833333333332,2.044025,0.8710308333333334,0.41410458333333344,0.3786145833333333,0.09947541666666666,1.66379125,1.5737333333333332,0.65,0.35,3,0,40.0,40.0,0,0,0,0.5,0,0,0,0,40.0,10.0,,7,47.208333333333336,42.5,0.17299999999999977,0.49518515055818596,1.512,2,2,4,1.0,1,4,True,10.0,HOT,0.0,0.0,0.0,0.0,0.0,0.0,0.0,0.0,0.1200903291666667,0.02650302083333333,0.14163599999999998,0.016910820833333333,0.3051401708333334,0.0,1.0,0.0,0.5,0.0,40.0,40.0,0.0,0.0,0.0,0.0,0.0,0.0,0.0,0.0,0.0,0.0,0.0,0.0,0.0,0.0,0.0,0.0,0.0,0.0,0.0,0.0,0.0,0.0,0.0,0.0,False,none,0.0,0.036051959178079344,0.13168200504383995,0.24609125577231172,0.35841566158639204,0.3612446059825842,0.026036376206237402,0.14916989116415227,0.24428160499244309,0.5272623525021881,0.026036376206237402,0.22949214025254197,0.4071360083207385,0.0,0.0,0.026036376206237402,0.14916989116415227,0.24428160499244309,0.9966024672419855,LOW,0.0033975327580144654,436953.5230394892
51977,"Greyserman, Max",-0.21625312500000005,0.316571875,0.084103125,-0.014000000000000005,-0.252328125,0.18444375,-0.0007821875000000242,0.2497153125,0.11933718750000001,0.27504531249999997,0.36832062499999996,0.21468125,0.3,0.7,1,1,24.0,24.0,0,0,0,1.0,0,0,1,1,40.0,10.0,0.0,51,47.208333333333336,42.5,1.1909999999999994,0.4511559227879721,0.0,0,0,2,0.5,0,1,False,0.0,COLD,0.0,0.0,0.0,0.0,0.0,0.0,0.0,0.0,0.07241744062500001,0.008353603125000001,0.019321312499999996,0.046757703125,0.146850059375,1.0,1.0,0.0,0.0,0.0,24.0,24.0,-2.0,164857.14,2025.0,0.41,-0.957,-0.641,1.765,-1.188,0.4344236111111111,-1.1959139957264957,-0.7055860042735043,1.5671372863247863,-1.4671399572649573,-0.0244236111111111,303.6,51.79,58.330000000000005,1.6900000000000002,71.5,50.0,27.75,71.422,53.330000000000005,3.0,True,rookie,0.8344236111111112,0.013377469270489568,0.046197947383875476,0.10896074956560921,0.17200918841998905,0.2547948371742237,0.013472677884660176,0.05219983495451186,0.10665863198427422,0.19156327095043935,0.013472677884660176,0.0803074383915567,0.17776438664045704,0.5,0.0,0.013472677884660176,0.05219983495451186,0.10665863198427422,0.9968689071715262,LOW,0.0031310928284737916,260907.50303924497
54591,"Griffin, Ben",0.20995454545454545,0.5183181818181818,0.6440666666666666,-0.06299999999999983,0.270344696969697,0.8580280303030303,0.12153041666666665,0.27228874999999997,0.48269333333333325,0.34943541666666667,0.8766795833333334,0.21396136363636373,0.65,0.35,3,2,40.5,37.0,0,0,0,1.0,0,0,1,1,40.0,10.0,0.0,11,47.208333333333336,42.5,1.4793,0.21984843263788198,0.0,0,0,4,1.0,0,4,False,0.0,COLD,0.0,0.0,0.0,0.0,0.0,0.0,0.0,0.0,0.07896373749999999,0.03378853333333333,0.019256522727272733,0.05940402083333334,0.1914128143939394,2.0,1.0,0.0,0.0,0.0,40.5,37.0,0.5,80250.0,2025.0,-0.0445454545454545,-0.2396363636363636,-0.005090909090909,-0.2722727272727273,-0.2897272727272727,-0.0787401594896331,-0.5570585167464115,-0.5207884529505583,-0.6840968102073366,-1.1675190749601276,0.0341947049441786,293.6,51.30090909090909,59.598181818181814,1.7873636363636365,71.72727272727273,54.54454545454546,28.90909090909091,72.10654545454545,61.78636363636363,2.9072727272727272,True,familiar,-0.09124015948963306,0.012781593937162768,0.07315055111956498,0.11417023416704698,0.1574246106974003,0.24970732373421906,0.013970165104870548,0.09132693833102687,0.12137133486119661,0.2642313853752533,0.013970165104870548,0.1304670547586098,0.24274266972239322,0.75,-0.07814456225288136,0.013970165104870548,0.09132693833102687,0.12137133486119661,1.0,LOW,0.0,278659.7150558584
57975,"Hall, Harry",0.23613,-0.15089750000000002,0.318585,0.12249999999999994,1.1938425000000001,0.40419499999999997,0.083965,-0.03287375000000001,0.3488425,1.05719625,0.4001975,0.06979999999999997,0.5,0.5,2,0,40.0,40.0,0,0,0,0.5,0,0,0,0,40.0,10.0,,59,47.208333333333336,42.5,0.8559,0.7895146188218007,1.0,0,0,3,0.75,1,2,False,1.5,NEUTRAL,0.0,0.0,0.0,0.0,0.0,0.0,0.0,0.0,-0.009533387500000002,0.024418975,0.006281999999999997,0.1797233625,0.20089095,0.0,1.0,0.0,0.5,0.0,40.0,40.0,0.0,0.0,0.0,0.0,0.0,0.0,0.0,0.0,0.0,0.0,0.0,0.0,0.0,0.0,0.0,0.0,0.0,0.0,0.0,0.0,0.0,0.0,0.0,0.0,False,none,0.0,0.0038932891285700004,0.04265892977303117,0.09732092101453169,0.14925179223838472,0.24179893890383752,0.0039356959425331595,0.04974801043626667,0.09497700216450215,0.16666424263521015,0.0039356959425331595,0.07653540067117949,0.1582950036075036,0.0,0.0,0.0039356959425331595,0.04974801043626667,0.09497700216450215,0.9995770588325961,LOW,0.00042294116740393406,230433.37066208752
27644,"Harman, Brian",-0.028388888888888887,-0.20669722222222223,0.17155555555555557,-0.47,0.1572638888888889,-0.1968888888888889,-0.031628055555555555,0.07709638888888887,0.13478722222222222,0.09520694444444444,0.18025555555555556,-0.021766666666666656,0.3,0.7,1,5,37.75,17.0,0,0,0,0.8,1,0,1,1,40.0,10.0,0.0,43,47.208333333333336,42.5,2.0224999999999995,0.7035623639735145,0.0,0,0,2,0.5,0,2,False,0.0,COLD,0.0,0.0,0.0,0.0,0.0,0.0,0.0,0.0,0.022357952777777773,0.009435105555555556,-0.001958999999999999,0.016185180555555557,0.04601923888888889,4.0,1.0,0.0,0.25,0.0,37.75,17.0,-0.25,96693.8225,2025.0,-0.2911428571428571,-0.2857857142857142,0.1981428571428571,0.4162142857142857,-0.3787857142857143,-0.3452330882352941,-0.3544020920868347,0.0853916228991596,0.1574808998599439,-0.630118224789916,0.0540902310924369,292.42142857142863,58.41571428571428,58.132857142857134,1.684928571428571,71.16071428571429,59.00857142857143,27.428571428571427,71.39078571428571,64.73071428571428,2.9235714285714285,True,experienced,-0.28898308823529406,0.003956279985336973,0.0386160305545753,0.0882160387072833,0.15423063970582254,0.24464217257935328,0.004572307910176736,0.0513954227941675,0.09813870320855615,0.17222273529405785,0.004572307910176736,0.07906988122179615,0.1635645053475936,1.0,-0.12532548984269778,0.004572307910176736,0.0513954227941675,0.09813870320855615,0.9995929270703998,LOW,0.00040707292960018293,226187.48790785606
34098,"Henley, Russell",0.1015625,1.33501875,0.4559375,1.7355,0.2556875,1.560434375,0.07895468749999998,0.9933218749999999,0.3123078125,0.18965156250000004,1.3848734375,1.2444375,0.5,0.5,2,6,30.2,17.0,0,0,0,0.8333333333333334,1,0,1,1,40.0,10.0,0.0,6,47.208333333333336,42.5,0.14859999999999987,0.17284832429004496,0.6400000000000001,0,0,3,1.0,0,3,False,1.0,NEUTRAL,0.0,0.0,0.0,0.0,0.0,0.0,0.0,0.0,0.28806334375,0.021861546875000002,0.111999375,0.03224076562500001,0.45416503125,5.0,1.0,0.0,0.2,0.0,30.2,17.0,-2.6,95837.428,2025.0,-0.4958235294117647,0.417235294117647,0.2236470588235294,0.0423529411764705,0.1452941176470588,-0.5811414361577965,-0.5122311741363212,-0.018132008636788,-0.0590233981092437,-1.132935297035481,0.0853179067460317,290.0411764705882,54.0970588235294,65.19941176470587,1.8075882352941175,70.86764705882354,47.17176470588235,29.11764705882353,71.16476470588235,65.97823529411765,3.1088235294117643,True,veteran,-0.33614143615779646,0.018794059214961845,0.0923811159241977,0.20582262514120625,0.3697009729839511,0.3676892254681323,0.021066796220070114,0.12170396954179777,0.23442988019732203,0.5532997233778912,0.021066796220070114,0.17386281363113967,0.39071646699553675,1.0,-0.13036529136641128,0.021066796220070114,0.12170396954179777,0.23442988019732203,0.9988276408191911,LOW,0.001172359180808935,361599.456128631
54421,"Higgo, Garrick",0.1888571428571429,-0.17342857142857143,0.07071428571428572,0.0,0.8441428571428571,0.08614285714285715,0.1888571428571429,-0.17342857142857143,0.07071428571428572,0.8441428571428571,0.08614285714285715,0.01542857142857143,0.2,0.8,0,0,40.0,40.0,0,0,0,0.5,0,0,0,0,40.0,10.0,,74,47.208333333333336,42.5,0.0,0.15713484026367722,0.0,0,0,1,0.3333333333333333,0,1,False,0.0,COLD,0.0,0.0,0.0,0.0,0.0,0.0,0.0,0.0,-0.05029428571428572,0.0049499999999999995,0.0013885714285714285,0.14350428571428572,0.09954857142857143,0.0,1.0,0.0,0.5,0.0,40.0,40.0,0.0,0.0,0.0,0.0,0.0,0.0,0.0,0.0,0.0,0.0,0.0,0.0,0.0,0.0,0.0,0.0,0.0,0.0,0.0,0.0,0.0,0.0,0.0,0.0,False,none,0.0,0.002459341779416307,0.03093312897522541,0.07061577200069961,0.106618924023483,0.21745290151562763,0.002486224369049925,0.03614013628538923,0.06817594889361367,0.10328291144329323,0.002486224369049925,0.055600209669829585,0.0973942127051624,0.0,0.0,0.002486224369049925,0.03614013628538923,0.06817594889361367,1.0,LOW,0.0,205394.67561433086
51287,"Hisatsune, Ryo",0.44604666666666665,0.6530799999999999,0.43102,1.3646666666666667,0.21731333333333333,1.5302933333333335,0.318677,0.6080653333333332,0.375783,0.146667,1.3025506666666669,1.0992733333333333,0.65,0.35,3,0,40.0,40.0,0,0,0,0.5,0,0,0,0,40.0,10.0,,65,47.208333333333336,42.5,0.1146,0.8708616422830897,1.9520000000000002,1,0,4,0.8,0,0,True,5.0,HOT,0.0,0.0,0.0,0.0,0.0,0.0,0.0,0.0,0.17633894666666663,0.02630481,0.0989346,0.024933390000000003,0.32651174666666666,0.0,1.0,0.0,0.5,0.0,40.0,40.0,0.0,0.0,0.0,0.0,0.0,0.0,0.0,0.0,0.0,0.0,0.0,0.0,0.0,0.0,0.0,0.0,0.0,0.0,0.0,0.0,0.0,0.0,0.0,0.0,False,none,0.0,0.021539347607847762,0.08153297937941857,0.1307128368152981,0.17167060646033588,0.26320284087313084,0.02036233462999967,0.09250402713817348,0.12848883592097457,0.28474078207079345,0.02036233462999967,0.1321486101973907,0.25697767184194914,0.0,0.0,0.02036233462999967,0.09250402713817348,0.12848883592097457,0.9999667871046628,LOW,3.3212895337197956e-05,312314.0258703213
51696,"Hoey, Rico",0.34352604166666667,0.7054083333333334,-0.1596072916666667,0.8186666666666667,-0.7359020833333334,0.8897604166666666,0.46910130208333334,0.7299404166666668,-0.09348536458333337,-0.7802551041666667,1.1058380208333332,1.0493677083333333,0.65,0.35,3,0,40.0,40.0,0,0,0,0.5,0,0,0,0,40.0,10.0,,72,47.208333333333336,42.5,1.0142999999999998,0.5911946473972096,0.0,0,0,3,0.6,0,2,False,0.0,COLD,0.0,0.0,0.0,0.0,0.0,0.0,0.0,0.0,0.2116827208333334,-0.006543975520833336,0.09444309375,-0.13264336770833335,0.16693847135416673,0.0,1.0,0.0,0.5,0.0,40.0,40.0,0.0,0.0,0.0,0.0,0.0,0.0,0.0,0.0,0.0,0.0,0.0,0.0,0.0,0.0,0.0,0.0,0.0,0.0,0.0,0.0,0.0,0.0,0.0,0.0,False,none,0.0,0.007027615895340182,0.05292006398126686,0.11749423244286218,0.17991516272049055,0.2593096435658555,0.007099174962239532,0.06131242538445615,0.11522276053719906,0.21650389975377016,0.007099174962239532,0.0943268082837787,0.1920379342286651,0.0,0.0,0.007099174962239532,0.06131242538445615,0.11522276053719906,0.999736721705155,LOW,0.0002632782948449597,254739.5056779082
35532,"Hoge, Tom",-0.40504375,0.15760520833333333,-0.46564895833333336,-0.2853333333333333,0.5196864583333334,-0.713153125,-0.4642221875,0.24141526041666667,-0.29468744791666673,0.4436493229166667,-0.51760265625,-0.24750416666666664,0.65,0.35,3,5,32.0,8.0,0,0,1,0.8,1,0,1,1,40.0,10.0,0.0,92,47.208333333333336,42.5,0.9123,0.881816307401944,0.4096000000000001,0,0,3,0.6,0,2,False,1.0,NEUTRAL,0.0,0.0,0.0,0.0,0.0,0.0,0.0,0.0,0.07001042552083334,-0.020628121354166674,-0.022275374999999997,0.07542038489583335,0.10252731406250001,4.0,1.0,0.25,0.5,0.0,32.0,8.0,-1.0,267788.15,2025.0,-0.2588235294117647,0.6945294117647058,-0.5278823529411765,-0.0301176470588235,-0.091235294117647,-0.0253579103503749,0.1538060957480157,-0.3430486452171961,-0.3822356610154184,-0.202785825149898,-0.2334656190613897,289.1823529411764,52.627647058823534,59.968823529411765,1.743705882352941,71.25,70.29294117647059,28.36764705882353,71.474,60.61588235294118,3.0441176470588234,True,experienced,0.674642089649625,0.0017886224989600119,0.021938166206921208,0.0757994369001793,0.13367123300493686,0.23290146393887246,0.0018496124014063485,0.02620849630540979,0.07505519480519482,0.14481050242201493,0.0018496124014063485,0.04368082717568298,0.12509199134199137,1.0,-0.02234309428096236,0.0018496124014063485,0.02620849630540979,0.07505519480519482,0.9993144720723107,LOW,0.0006855279276892778,203044.52333295147
39977,"Homa, Max",-0.0009166666666666767,0.3933166666666667,-0.15046250000000003,0.649,0.5376041666666667,0.28177083333333336,0.019206249999999994,0.21207500000000004,-0.08635625000000002,0.41234375,0.14459375000000002,0.3393333333333334,0.5,0.5,2,6,6.8,1.0,1,3,4,0.8333333333333334,1,1,1,1,40.0,10.0,1.0,148,47.208333333333336,42.5,0.1488999999999998,0.6465482900433847,0.0,0,0,2,0.6666666666666666,0,0,False,0.0,COLD,0.0,0.0,0.0,0.0,0.0,0.0,0.0,0.0,0.061501750000000015,-0.006044937500000002,0.030540000000000005,0.0700984375,0.15609525000000002,5.0,1.0,0.8,1.0,0.2,6.8,1.0,-10.4,960998.0,2024.0,0.3302666666666666,0.4531999999999999,0.0498666666666666,1.3909999999999998,0.8344,0.2609153698979591,0.0925529495131384,0.0154166825063358,1.003142092253568,0.3625834608843538,0.0693512967687074,303.97333333333336,53.57066666666666,58.518,1.5806666666666669,68.38333333333334,59.681333333333335,26.083333333333332,68.7742,68.91266666666667,2.9626666666666663,True,veteran,3.6909153698979593,0.002268625247959338,0.03775013716308354,0.08642207360234216,0.10628988201280035,0.22707027051854267,0.0018496124014063485,0.03567632946076922,0.06777339880260155,0.12784692859788838,0.0018496124014063485,0.05488666070887572,0.11295566467100258,1.0,0.24,0.0018496124014063485,0.03567632946076922,0.06777339880260155,1.0,LOW,0.0,216454.94793141162
46717,"Hovland, Viktor",-0.32991250000000005,1.0542625,0.4408166666666667,0.571,0.6423166666666666,1.1658458333333332,0.03420124999999999,0.89080375,0.12337833333333335,0.28392833333333334,1.0486454166666666,0.8790583333333333,0.3,0.7,1,5,12.0,4.0,0,2,2,0.8,1,0,1,1,40.0,10.0,0.0,16,47.208333333333336,42.5,2.3049999999999993,0.8,0.8,0,0,2,1.0,0,2,False,1.0,NEUTRAL,0.0,0.0,0.0,0.0,0.0,0.0,0.0,0.0,0.2583330875,0.008636483333333335,0.07911525,0.04826781666666667,0.39435263750000005,4.0,1.0,0.5,1.0,0.0,12.0,4.0,-8.0,333291.6675,2024.0,0.6324285714285715,0.8319285714285714,-0.3018571428571429,0.2932142857142857,1.1633571428571428,0.4348117323852618,0.0590065872502846,-0.3170706141430932,-0.0833722989195678,0.1764857199289972,0.1976168390433096,312.4428571428571,49.235,59.91857142857142,1.7370714285714286,69.10714285714286,62.85642857142857,27.178571428571427,69.5432857142857,72.77571428571429,3.101428571428571,True,experienced,2.134811732385262,0.029353131961212003,0.1105148598017011,0.22658417364185715,0.30336071354627475,0.3414150361838848,0.021066796220070114,0.11057279774580417,0.19820366856419988,0.4566144045954892,0.021066796220070114,0.15796113963686312,0.3303394476069998,1.0,0.1337048911665468,0.021066796220070114,0.11057279774580417,0.19820366856419988,0.9991930352581676,LOW,0.0008069647418323944,396354.42015565047
39975,"Kim, Michael",-0.38373289473684213,0.3097184210526316,0.12795394736842106,-0.4564999999999999,0.9100407894736842,0.053902631578947396,-0.12023486842105262,0.4013855263157895,0.10516118421052631,0.4787572368421052,0.38624078947368423,0.08985526315789483,0.5,0.5,2,1,13.0,13.0,0,0,0,1.0,0,0,1,1,40.0,10.0,0.0,45,47.208333333333336,42.5,-0.2868,0.7903497819179669,0.0,0,0,2,0.5,0,1,False,0.0,COLD,0.0,0.0,0.0,0.0,0.0,0.0,0.0,0.0,0.11640180263157897,0.007361282894736841,0.008086973684210533,0.08138873026315789,0.21323878947368424,1.0,1.0,0.0,1.0,0.0,13.0,13.0,-4.0,384250.0,2025.0,0.198,0.535,0.056,0.289,0.789,0.3131658907477621,-0.0074891526061116,-0.0755888355742157,-0.2143666252525901,0.2140103582793642,-0.115165890747762,298.6,53.57,68.06,1.857,71.0,66.67,29.5,70.922,78.26,3.19,True,rookie,0.9881658907477622,0.007026893984137887,0.050469069758509844,0.10896074956560921,0.16455297113214998,0.25053687020026116,0.007099174962239532,0.05841334936104442,0.10665863198427422,0.1841070536626003,0.007099174962239532,0.08986669132468372,0.17776438664045704,0.5,0.0,0.007099174962239532,0.05841334936104442,0.10665863198427422,1.0,LOW,0.0,248421.04313801625
37455,"Kim, Si Woo",0.5993025000000001,1.331645,0.2191125,2.55575,-0.355995,2.1500775,0.532701875,1.10815875,0.264896875,-0.30898375,1.9057831250000001,2.109475,0.75,0.25,4,6,44.5,24.0,0,0,0,0.6666666666666666,2,0,1,1,40.0,10.0,0.0,26,47.208333333333336,42.5,0.9243999999999998,0.5369047091120236,1.5616000000000003,2,0,5,1.0,0,5,True,7.0,HOT,0.0,0.0,0.0,0.0,0.0,0.0,0.0,0.0,0.32136603750000003,0.01854278125,0.18985275,-0.052527237500000004,0.47723433125000003,4.0,1.0,0.0,0.0,0.0,44.5,24.0,0.0,73130.535,2025.0,-0.0601333333333333,0.2847333333333333,-0.0473333333333333,-0.4946666666666667,0.1772666666666666,-0.4819371259029927,-0.4579559007813652,-0.3293729857732567,-0.2686252911690993,-1.277487324929972,0.4218037925696594,291.4533333333333,62.73666666666667,58.794,1.7778,71.33333333333333,53.93733333333333,28.0,71.71726666666667,65.45866666666667,2.9873333333333334,True,experienced,-0.5944371259029928,0.017993370179299376,0.1033250298272805,0.1931414083737563,0.32991189667729337,0.3449671713355974,0.021066796220070114,0.14124146144609148,0.2270007501875469,0.48584522422552634,0.021066796220070114,0.21729455607090994,0.3783345836459115,1.0,-0.15796929082978747,0.021066796220070114,0.14124146144609148,0.2270007501875469,0.9994540325898659,LOW,0.0005459674101341294,358115.01204105176
55182,"Kim, Tom",0.14071333333333336,-0.10826250000000001,0.1475525,-0.018750000000000017,-0.14370500000000003,0.18028166666666665,0.0746516666666667,-0.018196875000000015,0.17926437500000003,-0.10897875000000003,0.23589458333333332,0.018020833333333312,0.75,0.25,4,3,37.666666666666664,24.0,0,0,0,1.0,0,0,1,1,40.0,10.0,0.0,118,47.208333333333336,42.5,0.5692999999999999,0.44558014617649505,0.0,0,0,4,1.0,0,4,False,0.0,COLD,0.0,0.0,0.0,0.0,0.0,0.0,0.0,0.0,-0.005277093750000005,0.01254850625,0.0016218749999999979,-0.018526387500000005,-0.00963310000000001,3.0,1.0,0.0,0.0,0.0,37.666666666666664,24.0,-1.0,96139.05,2025.0,0.1129333333333333,0.3070666666666666,0.1351333333333333,-0.6742,0.5561333333333334,0.037856862745098,0.1180688453159041,0.0407350762527233,-0.7016997821350763,0.1950055010893246,0.0750764705882353,296.14666666666665,61.074,61.11266666666667,1.7791333333333332,71.21666666666667,49.333333333333336,28.616666666666667,71.51773333333333,59.72466666666667,3.0233333333333334,True,experienced,0.09619019607843135,0.0016754980398287738,0.011055918014072215,0.05719538659023384,0.1146825543765275,0.22205773938556256,0.0018496124014063485,0.013944954128440368,0.05973477242302543,0.11189356355083944,0.0018496124014063485,0.02324159021406728,0.08533538917575062,1.0,-0.08416211176236085,0.0018496124014063485,0.013944954128440368,0.05973477242302543,1.0,LOW,0.0,187359.61268718666
48117,"Kitayama, Kurt",0.342225,0.5484,0.1936,0.863,-0.13832500000000003,1.084625,0.44271964285714294,0.4740214285714286,0.20065714285714287,-0.05459107142857144,1.1177053571428572,0.9030357142857143,0.5,0.5,2,2,39.0,39.0,0,0,0,0.5,1,0,1,1,40.0,10.0,0.0,42,47.208333333333336,42.5,0.7431,0.5525194818083592,0.0,0,0,3,0.75,0,3,False,0.0,COLD,0.0,0.0,0.0,0.0,0.0,0.0,0.0,0.0,0.13746621428571432,0.014046000000000003,0.08127321428571428,-0.009280482142857146,0.22350494642857144,1.0,1.0,0.0,0.0,0.0,39.0,39.0,-1.0,82000.0,2024.0,-0.184,0.787,-0.925,-0.357,-0.323,-0.529972184065934,0.2058953983516483,-1.0988151785714286,-0.2624184752747253,-1.4272920329670329,0.345972184065934,309.9,42.86,52.779999999999994,1.789,70.75,28.57,27.25,71.678,67.65,3.06,True,rookie,-0.504972184065934,0.01648510908118753,0.10239495584933105,0.12935160508909593,0.13794360594714247,0.26209234293749106,0.01649174481186577,0.11810530716510605,0.12712271570239533,0.24981159576525036,0.01649174481186577,0.16872186737872294,0.25424543140479067,0.5,0.0,0.01649174481186577,0.11810530716510605,0.12712271570239533,1.0,LOW,0.0,315095.6462214073
47420,"Knapp, Jake",0.6263156250000002,0.24573958333333334,0.11666249999999997,1.1186666666666665,0.84578125,0.9886958333333332,0.48417078125000007,0.22758697916666665,0.07224312499999998,0.7318890625,0.7839647916666665,0.8720333333333332,0.65,0.35,3,1,17.0,17.0,0,0,0,1.0,0,0,1,1,40.0,10.0,0.0,55,47.208333333333336,42.5,0.07219999999999963,0.07071067811865475,1.9520000000000002,1,0,4,1.0,0,4,True,5.0,HOT,0.0,0.0,0.0,0.0,0.0,0.0,0.0,0.0,0.06600022395833333,0.005057018749999999,0.078483,0.12442114062500001,0.2739613833333333,1.0,1.0,0.0,1.0,0.0,17.0,17.0,-3.0,270714.29,2025.0,0.591,0.6709999999999999,0.166,-0.6,1.428,0.1773449074074073,0.464949074074074,0.1345648148148148,-1.1696064814814815,0.7768425925925926,0.4136550925925926,296.9,53.57,70.83,1.824,71.25,100.0,30.25,71.172,57.14000000000001,3.06,True,rookie,0.7523449074074072,0.02322408313609047,0.09706879933431972,0.1427940417307102,0.17666218251836796,0.2730587330481077,0.021066796220070114,0.11057279774580417,0.14061342718787861,0.3004019984437011,0.021066796220070114,0.15796113963686312,0.28122685437575723,0.5,0.0,0.021066796220070114,0.11057279774580417,0.14061342718787861,1.0,LOW,0.0,332947.7218510168
37378,"Lee, Min Woo",0.3266,0.22407583333333334,0.33075833333333327,0.504,-0.42844583333333336,0.5858791666666666,0.1693,-0.14528124999999997,0.3022125,-0.12243125000000003,0.32623125000000003,0.14845833333333333,0.5,0.5,2,2,48.0,48.0,0,0,0,0.5,1,0,1,1,40.0,10.0,0.0,31,47.208333333333336,42.5,0.6758000000000001,0.5057691856329353,1.0,1,0,3,1.0,1,3,False,3.5,WARM,0.0,0.0,0.0,0.0,0.0,0.0,0.0,0.0,-0.04213156249999999,0.021154874999999997,0.013361249999999998,-0.020813312500000007,-0.028428750000000003,1.0,1.0,0.0,0.0,0.0,48.0,48.0,4.0,56000.0,2025.0,0.154,-1.357,-0.087,0.368,-1.29,-0.2952724867724867,-1.178351851851852,-0.2993280423280423,0.3187777777777778,-1.7733306878306878,0.4492724867724867,310.1,53.57,58.330000000000005,1.7380000000000002,73.0,50.0,28.5,72.922,50.0,2.94,True,rookie,-0.49527248677248664,0.004523396169097786,0.03811287552443881,0.09980328761810077,0.161323755111009,0.24869278564115976,0.004572307910176736,0.04425539051006742,0.0974682835104954,0.1791929404212665,0.004572307910176736,0.06808521616933448,0.162447139184159,0.5,0.0,0.004572307910176736,0.04425539051006742,0.0974682835104954,0.9914577510345641,LOW,0.008542248965435872,231148.8800322829
33204,"Lowry, Shane",1.22262,0.34501499999999996,1.33228,0.059,-0.15097000000000002,0.9302142857142857,0.0495,0.7441428571428571,0.13642857142857143,0.013071428571428576,0.9302142857142857,0.7937857142857142,0.2,0.8,0,2,26.5,14.0,0,0,0,1.0,0,0,1,1,40.0,10.0,0.0,29,47.208333333333336,42.5,0.51,0.5,1.0,1,0,1,1.0,1,1,False,1.5,NEUTRAL,0.0,0.0,0.0,0.0,0.0,0.0,0.0,0.0,0.21580142857142856,0.00955,0.07144071428571427,0.0022221428571428583,0.2990142857142857,2.0,1.0,0.0,0.5,0.0,26.5,14.0,-2.5,218500.0,2025.0,0.263,-0.0276,0.6613999999999999,-0.4862,0.898,0.0959129949415663,-0.6488829868544155,0.5373546516975087,-0.5030640787783646,-0.0260453831882403,0.1670870050584336,292.14,62.498000000000005,60.276,1.8124,71.2,58.998000000000005,28.8,71.1876,69.162,2.976,True,familiar,0.4334129949415663,0.021316188106701883,0.07771674851435822,0.13081626069034574,0.18390446419049558,0.2632872144573821,0.021066796220070114,0.09132693833102687,0.13340763190351265,0.3013031802655867,0.021066796220070114,0.1304670547586098,0.2668152638070253,0.75,-0.0360923930674484,0.021066796220070114,0.09132693833102687,0.13340763190351265,0.9951072496535464,LOW,0.004892750346453645,309141.87894757395
52215,"MacIntyre, Robert",0.4474657894736842,-0.40637500000000015,0.20618184210526314,-0.23099999999999998,0.6197315789473685,0.05220657894736841,0.3234697368421053,-0.03018750000000006,0.07520855263157894,0.4588394736842106,0.3685769736842105,0.15742105263157896,0.5,0.5,2,2,15.0,15.0,0,0,0,0.5,1,0,1,1,40.0,10.0,0.0,9,47.208333333333336,42.5,0.8093999999999999,0.5265775827143461,1.0,1,0,3,1.0,1,3,False,3.5,WARM,0.0,0.0,0.0,0.0,0.0,0.0,0.0,0.0,-0.008754375000000019,0.005264598684210526,0.014167894736842105,0.0780027105263158,0.08868082894736841,1.0,1.0,0.0,1.0,0.0,15.0,15.0,-8.0,189000.0,2022.0,0.056,0.8649999999999999,0.335,0.135,1.256,-0.2554137331966279,0.8411401515151514,0.1810375085440875,-0.4187698365231259,0.7377415271132377,0.3114137331966279,307.1,50.0,68.06,1.735,69.0,66.67,28.5,69.61,69.57,2.94,True,rookie,0.3695862668033721,0.010848729158907739,0.051879029592543445,0.10982727041833747,0.16530348349490326,0.2509654597559017,0.01094581083259738,0.05938224905635977,0.10752826471024318,0.25444691806548403,0.01094581083259738,0.09135730624055349,0.21505652942048636,0.5,0.0,0.01094581083259738,0.05938224905635977,0.10752826471024318,0.9966569410067697,LOW,0.0033430589932302857,258398.93600707233
32839,"Matsuyama, Hideki",-0.34243529411764706,1.0818421568627452,0.6793421568627452,0.9390000000000002,0.08691568627450978,1.418986274509804,-0.29591823529411765,0.9058062254901962,0.6147812254901962,0.05587754901960783,1.2248440196078432,0.739644117647059,0.65,0.35,3,6,14.5,1.0,1,2,2,0.6666666666666666,2,1,1,1,40.0,10.0,1.0,10,47.208333333333336,42.5,0.6477999999999999,0.13844373104863458,1.3120000000000003,1,0,4,1.0,0,4,True,4.0,WARM,0.0,0.0,0.0,0.0,0.0,0.0,0.0,0.0,0.2626838053921569,0.043034685784313735,0.0665679705882353,0.009499183333333331,0.38178564509803925,4.0,1.0,0.5,0.75,0.25,14.5,1.0,-8.25,1187060.0,2025.0,0.2216666666666666,0.0447999999999999,0.6785333333333333,0.8208666666666667,0.9446666666666668,0.2462840247283124,-0.7528260542374846,0.1514835501305785,0.8512278267886103,-0.3573871010246204,-0.0246173580616457,299.4933333333333,50.95466666666666,67.40733333333334,1.7196,69.25,58.572,27.883333333333333,69.63393333333333,68.65533333333333,3.067333333333333,True,experienced,3.1337840247283126,0.03378834742730353,0.12113683360486867,0.2736352345061051,0.34975933698329853,0.3797994676907716,0.02036233462999967,0.11057279774580417,0.21929395194466525,0.5223457877979396,0.02036233462999967,0.15796113963686312,0.3654899199077754,1.0,0.24,0.02036233462999967,0.11057279774580417,0.21929395194466525,0.9996116504854369,LOW,0.0003883495145631244,436391.8228905639
47993,"McCarthy, Denny",0.10759083333333336,0.41394916666666665,-0.0651175,0.8283333333333334,0.37138916666666666,0.4566216666666667,-0.024408458333333313,0.3467494583333333,-0.052843875,0.49492545833333335,0.26960908333333333,0.5217391666666666,0.65,0.35,3,5,23.75,5.0,0,1,1,0.8,1,0,1,1,40.0,10.0,0.0,81,47.208333333333336,42.5,0.7794000000000001,0.21213203435596426,0.0,0,0,4,1.0,0,4,False,0.0,COLD,0.0,0.0,0.0,0.0,0.0,0.0,0.0,0.0,0.10055734291666667,-0.00369907125,0.046956525,0.08413732791666668,0.22795212458333336,4.0,1.0,0.25,0.5,0.0,23.75,5.0,-4.25,303721.25,2025.0,-0.518,0.2073124999999999,0.4624999999999999,0.8610625000000001,0.1521875,-0.447887007697816,0.0048125089509487,0.3634108709273183,0.1987515216612961,-0.0938764187253849,-0.070112992302184,292.60625,49.329375,56.425,1.69425,70.09375,44.8125,27.015625,70.3608125,65.4075,3.048125,True,experienced,0.458362992302184,0.005277546757660963,0.042290572259338265,0.10693398599835587,0.17946082875033945,0.2590501904188546,0.005587439650741738,0.0513954227941675,0.10960697095606384,0.21490585856092176,0.005587439650741738,0.07906988122179615,0.18267828492677307,1.0,-0.04545679042125686,0.005587439650741738,0.0513954227941675,0.10960697095606384,0.9990108524995475,LOW,0.0009891475004525363,240483.36014815216
59141,"McCarty, Matt",0.32169333333333333,0.4705666666666667,-0.05716666666666668,1.1346666666666665,0.49861333333333335,0.7355966666666667,0.26624400000000004,0.303885,0.0057749999999999885,0.5291286666666667,0.5763011666666668,0.7927633333333333,0.65,0.35,3,0,40.0,40.0,0,0,0,0.5,0,0,0,0,40.0,10.0,,36,47.208333333333336,42.5,0.3443999999999998,0.9132603377156179,0.4096000000000001,1,0,4,0.8,0,3,False,3.0,WARM,0.0,0.0,0.0,0.0,0.0,0.0,0.0,0.0,0.08812665,0.0004042499999999992,0.07134869999999999,0.08995187333333335,0.24983147333333333,0.0,1.0,0.0,0.5,0.0,40.0,40.0,0.0,0.0,0.0,0.0,0.0,0.0,0.0,0.0,0.0,0.0,0.0,0.0,0.0,0.0,0.0,0.0,0.0,0.0,0.0,0.0,0.0,0.0,0.0,0.0,False,none,0.0,0.01593509059122099,0.0796714560876282,0.12605076452503752,0.1627897203567183,0.25939950485437513,0.0159942575916554,0.09132693833102687,0.12381002106997752,0.27174253889829847,0.0159942575916554,0.1304670547586098,0.24762004213995503,0.0,0.0,0.0159942575916554,0.09132693833102687,0.12381002106997752,0.9996051984916821,LOW,0.00039480150831794347,296098.4374706677
51950,"McGreevy, Max",0.4279291666666667,0.3506416666666667,-0.0710625,0.7383333333333333,0.24333749999999998,0.7078416666666667,0.48269979166666666,0.3222420833333334,-0.10338645833333332,0.28927354166666663,0.70188875,0.7789041666666666,0.65,0.35,3,1,70.0,70.0,0,0,0,0.0,1,0,1,0,40.0,10.0,0.0,67,47.208333333333336,42.5,-0.3898000000000004,0.5478848216347828,0.0,0,0,4,0.8,0,0,False,0.0,COLD,0.0,0.0,0.0,0.0,0.0,0.0,0.0,0.0,0.09345020416666669,-0.007237052083333332,0.070101375,0.04917650208333333,0.20549102916666667,0.0,1.0,0.0,0.5,0.0,40.0,40.0,0.0,0.0,0.0,0.0,0.0,0.0,0.0,0.0,0.0,0.0,0.0,0.0,0.0,0.0,0.0,0.0,0.0,0.0,0.0,0.0,0.0,0.0,0.0,0.0,False,none,0.0,0.009951411469270007,0.05295532588840937,0.11974354354411136,0.1854729760800332,0.2624835030201631,0.010045117511729913,0.060819460546937536,0.11748014942561738,0.22293492681893967,0.010045117511729913,0.09356840084144236,0.19580024904269563,0.0,0.0,0.010045117511729913,0.060819460546937536,0.11748014942561738,0.9991043110947865,LOW,0.0008956889052135208,262815.2017597788
28237,"McIlroy, Rory",1.3343833333333333,0.6591808333333333,0.2763433333333333,0.4187,0.51516,1.1635,0.7296666666666667,0.2734166666666667,0.16016666666666665,0.6669999999999999,1.1635,1.0033333333333334,0.2,0.8,0,6,17.0,5.0,0,1,2,0.8333333333333334,1,0,1,1,40.0,10.0,0.0,2,47.208333333333336,42.5,0.4333333333333331,0.5,1.0,1,0,1,1.0,0,1,False,0.0,COLD,0.0,0.0,0.0,0.0,0.0,0.0,0.0,0.0,0.07929083333333335,0.011211666666666665,0.09029999999999999,0.11339,0.2941925,5.0,1.0,0.4,0.6,0.0,17.0,5.0,-6.0,238312.286,2025.0,0.8602105263157895,0.3641578947368421,0.0322105263157894,-0.3026315789473683,1.2576315789473682,0.056600221937628,-0.0565219849073231,-0.1970975257511911,-0.6852013330028366,-0.1735337904055012,0.8036103043781615,313.84736842105264,47.084736842105265,66.08157894736841,1.8002105263157897,70.03947368421052,40.85263157894737,29.276315789473685,70.36068421052632,69.25368421052633,3.116315789473684,True,veteran,1.431600221937628,0.026223683277164168,0.13084067098785043,0.2951990299564375,0.4401086085680674,0.40789639425878843,0.021066796220070114,0.14167644253387027,0.27732742709486896,0.6420141148797041,0.021066796220070114,0.2179637577444158,0.46221237849144825,1.0,0.058552842844774695,0.021066796220070114,0.14167644253387027,0.27732742709486896,0.9956445979223301,LOW,0.004355402077669934,439393.6423141883
46442,"McNealy, Maverick",0.3067473684210526,0.45708157894736834,0.1642043859649123,0.7976666666666667,0.4483789473684211,0.927798245614035,0.28318315789473686,0.4584346052631578,0.08980390350877195,0.4700752631578948,0.8312504385964912,0.7635938596491229,0.65,0.35,3,3,4.5,2.0,0,1,2,0.6666666666666666,1,0,1,1,40.0,10.0,0.0,24,47.208333333333336,42.5,0.34779999999999994,0.2592724864350674,0.6400000000000001,0,0,4,1.0,0,4,False,1.0,NEUTRAL,0.0,0.0,0.0,0.0,0.0,0.0,0.0,0.0,0.1329460355263158,0.006286273245614036,0.06872344736842105,0.07991279473684212,0.287868550877193,2.0,1.0,1.0,1.0,0.0,4.5,2.0,-11.5,1295000.0,2025.0,-0.0283333333333333,0.9013333333333332,-0.2836666666666666,2.093,0.5893333333333334,-0.2578362251783304,0.7253925974438358,-0.4426788969028906,1.5105270200387846,0.030183135440411,0.2295028918449971,304.26666666666665,48.21,67.12666666666667,1.7080000000000002,68.83333333333333,41.266666666666666,28.083333333333332,68.98466666666667,64.53,2.7933333333333334,True,familiar,2.62966377482167,0.03028189848010497,0.12196870650178353,0.23976131228510456,0.3131396058128901,0.3521649951947519,0.021066796220070114,0.12170396954179777,0.20872016784683972,0.4731711198855547,0.021066796220070114,0.17386281363113967,0.34786694641139954,0.75,0.13994220920095074,0.021066796220070114,0.12170396954179777,0.20872016784683972,1.0,LOW,0.0,412896.198963905
50525,"Morikawa, Collin",0.302878125,0.400340625,0.15645625000000002,0.388,-0.56475625,0.85971875,0.4366196875,0.6763834375,0.03354937499999999,-0.36813937499999994,1.1466531249999998,1.018525,0.3,0.7,1,6,18.833333333333332,2.0,0,1,2,1.0,0,0,1,1,40.0,10.0,0.0,5,47.208333333333336,42.5,1.899999999999999,0.982940913537621,0.8,1,1,2,0.6666666666666666,0,0,True,6.0,HOT,0.0,0.0,0.0,0.0,0.0,0.0,0.0,0.0,0.196151196875,0.0023484562499999995,0.09166724999999999,-0.06258369375,0.22758320937499998,6.0,1.0,0.3333333333333333,0.6666666666666666,0.0,18.833333333333332,2.0,-6.5,398162.215,2025.0,0.1412380952380952,0.6610476190476191,0.1999523809523809,0.4542857142857142,1.002714285714286,-0.2519481142631878,0.0144710699839377,0.043577178458796,0.7018864520283637,-0.204086145961881,0.3931862095012831,297.81904761904764,56.97238095238096,59.19285714285714,1.6802857142857144,69.57142857142857,63.90904761904761,27.11904761904762,69.82833333333332,69.0952380952381,2.904285714285714,True,veteran,0.9438852190701454,0.021865455292003164,0.10481281217192111,0.21479865084726713,0.32227834637669595,0.34060793610689266,0.02036233462999967,0.11921475946451181,0.21151638987914095,0.4855131465702721,0.02036233462999967,0.17030679923501688,0.35252731646523494,1.0,0.00643085547938201,0.02036233462999967,0.11921475946451181,0.21151638987914095,1.0,LOW,0.0,372179.70160534873
27349,"Noren, Alex",1.1787,0.16666666666666666,0.3671666666666667,0.2451,0.5635,0.5831666666666666,0.049000000000000016,0.16666666666666666,0.3671666666666667,0.5635,0.5831666666666666,0.21599999999999991,0.2,0.8,0,4,39.666666666666664,12.0,0,0,0,0.75,1,0,1,1,40.0,10.0,0.0,17,47.208333333333336,42.5,0.0,0.6442528450810766,0.0,0,0,1,0.3333333333333333,0,1,False,0.0,COLD,0.0,0.0,0.0,0.0,0.0,0.0,0.0,0.0,0.04833333333333334,0.025701666666666668,0.019439999999999992,0.09579500000000002,0.18927000000000002,3.0,1.0,0.0,0.3333333333333333,0.0,39.666666666666664,12.0,-1.3333333333333333,82961.85666666667,2022.0,-0.1358333333333333,0.8266666666666667,-0.0748333333333333,-0.1378333333333333,0.6164999999999999,-0.1402557823129251,0.6144084833933574,-0.4245023936847466,-0.6693355051111355,0.040926650660264,0.0044224489795918,301.71666666666664,49.40333333333333,56.25,1.7185,70.375,55.093333333333334,27.458333333333332,70.5215,63.63999999999999,3.1183333333333336,True,experienced,-0.13192244897959168,0.01190714381977268,0.04607596129655451,0.09742539904005293,0.16421471838550544,0.25034370670079964,0.013472677884660176,0.05869522664991488,0.10665863198427422,0.1837688009159557,0.013472677884660176,0.09030034869217674,0.17776438664045704,1.0,-0.10854045635642934,0.013472677884660176,0.05869522664991488,0.10665863198427422,1.0,LOW,0.0,253362.29308334715
51997,"Novak, Andrew",-0.16950882352941177,1.4917617647058825,0.17819411764705884,1.921,0.8828382352941178,1.5004470588235297,-0.029770294117647048,0.5736520588235293,0.09784647058823531,0.5797279411764706,0.6417282352941176,0.7235058823529412,0.3,0.7,1,1,13.0,13.0,0,0,0,1.0,0,0,1,1,40.0,10.0,0.0,38,47.208333333333336,42.5,1.6384999999999996,0.8574429038328636,0.8,0,0,2,0.5,0,2,False,1.0,NEUTRAL,0.0,0.0,0.0,0.0,0.0,0.0,0.0,0.0,0.1663590970588235,0.006849252941176472,0.06511552941176471,0.09855375000000001,0.3368776294117647,1.0,1.0,0.0,1.0,0.0,13.0,13.0,-4.0,384250.0,2025.0,0.01,0.144,0.038,0.886,0.1909999999999999,0.0492564102564102,-0.6930374919198448,-0.1298852617970264,0.451502154708037,-0.7882292609351433,-0.0392564102564102,290.4,57.14000000000001,65.28,1.766,71.0,57.14000000000001,29.25,70.922,64.0,3.19,True,rookie,0.7242564102564102,0.015921472514969812,0.06689323970926102,0.13561403149427734,0.20203944149903097,0.2672012538313421,0.0159942575916554,0.07621445724058074,0.13340763190351265,0.31943815757412203,0.0159942575916554,0.10887779605797249,0.2668152638070253,0.5,0.0,0.0159942575916554,0.07621445724058074,0.13340763190351265,0.9991777177041316,LOW,0.0008222822958684484,291532.7965508339
40250,"Pendrith, Taylor",0.34994444444444445,0.11155277777777778,0.5262277777777778,0.398,0.5722055555555556,0.988375,0.47077222222222226,0.07457138888888888,0.20282388888888891,0.2825727777777778,0.7483624999999999,0.5262944444444444,0.3,0.7,1,2,50.0,50.0,0,0,0,0.5,1,0,1,1,40.0,10.0,0.0,64,47.208333333333336,42.5,1.8714999999999997,0.8962886439832501,1.0,0,0,2,0.5,1,2,False,1.5,NEUTRAL,0.0,0.0,0.0,0.0,0.0,0.0,0.0,0.0,0.021625702777777776,0.014197672222222223,0.04736649999999999,0.04803737222222223,0.13122724722222223,1.0,1.0,0.0,0.0,0.0,50.0,50.0,6.0,51500.0,2025.0,1.051,-0.4949999999999999,-0.698,-1.28,-0.142,0.5556604938271605,-0.6274506172839506,-0.8959995590828924,-1.748351851851852,-0.968256613756614,0.4953395061728394,303.5,62.5,65.28,1.83,73.5,28.570000000000004,30.5,73.422,36.0,3.19,True,rookie,0.30566049382716054,0.016373724331453586,0.051914077652747706,0.10646345226340376,0.1590391866709971,0.24738815400398995,0.016418620434150558,0.05841334936104442,0.10415236632011382,0.178133787163018,0.016418620434150558,0.08986669132468372,0.1735872772001897,0.5,0.0,0.016418620434150558,0.05841334936104442,0.10415236632011382,0.9999921153301057,LOW,7.88466989432024e-06,269075.36075332045
51003,"Penge, Marco",1.3275000000000001,0.3405,0.8,-0.1186,0.25349499999999997,2.468,1.3275000000000001,0.3405,0.8,0.05699999999999994,2.468,1.668,0.2,0.8,0,0,40.0,40.0,0,0,0,0.5,0,0,0,0,40.0,10.0,,33,47.208333333333336,42.5,0.0,0.09428090415820635,0.0,0,0,1,0.3333333333333333,0,1,False,0.0,COLD,0.0,0.0,0.0,0.0,0.0,0.0,0.0,0.0,0.09874500000000001,0.05600000000000001,0.15011999999999998,0.00968999999999999,0.314555,0.0,1.0,0.0,0.5,0.0,40.0,40.0,0.0,0.0,0.0,0.0,0.0,0.0,0.0,0.0,0.0,0.0,0.0,0.0,0.0,0.0,0.0,0.0,0.0,0.0,0.0,0.0,0.0,0.0,0.0,0.0,False,none,0.0,0.0167421191777024,0.07310003221886129,0.1307128368152981,0.18258798060977646,0.26320284087313084,0.016698834073055457,0.083406215346973,0.12848883592097457,0.29565815622023406,0.016698834073055457,0.11915173620996143,0.25697767184194914,0.0,0.0,0.016698834073055457,0.083406215346973,0.12848883592097457,0.9912424363283237,LOW,0.00875756367167635,295468.03123987594
49771,"Poston, J.T.",0.264525,0.89899,-0.4224,1.6315,-0.31262,0.7411325000000001,0.2032625,0.525695,-0.14095,-0.08940999999999998,0.5880412500000001,0.9629749999999999,0.5,0.5,2,6,30.5,10.0,0,0,1,0.6666666666666666,2,0,1,1,40.0,10.0,0.0,63,47.208333333333336,42.5,0.9427,0.041573970964154904,0.0,0,0,3,1.0,0,3,False,0.0,COLD,0.0,0.0,0.0,0.0,0.0,0.0,0.0,0.0,0.15245155000000002,-0.0098665,0.08666774999999999,-0.015199699999999997,0.2140531,4.0,1.0,0.25,0.25,0.0,30.5,10.0,-1.75,155228.14500000002,2025.0,-0.1311428571428571,0.1266428571428571,0.4115,-0.1374285714285714,0.4069285714285713,-0.2545093493807779,-0.3621904892726321,0.4849274071166928,-0.3645754404325833,-0.1407343057735915,0.1233664922379208,285.2928571428571,55.7407142857143,61.01214285714286,1.7311428571428569,70.92857142857143,57.34571428571428,28.107142857142858,71.15864285714285,60.81214285714286,3.141428571428572,True,experienced,0.48299065061922214,0.010408553108892474,0.0641131601144415,0.11289258947369615,0.16152648909229256,0.24880855943951907,0.01097425169643229,0.07724200918276683,0.11555313641436943,0.2632132491369376,0.01097425169643229,0.11034572740395261,0.23110627282873886,1.0,-0.04282483838350368,0.01097425169643229,0.07724200918276683,0.11555313641436943,0.9982618198226146,LOW,0.0017381801773853622,266291.99498025805
63343,"Potgieter, Aldrich",0.7731666666666667,0.23933333333333331,-0.355,0.0,0.6389999999999999,0.6576666666666667,0.7731666666666667,0.23933333333333331,-0.355,0.6389999999999999,0.6576666666666667,1.0126666666666666,0.2,0.8,0,0,40.0,40.0,0,0,0,0.5,0,0,0,0,40.0,10.0,,95,47.208333333333336,42.5,0.0,0.14433756729740646,0.0,0,0,1,0.25,0,1,False,0.0,COLD,0.0,0.0,0.0,0.0,0.0,0.0,0.0,0.0,0.06940666666666666,-0.024849999999999997,0.09113999999999998,0.10862999999999999,0.24432666666666664,0.0,1.0,0.0,0.5,0.0,40.0,40.0,0.0,0.0,0.0,0.0,0.0,0.0,0.0,0.0,0.0,0.0,0.0,0.0,0.0,0.0,0.0,0.0,0.0,0.0,0.0,0.0,0.0,0.0,0.0,0.0,False,none,0.0,0.004960029994010931,0.043355383546636726,0.09593596531436036,0.14543946042225972,0.2396218587115365,0.005013091421112721,0.050376749733368385,0.09358707277377354,0.1625970904307849,0.005013091421112721,0.07750269189748982,0.1559784546229559,0.0,0.0,0.005013091421112721,0.050376749733368385,0.09358707277377354,0.9999074082421991,LOW,9.259175780085283e-05,232390.1971352729
46414,"Rai, Aaron",-0.13452500000000003,0.667125,-0.07275000000000001,0.248,0.076375,0.458875,0.23659249999999998,0.6659875,0.05957142857142855,0.0274625,0.9202124999999999,0.8152499999999999,0.3,0.7,1,3,42.333333333333336,29.0,0,0,0,1.0,0,0,1,1,40.0,10.0,0.0,30,47.208333333333336,42.5,2.209999999999999,0.38333333333333336,0.0,0,0,1,0.5,0,1,False,0.0,COLD,0.0,0.0,0.0,0.0,0.0,0.0,0.0,0.0,0.19313637500000003,0.004169999999999999,0.07337249999999998,0.004668625,0.27534749999999997,3.0,1.0,0.0,0.0,0.0,42.333333333333336,29.0,-1.3333333333333333,85553.33333333333,2025.0,0.0063076923076922,0.4338461538461539,0.0783846153846154,-0.4014615384615385,0.5196923076923077,-0.1166610907610907,-0.1051649572649572,0.0169654501876724,-0.465897752453308,-0.2278992266992268,0.122968783068783,295.65384615384613,58.10769230769232,61.54,1.7575384615384615,71.21153846153847,36.34615384615385,28.46153846153846,71.34276923076922,61.53230769230769,3.201538461538462,True,experienced,-0.17499442409442406,0.014922616420620875,0.0707793518147753,0.11209258642933337,0.1627897203567183,0.24952994359407882,0.016916107654360926,0.09132693833102687,0.12381002106997752,0.27174253889829847,0.016916107654360926,0.1304670547586098,0.24762004213995503,1.0,-0.11314354818165209,0.016916107654360926,0.09132693833102687,0.12381002106997752,1.0,LOW,0.0,281237.60781488096
36699,"Rodgers, Patrick",0.20704705882352942,0.42806250000000007,0.16758455882352938,0.851,0.19657132352941176,0.8025316176470588,0.20196176470588234,0.33279687500000005,0.1888648897058823,0.14889908088235293,0.7235016544117647,0.6966764705882353,0.75,0.25,4,6,15.0,3.0,0,1,1,0.5,3,0,1,1,40.0,10.0,0.0,88,47.208333333333336,42.5,0.7329999999999998,0.6763956764432422,1.0,1,0,5,1.0,1,5,False,3.5,WARM,0.0,0.0,0.0,0.0,0.0,0.0,0.0,0.0,0.09651109375000001,0.013220542279411761,0.06270088235294118,0.02531284375,0.19774536213235297,3.0,1.0,0.3333333333333333,0.6666666666666666,0.0,15.0,3.0,-5.333333333333333,484452.8566666667,2025.0,0.6762222222222223,-0.5006666666666667,0.4518888888888889,1.3628888888888886,0.6272222222222222,0.4280174064497594,-0.637089242620125,0.3022868446096387,1.1022817945126766,0.0727112897723192,0.2482048157724628,305.56666666666666,61.11,66.50888888888888,1.713666666666667,69.83333333333333,68.33333333333333,28.02777777777778,69.67566666666667,68.33777777777777,3.155555555555555,True,experienced,1.7196840731164258,0.007657366062649262,0.06641088106586211,0.12350829655327646,0.159897097412079,0.25732534996970446,0.007099174962239532,0.07082740691133246,0.11131362986621725,0.25785309169435017,0.007099174962239532,0.1011820098733321,0.2226272597324345,1.0,0.08934029609725304,0.007099174962239532,0.07082740691133246,0.11131362986621725,0.9999921153301057,LOW,7.88466989432024e-06,266736.08194354526
22405,"Rose, Justin",0.3907111111111111,1.6242055555555557,0.38934222222222226,2.81,0.9068722222222222,1.9591,0.10173555555555554,0.8795727777777778,-0.020388888888888887,0.5414061111111111,0.9608299999999999,1.2197555555555555,0.3,0.7,1,3,56.0,56.0,0,0,0,0.3333333333333333,2,0,1,1,40.0,10.0,0.0,4,47.208333333333336,42.5,1.1934999999999996,0.9392668535736914,0.8,1,1,2,0.6666666666666666,0,2,True,6.0,HOT,0.0,0.0,0.0,0.0,0.0,0.0,0.0,0.0,0.25507610555555554,-0.0014272222222222223,0.10977799999999999,0.09203903888888891,0.4554659222222222,1.0,1.0,0.0,0.0,0.0,56.0,56.0,3.0,21483.0,2020.0,-0.522,-0.015,-0.04,0.07,-0.577,-0.6788386197136198,-0.769572181984682,-0.0540768523143523,-0.5472245754245755,-1.5152360764235764,0.1568386197136197,296.9,44.64,50.0,1.778,71.75,75.0,28.25,71.507,55.56,3.19,True,rookie,-1.0788386197136197,0.017024997980154524,0.06316779547779802,0.13095195920401675,0.1972762715203687,0.26922392382990007,0.016916107654360926,0.07160593832930467,0.1287288170525156,0.3105576305265824,0.016916107654360926,0.10229419761329239,0.2574576341050312,0.5,0.0,0.016916107654360926,0.07160593832930467,0.1287288170525156,0.9956447015412445,LOW,0.0043552984587554855,290757.662511806
48081,"Schauffele, Xander",0.4817076923076923,0.44851538461538465,-0.37948461538461536,1.08,-0.18578846153846154,0.5513615384615385,0.1979276923076923,0.5388853846153846,-0.12531461538461539,-0.16354346153846153,0.6116315384615383,0.7816923076923076,0.3,0.7,1,5,17.6,4.0,0,1,1,1.0,0,0,1,1,40.0,10.0,0.0,13,47.208333333333336,42.5,1.65,0.6961977865698018,0.0,0,0,2,0.6666666666666666,0,1,False,0.0,COLD,0.0,0.0,0.0,0.0,0.0,0.0,0.0,0.0,0.15627676153846154,-0.008772023076923078,0.07035230769230767,-0.02780238846153846,0.1900546576923077,5.0,1.0,0.2,0.6,0.0,17.6,4.0,-6.6,290993.046,2024.0,0.2768,0.9237333333333332,0.0621333333333333,0.2786666666666667,1.2636666666666665,-0.1401860020931449,0.3043968166753881,0.1145381432060003,0.0655477825745683,0.2820403562707133,0.4169860020931449,300.03333333333336,51.07066666666666,62.49933333333333,1.6705333333333334,69.06666666666666,61.0,27.4,69.45753333333332,67.10866666666666,3.07,True,veteran,0.8198139979068549,0.01687442596642902,0.07928945366198828,0.13470630310763063,0.18390446419049558,0.26646072561701284,0.016916107654360926,0.09132693833102687,0.13340763190351265,0.3013031802655867,0.016916107654360926,0.1304670547586098,0.2668152638070253,1.0,-0.006828606673433861,0.016916107654360926,0.09132693833102687,0.13340763190351265,1.0,LOW,0.0,302079.4423448837
46046,"Scheffler, Scottie",1.0041583333333333,0.7687638888888888,0.5241111111111112,1.6305,0.7132138888888888,2.2976638888888887,0.8761625,1.0299375,0.423,0.5476624999999999,2.3293875,1.8348611111111113,0.5,0.5,2,6,13.666666666666666,3.0,0,1,3,1.0,0,0,1,1,40.0,10.0,0.0,1,47.208333333333336,42.5,0.3522999999999998,0.041573970964154904,2.4400000000000004,3,1,3,1.0,3,3,True,10.0,HOT,0.0,0.0,0.0,0.0,0.0,0.0,0.0,0.0,0.298681875,0.02961,0.1651375,0.093102625,0.586532,6.0,1.0,0.5,0.8333333333333334,0.0,13.666666666666666,3.0,-7.0,441261.4283333334,2025.0,0.3618571428571429,0.5505238095238095,0.8361904761904763,0.017095238095238,1.7497142857142858,-0.4707821898496241,-0.3829322133458648,0.4362236842105264,-0.2988557330827068,-0.4150489505012531,0.832639332706767,306.1047619047619,55.610476190476184,64.28619047619047,1.7253333333333334,69.26190476190476,45.08047619047619,27.52380952380953,69.51880952380951,73.07523809523809,3.072380952380952,True,veteran,1.1875511434837092,0.03144300005148761,0.1489022873461794,0.5891392553280927,0.95,0.8153283409751495,0.023477434532904583,0.16502354970073768,0.5700512206816889,0.8075,0.023477434532904583,0.25388238415498104,0.7125640258521111,1.0,0.03247137537110107,0.023477434532904583,0.16502354970073768,0.5700512206816889,0.9973132720163226,LOW,0.002686727983677417,650573.3231586622
48867,"Schmid, Matti",-0.31406500000000004,-0.27874,-0.31238000000000005,-1.145,0.878405,-0.9051150000000001,-0.007349500000000023,0.132398,-0.133474,0.8867315000000001,-0.008264500000000063,-0.040470000000000006,0.3,0.7,1,0,40.0,40.0,0,0,0,0.5,0,0,0,0,40.0,10.0,,99,47.208333333333336,42.5,1.7749999999999992,0.20044395171163876,0.0,0,0,1,0.2,0,0,False,0.0,COLD,0.0,0.0,0.0,0.0,0.0,0.0,0.0,0.0,0.03839542,-0.009343180000000001,-0.0036423000000000002,0.15074435500000005,0.17615429500000004,0.0,1.0,0.0,0.5,0.0,40.0,40.0,0.0,0.0,0.0,0.0,0.0,0.0,0.0,0.0,0.0,0.0,0.0,0.0,0.0,0.0,0.0,0.0,0.0,0.0,0.0,0.0,0.0,0.0,0.0,0.0,False,none,0.0,0.0022928051244107722,0.015152092472326356,0.061676395830507096,0.10924542507640889,0.21895279808632925,0.002317936124945423,0.017503672989650332,0.059204469392722406,0.10574469047847883,0.002317936124945423,0.029172788316083886,0.08457781341817487,0.0,0.0,0.002317936124945423,0.017503672989650332,0.059204469392722406,0.9968318417761468,LOW,0.0031681582238531902,191943.45344257934
24502,"Scott, Adam",0.730775,0.467825,-0.18451666666666666,1.5173333333333334,-0.25801666666666667,1.0143,0.59932875,0.39231125,-0.12613583333333334,-0.19736083333333335,0.865645,1.1988166666666666,0.65,0.35,3,6,27.333333333333332,1.0,1,2,2,1.0,0,1,1,1,40.0,10.0,1.0,71,47.208333333333336,42.5,0.21119999999999978,0.2199887763691481,0.0,0,0,3,1.0,0,3,False,0.0,COLD,0.0,0.0,0.0,0.0,0.0,0.0,0.0,0.0,0.1137702625,-0.008829508333333335,0.1078935,-0.03355134166666667,0.1792829125,6.0,1.0,0.3333333333333333,0.5,0.1666666666666666,27.333333333333332,1.0,-4.166666666666667,440892.5,2025.0,0.2175238095238095,0.3258571428571428,-0.2546190476190476,0.1289047619047619,0.2926666666666667,-0.248195918367347,0.0306112244897959,-0.2505149659863945,-0.0033057823129251,-0.4349037414965985,0.4657197278911565,301.34285714285716,42.09428571428572,61.31047619047619,1.7333809523809522,70.60714285714286,40.00142857142857,28.63095238095238,70.86404761904761,59.18190476190477,3.1133333333333333,True,veteran,1.5684707482993192,0.019599684745313636,0.07870186754044388,0.12624936409515572,0.15412944169524515,0.2595615231267897,0.017623366450369365,0.083406215346973,0.11555313641436943,0.2558162017398902,0.017623366450369365,0.11915173620996143,0.23110627282873886,1.0,0.07318016372638614,0.017623366450369365,0.083406215346973,0.11555313641436943,0.9969400300953578,LOW,0.00305996990464219,303784.8373481781
39324,"Spaun, J.J.",0.22630555555555557,0.2142,0.7401333333333334,0.07599999999999985,-0.4185611111111111,1.1806972222222223,0.3398027777777778,0.57456,0.2645066666666667,-0.03449055555555554,1.179003611111111,0.8051277777777777,0.3,0.7,1,5,43.333333333333336,33.0,0,0,0,0.6,2,0,1,1,40.0,10.0,0.0,8,47.208333333333336,42.5,1.9304999999999994,0.437444881889545,0.0,0,0,2,0.6666666666666666,0,2,False,0.0,COLD,0.0,0.0,0.0,0.0,0.0,0.0,0.0,0.0,0.16662239999999998,0.01851546666666667,0.07246149999999998,-0.005863394444444442,0.25173597222222216,3.0,1.0,0.0,0.0,0.0,43.333333333333336,33.0,1.0,77931.85666666667,2025.0,-0.3080909090909091,0.3641818181818182,0.2540909090909091,-0.1422727272727273,0.3116363636363636,-0.5171357787054216,0.0198291962997321,-0.1102713924963925,-0.0990896490414348,-0.6217145717377861,0.2090448696145124,300.0,53.407272727272726,62.49909090909091,1.747090909090909,71.4090909090909,68.05363636363636,28.568181818181817,71.37572727272727,58.12545454545455,2.950909090909091,True,experienced,-0.6004691120387551,0.017327452933439663,0.09169863232219153,0.11040564561285138,0.13249624023933754,0.24663615830551494,0.02036233462999967,0.12514933232233877,0.12848883592097457,0.2455664158497951,0.02036233462999967,0.17878476046048397,0.25697767184194914,1.0,-0.15861392776592426,0.02036233462999967,0.12514933232233877,0.12848883592097457,1.0,LOW,0.0,300343.27222973463
34046,"Spieth, Jordan",0.242,0.48455500000000007,0.28900000000000003,0.309,0.276225,0.7074,0.2862,0.2740525,0.2318,0.21151749999999997,0.7924200000000001,0.5278,0.3,0.7,1,6,33.333333333333336,15.0,0,0,0,0.5,3,0,1,1,40.0,10.0,0.0,82,47.208333333333336,42.5,1.8959999999999997,0.6869147340477215,0.0,0,0,2,0.6666666666666666,0,2,False,0.0,COLD,0.0,0.0,0.0,0.0,0.0,0.0,0.0,0.0,0.079475225,0.016226,0.047502,0.035957974999999996,0.1791612,3.0,1.0,0.0,0.3333333333333333,0.0,33.333333333333336,15.0,-2.0,85919.0,2022.0,0.0209999999999999,-0.149,0.5555,0.3423333333333333,0.428,-0.2436281680504369,-0.3706118503345394,0.2818201221047859,0.1793582265073861,-0.3383414862448476,0.2646281680504369,306.9166666666667,45.830000000000005,58.335,1.775,70.08333333333333,63.33166666666667,27.833333333333332,70.22983333333333,70.2,3.0666666666666664,True,experienced,-0.07696150138377028,0.011989384542118266,0.048786448615120444,0.09580872638726076,0.15489450935949906,0.24502128372261098,0.013472677884660176,0.06186724712062613,0.10415236632011382,0.17398910985151994,0.013472677884660176,0.09518038018557866,0.1735872772001897,1.0,-0.10266679284528701,0.013472677884660176,0.06186724712062613,0.10415236632011382,0.9999921153301057,LOW,7.88466989432024e-06,253601.63383618335
55893,"Stevens, Sam",0.4004271739130435,0.3059711956521739,0.35569619565217386,1.0037500000000001,-0.03980815217391304,1.0621402173913044,0.36417907608695654,0.2041631793478261,0.31295692934782604,0.012861277173913055,0.8813660326086956,0.7913885869565218,0.75,0.25,4,1,31.0,31.0,0,0,0,1.0,0,0,1,1,40.0,10.0,0.0,41,47.208333333333336,42.5,0.02780000000000003,0.5200854630624556,0.4096000000000001,0,0,5,1.0,0,5,False,1.0,NEUTRAL,0.0,0.0,0.0,0.0,0.0,0.0,0.0,0.0,0.059207322010869576,0.02190698505434782,0.07122497282608695,0.0021864171195652192,0.15452569701086957,1.0,1.0,0.0,0.0,0.0,31.0,31.0,-1.0,126000.0,2025.0,-0.08,0.196,-0.192,0.4040000000000001,-0.076,-0.4247010798522308,0.0868022818982665,-0.4077331429383348,0.3441503239556693,-0.758344290991759,0.3447010798522308,293.9,64.29,69.44,1.8,71.75,60.0,30.0,71.672,59.09,2.94,True,rookie,-0.19970107985223085,0.02294350101436371,0.09702542170085346,0.13561403149427734,0.16080943289276284,0.2672012538313421,0.021066796220070114,0.11057279774580417,0.13340763190351265,0.2782081489678539,0.021066796220070114,0.15796113963686312,0.2668152638070253,0.5,0.0,0.021066796220070114,0.11057279774580417,0.13340763190351265,0.9991255132167239,LOW,0.0008744867832760628,328856.694537478
49960,"Straka, Sepp",0.40883437499999997,0.7416093749999999,0.611225,1.1909999999999998,-0.346609375,1.7617125,0.29681906249999995,0.8009015625,0.14871749999999997,0.15829843749999997,1.24653875,1.109975,0.3,0.7,1,6,34.333333333333336,15.0,0,0,0,0.5,3,0,1,1,40.0,10.0,0.0,12,47.208333333333336,42.5,1.7524999999999997,0.9676240469812107,1.0,1,0,2,0.6666666666666666,1,2,False,3.5,WARM,0.0,0.0,0.0,0.0,0.0,0.0,0.0,0.0,0.23226145312500002,0.010410224999999999,0.09989775,0.026910734375,0.36948016250000004,3.0,1.0,0.0,0.3333333333333333,0.0,34.333333333333336,15.0,-2.6666666666666665,92246.33333333331,2023.0,0.0428888888888888,-0.1732222222222222,-0.0762222222222222,0.7642222222222222,-0.2052222222222222,-0.2498372590702947,-0.7289228599773243,-0.2312798752834467,0.7156736252834467,-1.2051439058956916,0.2927261479591836,307.4888888888889,47.42111111111111,59.72,1.6976666666666669,70.27777777777777,41.18,27.305555555555557,70.44066666666666,62.836666666666666,3.086666666666667,True,experienced,-0.10817059240362809,0.018526337417120946,0.09296511072812999,0.17924337995034198,0.29299035948382557,0.31193153002145035,0.02036233462999967,0.11921475946451181,0.19820366856419988,0.4440218318053724,0.02036233462999967,0.17030679923501688,0.3303394476069998,1.0,-0.10600210104425255,0.02036233462999967,0.11921475946451181,0.19820366856419988,0.999327682927198,LOW,0.00067231707280202,339323.1154345283
25493,"Taylor, Nick",0.16375196078431375,-0.08047745098039225,0.32010490196078434,-0.16366666666666663,0.4223460784313725,0.40379215686274506,0.10487406862745101,0.13934553921568618,0.23740642156862746,0.38790436274509804,0.481873725490196,0.08368725490196076,0.65,0.35,3,5,25.25,9.0,0,0,1,0.8,1,0,1,1,40.0,10.0,0.0,56,47.208333333333336,42.5,0.42479999999999996,0.19860625479688307,0.0,0,0,4,1.0,0,4,False,0.0,COLD,0.0,0.0,0.0,0.0,0.0,0.0,0.0,0.0,0.040410206372548996,0.01661844950980392,0.007531852941176468,0.06594374166666668,0.13050425049019607,4.0,1.0,0.25,0.5,0.0,25.25,9.0,-3.25,211232.56,2025.0,-0.0555882352941176,0.5046470588235294,0.007,0.1866470588235294,0.4564705882352941,-0.1216020469726352,0.3447609997845292,-0.1940257218271923,-0.0910558392587804,0.0159700064641241,0.0660138116785175,292.8176470588235,60.821176470588235,60.9464705882353,1.744470588235294,70.48529411764706,46.21823529411765,27.823529411764707,70.70929411764706,68.98588235294119,3.0329411764705885,True,experienced,0.7471479530273648,0.006301885849361861,0.04378989669470823,0.12084125591865036,0.20306924003320426,0.26424883930918885,0.006462562994595956,0.0513954227941675,0.12033806699372968,0.3042225461143786,0.006462562994595956,0.07906988122179615,0.24067613398745935,1.0,-0.014594409756860733,0.006462562994595956,0.0513954227941675,0.12033806699372968,1.0,LOW,0.0,248805.34460702608
51634,"Theegala, Sahith",-0.33600833333333335,0.2392375,0.40851250000000006,-0.14975,0.7487499999999999,0.31196250000000003,-0.2632354166666667,0.19117812499999998,0.31600937500000004,0.5635,0.244159375,-0.11175,0.75,0.25,4,4,27.0,6.0,0,0,1,1.0,0,0,1,1,40.0,10.0,0.0,94,47.208333333333336,42.5,0.25169999999999987,0.6536733808936149,1.0496000000000003,0,0,5,1.0,0,5,False,2.0,NEUTRAL,0.0,0.0,0.0,0.0,0.0,0.0,0.0,0.0,0.05544165625,0.022120656250000002,-0.010057499999999999,0.09579500000000002,0.16329981250000003,4.0,1.0,0.25,0.5,0.0,27.0,6.0,-4.75,274410.71499999997,2025.0,-0.2555,-0.0959444444444444,0.5847222222222224,0.5379444444444444,0.2340555555555555,-0.1603124498957832,-0.3001507535674202,0.3185042087542089,0.0116068221901555,-0.1356555234888568,-0.0951875501042167,300.2111111111111,46.925555555555555,59.025000000000006,1.6782222222222225,70.20833333333333,74.02666666666667,27.083333333333332,70.56088888888888,67.10388888888889,3.039444444444444,True,experienced,0.6646875501042168,0.001786661128188732,0.033506496612656325,0.0986621891541382,0.16869079452030292,0.25289982646222264,0.0018496124014063485,0.04024922026497431,0.0986317540173964,0.1867732827568256,0.0018496124014063485,0.0619218773307297,0.16438625669566068,1.0,-0.02340693357514755,0.0018496124014063485,0.04024922026497431,0.0986317540173964,0.9996765594965167,LOW,0.00032344050348331876,222557.70350833412
52666,"Valimaki, Sami",-0.2272,0.43179999999999996,-0.07509999999999999,0.037,0.5362,0.12952499999999997,-0.20016,0.6226399999999999,-0.15582999999999997,0.71326,0.2667075,0.37224999999999997,0.3,0.7,1,0,40.0,40.0,0,0,0,0.5,0,0,0,0,40.0,10.0,,47,47.208333333333336,42.5,2.1239999999999988,0.547912705942592,0.0,0,0,2,0.5,0,1,False,0.0,COLD,0.0,0.0,0.0,0.0,0.0,0.0,0.0,0.0,0.18056559999999997,-0.010908099999999997,0.0335025,0.1212542,0.3244142,0.0,1.0,0.0,0.5,0.0,40.0,40.0,0.0,0.0,0.0,0.0,0.0,0.0,0.0,0.0,0.0,0.0,0.0,0.0,0.0,0.0,0.0,0.0,0.0,0.0,0.0,0.0,0.0,0.0,0.0,0.0,False,none,0.0,0.003027533885439889,0.04391780966718877,0.10421346156861871,0.16249294252168567,0.24936046486627486,0.003060572598678942,0.0513954227941675,0.10189429539758485,0.18117356334457627,0.003060572598678942,0.07906988122179615,0.16982382566264143,0.0,0.0,0.003060572598678942,0.0513954227941675,0.10189429539758485,0.995857661142061,LOW,0.004142338857939021,233196.98768251634
27064,"Vegas, Jhonattan",0.27749999999999997,0.27799999999999997,-0.02164285714285715,0.0,-0.2636428571428572,0.5338571428571429,0.27749999999999997,0.27799999999999997,-0.02164285714285715,-0.2636428571428572,0.5338571428571429,0.5555000000000001,0.2,0.8,0,3,55.5,55.0,0,0,0,0.6666666666666666,1,0,1,1,40.0,10.0,0.0,100,47.208333333333336,42.5,0.0,0.1257078722109418,0.0,0,0,0,0.0,0,0,False,0.0,COLD,0.0,0.0,0.0,0.0,0.0,0.0,0.0,0.0,0.08062,-0.0015150000000000005,0.049995000000000005,-0.04481928571428573,0.08428071428571426,2.0,1.0,0.0,0.0,0.0,55.5,55.0,-0.5,37000.0,2023.0,0.5377142857142857,0.792,-0.0931428571428571,-1.478,1.2392857142857143,-0.0092840746555031,0.3986681667538811,-0.0357421943136229,-1.2597529391243676,0.3559347287633002,0.5469983603697889,320.25714285714287,52.04,63.49285714285714,1.797857142857143,70.92857142857143,51.69714285714286,29.285714285714285,71.23914285714285,61.73571428571429,3.0485714285714285,True,familiar,-0.396784074655503,0.0040590195964550066,0.037921124425754585,0.07387448283047829,0.11616873802296328,0.22290644331135717,0.004572307910176736,0.04915889928199723,0.07961791689152725,0.1307653561197433,0.004572307910176736,0.07562907581845728,0.13269652815254543,0.75,-0.10263461688347762,0.004572307910176736,0.04915889928199723,0.07961791689152725,1.0,LOW,0.0,216311.7729063407
57366,"Young, Cameron",0.35358333333333336,0.1658666666666667,0.13119722222222222,0.5934999999999999,0.4177638888888889,0.6503416666666666,0.35737500000000005,0.09285000000000002,0.0877375,0.5781875000000001,0.5378375,0.48727777777777775,0.5,0.5,2,4,12.666666666666666,2.0,0,1,1,0.75,1,0,1,1,40.0,10.0,0.0,22,47.208333333333336,42.5,0.3779999999999998,0.45078806166890656,0.0,0,0,3,1.0,0,3,False,0.0,COLD,0.0,0.0,0.0,0.0,0.0,0.0,0.0,0.0,0.026926500000000006,0.0061416249999999995,0.043855,0.09829187500000003,0.17521500000000004,3.0,1.0,0.3333333333333333,1.0,0.0,12.666666666666666,2.0,-9.666666666666666,531555.5566666666,2024.0,1.0145833333333334,0.9885833333333336,-0.5609999999999999,0.1965833333333333,1.4434166666666668,0.5553227777777778,0.8314294444444446,-0.6346544444444444,0.0316816666666666,0.7606697222222223,0.4592605555555555,314.05833333333334,56.3975,62.03666666666667,1.7095,68.79166666666667,51.9675,27.395833333333332,69.3595,71.61583333333333,2.9800000000000004,True,experienced,1.9053227777777777,0.01860327065335092,0.08851347143540085,0.16745608232292755,0.21839867039873376,0.2931781180427049,0.016418620434150558,0.09132693833102687,0.1490868165436209,0.34959506895712017,0.016418620434150558,0.1304670547586098,0.2981736330872418,1.0,0.10917946069542694,0.016418620434150558,0.09132693833102687,0.1490868165436209,1.0,LOW,0.0,328181.0766637427
45242,"Yu, Kevin",0.6512941176470588,0.32811764705882357,-0.09799999999999999,0.0,0.1670588235294118,0.8814705882352942,0.6512941176470588,0.32811764705882357,-0.09799999999999999,0.1670588235294118,0.8814705882352942,0.9794705882352942,0.2,0.8,0,2,17.0,17.0,0,0,0,0.5,1,0,1,1,40.0,10.0,0.0,104,47.208333333333336,42.5,0.0,0.0,0.0,0,0,0,0.0,0,0,False,0.0,COLD,0.0,0.0,0.0,0.0,0.0,0.0,0.0,0.0,0.09515411764705883,-0.00686,0.08815235294117649,0.028400000000000005,0.20484647058823532,1.0,1.0,0.0,1.0,0.0,17.0,17.0,-3.0,270714.29,2025.0,0.3779999999999999,0.261,0.7799999999999999,-0.592,1.4189999999999998,-0.2373169376012513,-0.1362158538629126,0.8321400759734092,-0.6416943466845427,0.4608198703983016,0.6153169376012513,298.0,50.0,70.83,1.863,71.25,80.0,29.75,71.172,57.14000000000001,3.1300000000000003,True,rookie,0.3376830623987487,0.0063956719841013,0.04357733194324753,0.09642725180181241,0.14652417220170832,0.2402412970614211,0.006462562994595956,0.050376749733368385,0.09408012358261382,0.1637721948585209,0.006462562994595956,0.07750269189748982,0.15680020597102304,0.5,0.0,0.006462562994595956,0.050376749733368385,0.09408012358261382,1.0,LOW,0.0,236087.54447067008
