tournament_id,tournament_name,sportsbook,market,player_id,player_name,fanduel_odds,odds_numeric,fanduel_implied_prob,fanduel_fair_prob,odds_sort,odds_rank,odds_movement_direction,odds_movement_swing,model_win_prob,edge_win_prob,edge_pct_points,is_value_bet,fetched_at,odds_to_win,implied_prob,fair_prob,odds_swing,odds_direction,line_source
R2026030,R2026030,FanDuel,winner,54591,Ben Griffin,1500,1500,0.0625,0.041169410111486,1.0,1,,CONSTANT,0.0464377162210557,-0.0160622837789443,-1.6062283778944302,False,2026-07-01T11:05:07Z,1500,0.0625,0.041169410111486,CONSTANT,,pga_odds_cache
R2026030,R2026030,FanDuel,winner,59095,Chris Gotterup,1600,1600,0.0588235294117647,0.0387476801049279,2.0,2,,DOWN,0.0302279743237991,-0.0285955550879656,-2.85955550879656,False,2026-07-01T11:05:07Z,1600,0.0588235294117647,0.0387476801049279,DOWN,,pga_odds_cache
R2026030,R2026030,FanDuel,winner,39546,Keith Mitchell,2200,2200,0.0434782608695652,0.0286395896427728,3.0,3,,CONSTANT,0.0109036602995829,-0.03257460056998231,-3.2574600569982306,False,2026-07-01T11:05:07Z,2200,0.0434782608695652,0.0286395896427728,CONSTANT,,pga_odds_cache
R2026030,R2026030,FanDuel,winner,33141,Keegan Bradley,2200,2200,0.0434782608695652,0.0286395896427728,4.0,4,,CONSTANT,0.0154289737465368,-0.028049287123028403,-2.80492871230284,False,2026-07-01T11:05:07Z,2200,0.0434782608695652,0.0286395896427728,CONSTANT,,pga_odds_cache
R2026030,R2026030,FanDuel,winner,66701,Jackson Koivun,2200,2200,0.0434782608695652,0.0286395896427728,5.0,5,,CONSTANT,0.0222192404059147,-0.021259020463650503,-2.1259020463650504,False,2026-07-01T11:05:07Z,2200,0.0434782608695652,0.0286395896427728,CONSTANT,,pga_odds_cache
R2026030,R2026030,FanDuel,winner,49771,J.T. Poston,2700,2700,0.0357142857142857,0.0235253772065634,6.0,6,,DOWN,0.0487111623900863,0.0129968766758006,1.2996876675800602,True,2026-07-01T11:05:07Z,2700,0.0357142857142857,0.0235253772065634,DOWN,,pga_odds_cache
R2026030,R2026030,FanDuel,winner,60004,Jacob Bridgeman,2700,2700,0.0357142857142857,0.0235253772065634,7.0,7,,UP,0.0099454127217791,-0.025768872992506596,-2.5768872992506595,False,2026-07-01T11:05:07Z,2700,0.0357142857142857,0.0235253772065634,UP,,pga_odds_cache
R2026030,R2026030,FanDuel,winner,57364,Michael Thorbjornsen,3000,3000,0.032258064516129,0.0212487277994766,8.0,8,,UP,0.0138351117118365,-0.018422952804292497,-1.8422952804292496,False,2026-07-01T11:05:07Z,3000,0.032258064516129,0.0212487277994766,UP,,pga_odds_cache
R2026030,R2026030,FanDuel,winner,55182,Tom Kim,3000,3000,0.032258064516129,0.0212487277994766,9.0,9,,UP,0.0202771582987708,-0.011980906217358197,-1.1980906217358196,False,2026-07-01T11:05:07Z,3000,0.032258064516129,0.0212487277994766,UP,,pga_odds_cache
R2026030,R2026030,FanDuel,winner,34046,Jordan Spieth,3300,3300,0.0294117647058823,0.0193738400524639,10.0,10,,DOWN,0.0161515187243493,-0.013260245981533001,-1.3260245981533,False,2026-07-01T11:05:07Z,3300,0.0294117647058823,0.0193738400524639,DOWN,,pga_odds_cache
R2026030,R2026030,FanDuel,winner,47591,Eric Cole,3300,3300,0.0294117647058823,0.0193738400524639,11.0,11,,DOWN,0.0121364773795665,-0.0172752873263158,-1.72752873263158,False,2026-07-01T11:05:07Z,3300,0.0294117647058823,0.0193738400524639,DOWN,,pga_odds_cache
R2026030,R2026030,FanDuel,winner,32102,Rickie Fowler,3500,3500,0.0277777777777777,0.0182975156051048,12.0,12,,CONSTANT,0.0101481090055584,-0.0176296687722193,-1.76296687722193,False,2026-07-01T11:05:07Z,3500,0.0277777777777777,0.0182975156051048,CONSTANT,,pga_odds_cache
R2026030,R2026030,FanDuel,winner,51997,Andrew Novak,4000,4000,0.024390243902439,0.0160661112630189,13.0,13,,UP,0.0111758830234459,-0.0132143608789931,-1.32143608789931,False,2026-07-01T11:05:07Z,4000,0.024390243902439,0.0160661112630189,UP,,pga_odds_cache
R2026030,R2026030,FanDuel,winner,51287,Ryo Hisatsune,4000,4000,0.024390243902439,0.0160661112630189,14.0,14,,UP,0.0072471502862613,-0.0171430936161777,-1.71430936161777,False,2026-07-01T11:05:07Z,4000,0.024390243902439,0.0160661112630189,UP,,pga_odds_cache
R2026030,R2026030,FanDuel,winner,59836,Pierceson Coody,4000,4000,0.024390243902439,0.0160661112630189,15.0,15,,DOWN,0.0202491560777766,-0.0041410878246624025,-0.4141087824662403,False,2026-07-01T11:05:07Z,4000,0.024390243902439,0.0160661112630189,DOWN,,pga_odds_cache
R2026030,R2026030,FanDuel,winner,61522,Michael Brennan,4000,4000,0.024390243902439,0.0160661112630189,16.0,16,,CONSTANT,0.0076991166901485,-0.0166911272122905,-1.6691127212290502,False,2026-07-01T11:05:07Z,4000,0.024390243902439,0.0160661112630189,CONSTANT,,pga_odds_cache
R2026030,R2026030,FanDuel,winner,47993,Denny McCarthy,4000,4000,0.024390243902439,0.0160661112630189,17.0,17,,UP,0.0162787321614365,-0.0081115117410025,-0.8111511741002501,False,2026-07-01T11:05:07Z,4000,0.024390243902439,0.0160661112630189,UP,,pga_odds_cache
R2026030,R2026030,FanDuel,winner,40026,Daniel Berger,4500,4500,0.0217391304347826,0.0143197948213864,18.0,18,,UP,0.0100901834679325,-0.011648946966850102,-1.1648946966850102,False,2026-07-01T11:05:07Z,4500,0.0217391304347826,0.0143197948213864,UP,,pga_odds_cache
R2026030,R2026030,FanDuel,winner,39975,Michael Kim,4500,4500,0.0217391304347826,0.0143197948213864,19.0,19,,CONSTANT,0.0101171973936551,-0.011621933041127502,-1.1621933041127501,False,2026-07-01T11:05:07Z,4500,0.0217391304347826,0.0143197948213864,CONSTANT,,pga_odds_cache
R2026030,R2026030,FanDuel,winner,48887,Matt Wallace,4500,4500,0.0217391304347826,0.0143197948213864,20.0,20,,DOWN,0.0055302300682272,-0.016208900366555402,-1.6208900366555403,False,2026-07-01T11:05:07Z,4500,0.0217391304347826,0.0143197948213864,DOWN,,pga_odds_cache
R2026030,R2026030,FanDuel,winner,52375,Doug Ghim,4500,4500,0.0217391304347826,0.0143197948213864,21.0,21,,DOWN,0.0107127911377899,-0.0110263392969927,-1.10263392969927,False,2026-07-01T11:05:07Z,4500,0.0217391304347826,0.0143197948213864,DOWN,,pga_odds_cache
R2026030,R2026030,FanDuel,winner,39971,Sungjae Im,4500,4500,0.0217391304347826,0.0143197948213864,22.0,22,,DOWN,0.0076829818027524,-0.0140561486320302,-1.40561486320302,False,2026-07-01T11:05:07Z,4500,0.0217391304347826,0.0143197948213864,DOWN,,pga_odds_cache
R2026030,R2026030,FanDuel,winner,51977,Max Greyserman,4500,4500,0.0217391304347826,0.0143197948213864,23.0,23,,CONSTANT,0.0100407400588536,-0.011698390375929001,-1.1698390375929002,False,2026-07-01T11:05:07Z,4500,0.0217391304347826,0.0143197948213864,CONSTANT,,pga_odds_cache
R2026030,R2026030,FanDuel,winner,59143,Mac Meissner,4500,4500,0.0217391304347826,0.0143197948213864,24.0,24,,UP,0.014852175190217,-0.006886955244565601,-0.68869552445656,False,2026-07-01T11:05:07Z,4500,0.0217391304347826,0.0143197948213864,UP,,pga_odds_cache
R2026030,R2026030,FanDuel,winner,63343,Aldrich Potgieter,5000,5000,0.0196078431372549,0.0129158933683093,25.0,25,,UP,0.0028839765129956,-0.0167238666242593,-1.67238666242593,False,2026-07-01T11:05:07Z,5000,0.0196078431372549,0.0129158933683093,UP,,pga_odds_cache
R2026030,R2026030,FanDuel,winner,60386,Sudarshan Yellamaraju,5000,5000,0.0196078431372549,0.0129158933683093,26.0,26,,DOWN,0.0070134132140228,-0.012594429923232103,-1.2594429923232102,False,2026-07-01T11:05:07Z,5000,0.0196078431372549,0.0129158933683093,DOWN,,pga_odds_cache
R2026030,R2026030,FanDuel,winner,45522,Christiaan Bezuidenhout,5500,5500,0.0178571428571428,0.0117626886032817,27.0,27,,CONSTANT,0.0071634603972646,-0.010693682459878201,-1.0693682459878202,False,2026-07-01T11:05:07Z,5500,0.0178571428571428,0.0117626886032817,CONSTANT,,pga_odds_cache
R2026030,R2026030,FanDuel,winner,29725,Tony Finau,5500,5500,0.0178571428571428,0.0117626886032817,28.0,28,,CONSTANT,0.0077963262343018,-0.010060816622841001,-1.0060816622841,False,2026-07-01T11:05:07Z,5500,0.0178571428571428,0.0117626886032817,CONSTANT,,pga_odds_cache
R2026030,R2026030,FanDuel,winner,58168,Davis Thompson,5500,5500,0.0178571428571428,0.0117626886032817,29.0,29,,DOWN,0.005650664226348,-0.012206478630794802,-1.2206478630794801,False,2026-07-01T11:05:07Z,5500,0.0178571428571428,0.0117626886032817,DOWN,,pga_odds_cache
R2026030,R2026030,FanDuel,winner,60019,Jackson Suber,5500,5500,0.0178571428571428,0.0117626886032817,30.0,30,,DOWN,0.0057913158020556,-0.0120658270550872,-1.20658270550872,False,2026-07-01T11:05:07Z,5500,0.0178571428571428,0.0117626886032817,DOWN,,pga_odds_cache
R2026030,R2026030,FanDuel,winner,39977,Max Homa,6000,6000,0.0163934426229508,0.010798533799734,31.0,31,,DOWN,0.0043214057682637,-0.0120720368546871,-1.20720368546871,False,2026-07-01T11:05:07Z,6000,0.0163934426229508,0.010798533799734,DOWN,,pga_odds_cache
R2026030,R2026030,FanDuel,winner,31646,Emiliano Grillo,6000,6000,0.0163934426229508,0.010798533799734,32.0,32,,UP,0.0108527661159696,-0.0055406765069812,-0.5540676506981199,False,2026-07-01T11:05:07Z,6000,0.0163934426229508,0.010798533799734,UP,,pga_odds_cache
R2026030,R2026030,FanDuel,winner,40250,Taylor Pendrith,6000,6000,0.0163934426229508,0.010798533799734,33.0,33,,DOWN,0.0053611846714212,-0.0110322579515296,-1.10322579515296,False,2026-07-01T11:05:07Z,6000,0.0163934426229508,0.010798533799734,DOWN,,pga_odds_cache
R2026030,R2026030,FanDuel,winner,66417,Blades Brown,6000,6000,0.0163934426229508,0.010798533799734,34.0,34,,DOWN,0.0071145032658776,-0.0092789393570732,-0.92789393570732,False,2026-07-01T11:05:07Z,6000,0.0163934426229508,0.010798533799734,DOWN,,pga_odds_cache
R2026030,R2026030,FanDuel,winner,51696,Rico Hoey,6000,6000,0.0163934426229508,0.010798533799734,35.0,35,,DOWN,0.0059672639384303,-0.0104261786845205,-1.04261786845205,False,2026-07-01T11:05:07Z,6000,0.0163934426229508,0.010798533799734,DOWN,,pga_odds_cache
R2026030,R2026030,FanDuel,winner,51950,Max McGreevy,6500,6500,0.0151515151515151,0.0099804630573299,36.0,36,,UP,0.0102852191602562,-0.004866295991258899,-0.48662959912588993,False,2026-07-01T11:05:07Z,6500,0.0151515151515151,0.0099804630573299,UP,,pga_odds_cache
R2026030,R2026030,FanDuel,winner,63454,Johnny Keefer,6500,6500,0.0151515151515151,0.0099804630573299,37.0,37,,CONSTANT,0.005623998674592,-0.0095275164769231,-0.95275164769231,False,2026-07-01T11:05:07Z,6500,0.0151515151515151,0.0099804630573299,CONSTANT,,pga_odds_cache
R2026030,R2026030,FanDuel,winner,36884,Ben Kohles,7000,7000,0.0140845070422535,0.0092776135462503,38.0,38,,UP,0.0051899760412137,-0.0088945310010398,-0.88945310010398,False,2026-07-01T11:05:07Z,7000,0.0140845070422535,0.0092776135462503,UP,,pga_odds_cache
R2026030,R2026030,FanDuel,winner,34256,Andrew Putnam,8000,8000,0.0123456790123456,0.0081322291578243,39.0,39,,UP,0.0086423844310179,-0.0037032945813277006,-0.3703294581327701,False,2026-07-01T11:05:07Z,8000,0.0123456790123456,0.0081322291578243,UP,,pga_odds_cache
R2026030,R2026030,FanDuel,winner,49947,Taylor Moore,8000,8000,0.0123456790123456,0.0081322291578243,40.0,40,,DOWN,0.0113061993094342,-0.0010394797029114004,-0.10394797029114003,False,2026-07-01T11:05:07Z,8000,0.0123456790123456,0.0081322291578243,DOWN,,pga_odds_cache
R2026030,R2026030,FanDuel,winner,35296,Haotong Li,8000,8000,0.0123456790123456,0.0081322291578243,41.0,41,,DOWN,0.0040889108648846,-0.008256768147461,-0.8256768147461,False,2026-07-01T11:05:07Z,8000,0.0123456790123456,0.0081322291578243,DOWN,,pga_odds_cache
R2026030,R2026030,FanDuel,winner,33968,Thorbjørn Olesen,8000,8000,0.0123456790123456,0.0081322291578243,42.0,42,,CONSTANT,0.0051738228371139,-0.007171856175231701,-0.71718561752317,False,2026-07-01T11:05:07Z,8000,0.0123456790123456,0.0081322291578243,CONSTANT,,pga_odds_cache
R2026030,R2026030,FanDuel,winner,48001,Zach Bauchou,8000,8000,0.0123456790123456,0.0081322291578243,43.0,43,,CONSTANT,0.0078867332077109,-0.0044589458046347,-0.44589458046346997,False,2026-07-01T11:05:07Z,8000,0.0123456790123456,0.0081322291578243,CONSTANT,,pga_odds_cache
R2026030,R2026030,FanDuel,winner,45242,Kevin Yu,8000,8000,0.0123456790123456,0.0081322291578243,44.0,44,,DOWN,0.0067214480949311,-0.0056242309174145,-0.56242309174145,False,2026-07-01T11:05:07Z,8000,0.0123456790123456,0.0081322291578243,DOWN,,pga_odds_cache
R2026030,R2026030,FanDuel,winner,28252,Seamus Power,10000,10000,0.0099009900990099,0.0065218867503344,45.0,45,,CONSTANT,0.0084261627361386,-0.0014748273628712987,-0.14748273628712988,False,2026-07-01T11:05:07Z,10000,0.0099009900990099,0.0065218867503344,CONSTANT,,pga_odds_cache
R2026030,R2026030,FanDuel,winner,35461,Beau Hossler,10000,10000,0.0099009900990099,0.0065218867503344,46.0,46,,DOWN,0.0068433292873389,-0.0030576608116709997,-0.30576608116709997,False,2026-07-01T11:05:07Z,10000,0.0099009900990099,0.0065218867503344,DOWN,,pga_odds_cache
R2026030,R2026030,FanDuel,winner,35506,Mackenzie Hughes,10000,10000,0.0099009900990099,0.0065218867503344,47.0,47,,CONSTANT,0.008659151643847,-0.001241838455162899,-0.1241838455162899,False,2026-07-01T11:05:07Z,10000,0.0099009900990099,0.0065218867503344,CONSTANT,,pga_odds_cache
R2026030,R2026030,FanDuel,winner,49228,Keita Nakajima,10000,10000,0.0099009900990099,0.0065218867503344,48.0,48,,CONSTANT,0.0041199762431573,-0.0057810138558525995,-0.5781013855852599,False,2026-07-01T11:05:07Z,10000,0.0099009900990099,0.0065218867503344,CONSTANT,,pga_odds_cache
R2026030,R2026030,FanDuel,winner,52513,Carson Young,10000,10000,0.0099009900990099,0.0065218867503344,49.0,49,,CONSTANT,0.0077792720171631,-0.002121718081846799,-0.21217180818467993,False,2026-07-01T11:05:07Z,10000,0.0099009900990099,0.0065218867503344,CONSTANT,,pga_odds_cache
R2026030,R2026030,FanDuel,winner,54628,Lee Hodges,10000,10000,0.0099009900990099,0.0065218867503344,50.0,50,,UP,0.0064398865455023,-0.0034611035535075992,-0.3461103553507599,False,2026-07-01T11:05:07Z,10000,0.0099009900990099,0.0065218867503344,UP,,pga_odds_cache
R2026030,R2026030,FanDuel,winner,50095,Austin Smotherman,10000,10000,0.0099009900990099,0.0065218867503344,51.0,51,,CONSTANT,0.0089571646008444,-0.000943825498165499,-0.0943825498165499,False,2026-07-01T11:05:07Z,10000,0.0099009900990099,0.0065218867503344,CONSTANT,,pga_odds_cache
R2026030,R2026030,FanDuel,winner,57123,Steven Fisk,10000,10000,0.0099009900990099,0.0065218867503344,52.0,52,,CONSTANT,0.0072451674532088,-0.0026558226458010996,-0.26558226458011,False,2026-07-01T11:05:07Z,10000,0.0099009900990099,0.0065218867503344,CONSTANT,,pga_odds_cache
R2026030,R2026030,FanDuel,winner,36799,Stephan Jaeger,10000,10000,0.0099009900990099,0.0065218867503344,53.0,53,,CONSTANT,0.0103672622414019,0.0004662721423920012,0.04662721423920012,True,2026-07-01T11:05:07Z,10000,0.0099009900990099,0.0065218867503344,CONSTANT,,pga_odds_cache
R2026030,R2026030,FanDuel,winner,50286,A.J. Ewart,10000,10000,0.0099009900990099,0.0065218867503344,54.0,54,,UP,0.0051624798005439,-0.004738510298466,-0.4738510298466,False,2026-07-01T11:05:07Z,10000,0.0099009900990099,0.0065218867503344,UP,,pga_odds_cache
R2026030,R2026030,FanDuel,winner,63121,William Mouw,10000,10000,0.0099009900990099,0.0065218867503344,55.0,55,,CONSTANT,0.00493209047649,-0.004968899622519899,-0.4968899622519899,False,2026-07-01T11:05:07Z,10000,0.0099009900990099,0.0065218867503344,CONSTANT,,pga_odds_cache
R2026030,R2026030,FanDuel,winner,29289,S.Y. Noh,10000,10000,0.0099009900990099,0.0065218867503344,56.0,56,,UP,0.0069268046533677,-0.002974185445642199,-0.2974185445642199,False,2026-07-01T11:05:07Z,10000,0.0099009900990099,0.0065218867503344,UP,,pga_odds_cache
R2026030,R2026030,FanDuel,winner,50497,Adrien Dumont de Chassart,10000,10000,0.0099009900990099,0.0065218867503344,57.0,57,,CONSTANT,0.0075987348559948,-0.002302255243015099,-0.2302255243015099,False,2026-07-01T11:05:07Z,10000,0.0099009900990099,0.0065218867503344,CONSTANT,,pga_odds_cache
R2026030,R2026030,FanDuel,winner,66416,Preston Stout,10000,10000,0.0099009900990099,0.0065218867503344,58.0,58,,UP,0.0022651822925198,-0.007635807806490099,-0.7635807806490099,False,2026-07-01T11:05:07Z,10000,0.0099009900990099,0.0065218867503344,UP,,pga_odds_cache
R2026030,R2026030,FanDuel,winner,40058,Zac Blair,12500,12500,0.0079365079365079,0.0052278616014585,59.0,59,,UP,0.0074468318949258,-0.0004896760415820994,-0.04896760415820994,False,2026-07-01T11:05:07Z,12500,0.0079365079365079,0.0052278616014585,UP,,pga_odds_cache
R2026030,R2026030,FanDuel,winner,25900,Lucas Glover,12500,12500,0.0079365079365079,0.0052278616014585,60.0,60,,UP,0.0058397082623705,-0.0020967996741373994,-0.20967996741373995,False,2026-07-01T11:05:07Z,12500,0.0079365079365079,0.0052278616014585,UP,,pga_odds_cache
R2026030,R2026030,FanDuel,winner,24024,Zach Johnson,12500,12500,0.0079365079365079,0.0052278616014585,61.0,61,,UP,0.005135824162059,-0.0028006837744489,-0.28006837744489,False,2026-07-01T11:05:07Z,12500,0.0079365079365079,0.0052278616014585,UP,,pga_odds_cache
R2026030,R2026030,FanDuel,winner,36699,Patrick Rodgers,12500,12500,0.0079365079365079,0.0052278616014585,62.0,62,,CONSTANT,0.0069897871997251,-0.0009467207367827996,-0.09467207367827996,False,2026-07-01T11:05:07Z,12500,0.0079365079365079,0.0052278616014585,CONSTANT,,pga_odds_cache
R2026030,R2026030,FanDuel,winner,47917,Takumi Kanaya,12500,12500,0.0079365079365079,0.0052278616014585,63.0,63,,UP,0.0052395546866198,-0.0026969532498881,-0.26969532498881,False,2026-07-01T11:05:07Z,12500,0.0079365079365079,0.0052278616014585,UP,,pga_odds_cache
R2026030,R2026030,FanDuel,winner,47983,Chad Ramey,12500,12500,0.0079365079365079,0.0052278616014585,64.0,64,,CONSTANT,0.0068270924719229,-0.0011094154645849997,-0.11094154645849996,False,2026-07-01T11:05:07Z,12500,0.0079365079365079,0.0052278616014585,CONSTANT,,pga_odds_cache
R2026030,R2026030,FanDuel,winner,54421,Garrick Higgo,12500,12500,0.0079365079365079,0.0052278616014585,65.0,65,,DOWN,0.0048425737375341,-0.0030939341989737997,-0.30939341989737995,False,2026-07-01T11:05:07Z,12500,0.0079365079365079,0.0052278616014585,DOWN,,pga_odds_cache
R2026030,R2026030,FanDuel,winner,54576,Patrick Fishburn,12500,12500,0.0079365079365079,0.0052278616014585,66.0,66,,CONSTANT,0.0062188463591697,-0.0017176615773381995,-0.17176615773381995,False,2026-07-01T11:05:07Z,12500,0.0079365079365079,0.0052278616014585,CONSTANT,,pga_odds_cache
R2026030,R2026030,FanDuel,winner,57362,Austin Eckroat,12500,12500,0.0079365079365079,0.0052278616014585,67.0,67,,CONSTANT,0.008117605628353,0.00018109769184510016,0.018109769184510016,True,2026-07-01T11:05:07Z,12500,0.0079365079365079,0.0052278616014585,CONSTANT,,pga_odds_cache
R2026030,R2026030,FanDuel,winner,50484,Hayden Springer,12500,12500,0.0079365079365079,0.0052278616014585,68.0,68,,CONSTANT,0.0061512214541272,-0.0017852864823806993,-0.17852864823806994,False,2026-07-01T11:05:07Z,12500,0.0079365079365079,0.0052278616014585,CONSTANT,,pga_odds_cache
R2026030,R2026030,FanDuel,winner,54788,Chandler Blanchet,12500,12500,0.0079365079365079,0.0052278616014585,69.0,69,,UP,0.0053397354778125,-0.0025967724586954,-0.25967724586954,False,2026-07-01T11:05:07Z,12500,0.0079365079365079,0.0052278616014585,UP,,pga_odds_cache
R2026030,R2026030,FanDuel,winner,51894,Vince Whaley,12500,12500,0.0079365079365079,0.0052278616014585,70.0,70,,UP,0.0040851869992446,-0.0038513209372633,-0.38513209372633,False,2026-07-01T11:05:07Z,12500,0.0079365079365079,0.0052278616014585,UP,,pga_odds_cache
R2026030,R2026030,FanDuel,winner,23108,Matt Kuchar,12500,12500,0.0079365079365079,0.0052278616014585,71.0,71,,CONSTANT,0.0065224992611403,-0.0014140086753676,-0.14140086753676,False,2026-07-01T11:05:07Z,12500,0.0079365079365079,0.0052278616014585,CONSTANT,,pga_odds_cache
R2026030,R2026030,FanDuel,winner,63807,Neal Shipley,12500,12500,0.0079365079365079,0.0052278616014585,72.0,72,,CONSTANT,0.0023177705322884,-0.0056187374042195,-0.56187374042195,False,2026-07-01T11:05:07Z,12500,0.0079365079365079,0.0052278616014585,CONSTANT,,pga_odds_cache
R2026030,R2026030,FanDuel,winner,66743,Luke Clanton,12500,12500,0.0079365079365079,0.0052278616014585,73.0,73,,UP,0.0060614119172005,-0.0018750960193074,-0.18750960193074,False,2026-07-01T11:05:07Z,12500,0.0079365079365079,0.0052278616014585,UP,,pga_odds_cache
R2026030,R2026030,FanDuel,winner,35532,Tom Hoge,15000,15000,0.0066225165562913,0.004362321601217,74.0,74,,UP,0.0058066804188925,-0.0008158361373987993,-0.08158361373987993,False,2026-07-01T11:05:07Z,15000,0.0066225165562913,0.004362321601217,UP,,pga_odds_cache
R2026030,R2026030,FanDuel,winner,40115,Adam Svensson,15000,15000,0.0066225165562913,0.004362321601217,75.0,75,,UP,0.0053207280047638,-0.0013017885515274998,-0.13017885515275,False,2026-07-01T11:05:07Z,15000,0.0066225165562913,0.004362321601217,UP,,pga_odds_cache
R2026030,R2026030,FanDuel,winner,34587,Chan Kim,15000,15000,0.0066225165562913,0.004362321601217,76.0,76,,UP,0.0042724148474897,-0.0023501017088015993,-0.23501017088015994,False,2026-07-01T11:05:07Z,15000,0.0066225165562913,0.004362321601217,UP,,pga_odds_cache
R2026030,R2026030,FanDuel,winner,51600,Jimmy Stanger,15000,15000,0.0066225165562913,0.004362321601217,77.0,77,,UP,0.0024613333402663,-0.004161183216025,-0.41611832160249995,False,2026-07-01T11:05:07Z,15000,0.0066225165562913,0.004362321601217,UP,,pga_odds_cache
R2026030,R2026030,FanDuel,winner,35658,Kris Ventura,15000,15000,0.0066225165562913,0.004362321601217,78.0,78,,UP,0.0017129998377577,-0.0049095167185336,-0.49095167185335997,False,2026-07-01T11:05:07Z,15000,0.0066225165562913,0.004362321601217,UP,,pga_odds_cache
R2026030,R2026030,FanDuel,winner,37338,Zecheng Dou,15000,15000,0.0066225165562913,0.004362321601217,79.0,79,,DOWN,0.0070827954667059,0.0004602789104146002,0.04602789104146002,True,2026-07-01T11:05:07Z,15000,0.0066225165562913,0.004362321601217,DOWN,,pga_odds_cache
R2026030,R2026030,FanDuel,winner,36801,Mark Hubbard,17500,17500,0.0056818181818181,0.0037426736464987,80.0,80,,UP,0.0051300907723078,-0.0005517274095102999,-0.05517274095102999,False,2026-07-01T11:05:07Z,17500,0.0056818181818181,0.0037426736464987,UP,,pga_odds_cache
R2026030,R2026030,FanDuel,winner,36326,David Lipsky,17500,17500,0.0056818181818181,0.0037426736464987,81.0,81,,UP,0.0077639431272867,0.0020821249454686004,0.20821249454686003,True,2026-07-01T11:05:07Z,17500,0.0056818181818181,0.0037426736464987,UP,,pga_odds_cache
R2026030,R2026030,FanDuel,winner,35310,Lanto Griffin,17500,17500,0.0056818181818181,0.0037426736464987,82.0,82,,UP,0.0066447941319844,0.0009629759501663003,0.09629759501663003,True,2026-07-01T11:05:07Z,17500,0.0056818181818181,0.0037426736464987,UP,,pga_odds_cache
R2026030,R2026030,FanDuel,winner,29221,Webb Simpson,17500,17500,0.0056818181818181,0.0037426736464987,83.0,83,,CONSTANT,0.0043048016292404,-0.0013770165525776997,-0.13770165525776998,False,2026-07-01T11:05:07Z,17500,0.0056818181818181,0.0037426736464987,CONSTANT,,pga_odds_cache
R2026030,R2026030,FanDuel,winner,33399,Adam Hadwin,17500,17500,0.0056818181818181,0.0037426736464987,84.0,84,,CONSTANT,0.0042090705130409,-0.0014727476687771994,-0.14727476687771993,False,2026-07-01T11:05:07Z,17500,0.0056818181818181,0.0037426736464987,CONSTANT,,pga_odds_cache
R2026030,R2026030,FanDuel,winner,52372,Cameron Champ,17500,17500,0.0056818181818181,0.0037426736464987,85.0,85,,DOWN,0.0017338922332522,-0.003947925948565899,-0.3947925948565899,False,2026-07-01T11:05:07Z,17500,0.0056818181818181,0.0037426736464987,DOWN,,pga_odds_cache
R2026030,R2026030,FanDuel,winner,54304,Karl Vilips,17500,17500,0.0056818181818181,0.0037426736464987,86.0,86,,DOWN,0.0041905820111461,-0.001491236170672,-0.14912361706719998,False,2026-07-01T11:05:07Z,17500,0.0056818181818181,0.0037426736464987,DOWN,,pga_odds_cache
R2026030,R2026030,FanDuel,winner,39335,Kevin Roy,17500,17500,0.0056818181818181,0.0037426736464987,87.0,87,,DOWN,0.0049942007262401,-0.0006876174555779995,-0.06876174555779996,False,2026-07-01T11:05:07Z,17500,0.0056818181818181,0.0037426736464987,DOWN,,pga_odds_cache
R2026030,R2026030,FanDuel,winner,48153,Matthieu Pavon,17500,17500,0.0056818181818181,0.0037426736464987,88.0,88,,DOWN,0.0065266604336802,0.0008448422518621008,0.08448422518621007,True,2026-07-01T11:05:07Z,17500,0.0056818181818181,0.0037426736464987,DOWN,,pga_odds_cache
R2026030,R2026030,FanDuel,winner,46443,Brian Campbell,22500,22500,0.0044247787610619,0.002914648503468,89.0,89,,DOWN,0.0057082961843678,0.0012835174233059004,0.12835174233059005,True,2026-07-01T11:05:07Z,22500,0.0044247787610619,0.002914648503468,DOWN,,pga_odds_cache
R2026030,R2026030,FanDuel,winner,34076,Joel Dahmen,22500,22500,0.0044247787610619,0.002914648503468,90.0,90,,UP,0.0027350381201446,-0.0016897406409173,-0.16897406409173,False,2026-07-01T11:05:07Z,22500,0.0044247787610619,0.002914648503468,UP,,pga_odds_cache
R2026030,R2026030,FanDuel,winner,29535,Brice Garnett,22500,22500,0.0044247787610619,0.002914648503468,91.0,91,,UP,0.0041444501359903,-0.0002803286250716002,-0.02803286250716002,False,2026-07-01T11:05:07Z,22500,0.0044247787610619,0.002914648503468,UP,,pga_odds_cache
R2026030,R2026030,FanDuel,winner,27139,David Skinns,22500,22500,0.0044247787610619,0.002914648503468,92.0,92,,UP,0.0045065786360914,8.179987502949983e-05,0.008179987502949983,True,2026-07-01T11:05:07Z,22500,0.0044247787610619,0.002914648503468,UP,,pga_odds_cache
R2026030,R2026030,FanDuel,winner,49766,Hank Lebioda,22500,22500,0.0044247787610619,0.002914648503468,93.0,93,,UP,0.0066831822512605,0.0022584034901985996,0.22584034901985994,True,2026-07-01T11:05:07Z,22500,0.0044247787610619,0.002914648503468,UP,,pga_odds_cache
R2026030,R2026030,FanDuel,winner,40006,Erik van Rooyen,22500,22500,0.0044247787610619,0.002914648503468,94.0,94,,CONSTANT,0.0039520864936778,-0.00047269226738410035,-0.04726922673841004,False,2026-07-01T11:05:07Z,22500,0.0044247787610619,0.002914648503468,CONSTANT,,pga_odds_cache
R2026030,R2026030,FanDuel,winner,28679,Fabián Gómez,25000,25000,0.0039840637450199,0.0026243448676644,95.0,95,,UP,0.0069383557359329,0.0029542919909129996,0.29542919909129994,True,2026-07-01T11:05:07Z,25000,0.0039840637450199,0.0026243448676644,UP,,pga_odds_cache
R2026030,R2026030,FanDuel,winner,49120,Kensei Hirata,25000,25000,0.0039840637450199,0.0026243448676644,96.0,96,,UP,0.00161652611236,-0.0023675376326599004,-0.23675376326599004,False,2026-07-01T11:05:07Z,25000,0.0039840637450199,0.0026243448676644,UP,,pga_odds_cache
R2026030,R2026030,FanDuel,winner,57900,Chandler Phillips,25000,25000,0.0039840637450199,0.0026243448676644,97.0,97,,UP,0.0059006725383976,0.0019166087933776997,0.19166087933776996,True,2026-07-01T11:05:07Z,25000,0.0039840637450199,0.0026243448676644,UP,,pga_odds_cache
R2026030,R2026030,FanDuel,winner,29970,Dylan Frittelli,35000,35000,0.0028490028490028,0.0018766682671902,98.0,98,,UP,0.004501481951703,0.0016524791027002,0.16524791027002,True,2026-07-01T11:05:07Z,35000,0.0028490028490028,0.0018766682671902,UP,,pga_odds_cache
R2026030,R2026030,FanDuel,winner,52514,Trace Crowe,35000,35000,0.0028490028490028,0.0018766682671902,99.0,99,,CONSTANT,0.0040113674523544,0.0011623646033515995,0.11623646033515996,True,2026-07-01T11:05:07Z,35000,0.0028490028490028,0.0018766682671902,CONSTANT,,pga_odds_cache
R2026030,R2026030,FanDuel,winner,55165,Noah Goodwin,35000,35000,0.0028490028490028,0.0018766682671902,100.0,100,,DOWN,0.0029789880139465,0.00012998516494369975,0.012998516494369975,True,2026-07-01T11:05:07Z,35000,0.0028490028490028,0.0018766682671902,DOWN,,pga_odds_cache
R2026030,R2026030,FanDuel,winner,38991,Alejandro Tosti,35000,35000,0.0028490028490028,0.0018766682671902,101.0,101,,UP,0.0024007433483686,-0.0004482595006342002,-0.04482595006342002,False,2026-07-01T11:05:07Z,35000,0.0028490028490028,0.0018766682671902,UP,,pga_odds_cache
R2026030,R2026030,FanDuel,winner,55573,John VanDerLaan,35000,35000,0.0028490028490028,0.0018766682671902,102.0,102,,CONSTANT,0.0039715764563441,0.0011225736073412996,0.11225736073412997,True,2026-07-01T11:05:07Z,35000,0.0028490028490028,0.0018766682671902,CONSTANT,,pga_odds_cache
R2026030,R2026030,FanDuel,winner,37076,Marcelo Rozo,35000,35000,0.0028490028490028,0.0018766682671902,103.0,103,,UP,0.0039099783785429,0.0010609755295400997,0.10609755295400997,True,2026-07-01T11:05:07Z,35000,0.0028490028490028,0.0018766682671902,UP,,pga_odds_cache
R2026030,R2026030,FanDuel,winner,33597,Harry Higgs,35000,35000,0.0028490028490028,0.0018766682671902,104.0,104,,UP,0.0035307283276557,0.0006817254786528996,0.06817254786528996,True,2026-07-01T11:05:07Z,35000,0.0028490028490028,0.0018766682671902,UP,,pga_odds_cache
R2026030,R2026030,FanDuel,winner,59866,Nick Dunlap,35000,35000,0.0028490028490028,0.0018766682671902,105.0,105,,DOWN,0.0042181874265849,0.0013691845775821,0.13691845775821002,True,2026-07-01T11:05:07Z,35000,0.0028490028490028,0.0018766682671902,DOWN,,pga_odds_cache
R2026030,R2026030,FanDuel,winner,45609,Tyler Duncan,35000,35000,0.0028490028490028,0.0018766682671902,106.0,106,,UP,0.0039450037162894,0.0010960008672866,0.10960008672865999,True,2026-07-01T11:05:07Z,35000,0.0028490028490028,0.0018766682671902,UP,,pga_odds_cache
R2026030,R2026030,FanDuel,winner,68994,Ryan Voois,50000,50000,0.0019960079840319,0.0013147915404865,107.0,107,,UP,0.0039912310814571,0.0019952230974252002,0.19952230974252003,True,2026-07-01T11:05:07Z,50000,0.0019960079840319,0.0013147915404865,UP,,pga_odds_cache
R2026030,R2026030,FanDuel,winner,36824,Paul Peterson,50000,50000,0.0019960079840319,0.0013147915404865,108.0,108,,UP,0.0040069859742473,0.0020109779902154003,0.20109779902154004,True,2026-07-01T11:05:07Z,50000,0.0019960079840319,0.0013147915404865,UP,,pga_odds_cache
R2026030,R2026030,FanDuel,winner,39327,Ben Silverman,50000,50000,0.0019960079840319,0.0013147915404865,109.0,109,,CONSTANT,0.0041652459265518,0.0021692379425199003,0.21692379425199004,True,2026-07-01T11:05:07Z,50000,0.0019960079840319,0.0013147915404865,CONSTANT,,pga_odds_cache
R2026030,R2026030,FanDuel,winner,55851,Pontus Nyholm,50000,50000,0.0019960079840319,0.0013147915404865,110.0,110,,DOWN,0.0040805581071681,0.0020845501231361997,0.20845501231361996,True,2026-07-01T11:05:07Z,50000,0.0019960079840319,0.0013147915404865,DOWN,,pga_odds_cache
R2026030,R2026030,FanDuel,winner,54783,Dylan Wu,50000,50000,0.0019960079840319,0.0013147915404865,111.0,111,,CONSTANT,0.0054479060771626,0.0034518980931307,0.34518980931307,True,2026-07-01T11:05:07Z,50000,0.0019960079840319,0.0013147915404865,CONSTANT,,pga_odds_cache
R2026030,R2026030,FanDuel,winner,37278,Nicholas Lindheim,75000,75000,0.0013315579227696,0.0008771112673552,112.0,112,,CONSTANT,0.0022364975499832,0.0009049396272136001,0.09049396272136001,True,2026-07-01T11:05:07Z,75000,0.0013315579227696,0.0008771112673552,CONSTANT,,pga_odds_cache
R2026030,R2026030,FanDuel,winner,32640,Troy Merritt,75000,75000,0.0013315579227696,0.0008771112673552,113.0,113,,UP,0.0042749245812985,0.0029433666585289,0.29433666585289,True,2026-07-01T11:05:07Z,75000,0.0013315579227696,0.0008771112673552,UP,,pga_odds_cache
R2026030,R2026030,FanDuel,winner,27214,Kevin Streelman,75000,75000,0.0013315579227696,0.0008771112673552,114.0,114,,DOWN,0.0039671558712303,0.0026355979484606997,0.26355979484606995,True,2026-07-01T11:05:07Z,75000,0.0013315579227696,0.0008771112673552,DOWN,,pga_odds_cache
R2026030,R2026030,FanDuel,winner,47347,Adam Schenk,75000,75000,0.0013315579227696,0.0008771112673552,115.0,115,,CONSTANT,0.0045897441689391,0.0032581862461695003,0.32581862461695005,True,2026-07-01T11:05:07Z,75000,0.0013315579227696,0.0008771112673552,CONSTANT,,pga_odds_cache
R2026030,R2026030,FanDuel,winner,54422,Christo Lamprecht,75000,75000,0.0013315579227696,0.0008771112673552,116.0,116,,DOWN,0.0033832501694121,0.0020516922466425,0.20516922466425003,True,2026-07-01T11:05:07Z,75000,0.0013315579227696,0.0008771112673552,DOWN,,pga_odds_cache
R2026030,R2026030,FanDuel,winner,47393,Jeffrey Kang,75000,75000,0.0013315579227696,0.0008771112673552,117.0,117,,CONSTANT,0.0070453117557459,0.0057137538329763,0.57137538329763,True,2026-07-01T11:05:07Z,75000,0.0013315579227696,0.0008771112673552,CONSTANT,,pga_odds_cache
R2026030,R2026030,FanDuel,winner,54607,Danny Walker,75000,75000,0.0013315579227696,0.0008771112673552,118.0,118,,DOWN,0.0063941723259617,0.0050626144031921,0.50626144031921,True,2026-07-01T11:05:07Z,75000,0.0013315579227696,0.0008771112673552,DOWN,,pga_odds_cache
R2026030,R2026030,FanDuel,winner,47995,Davis Riley,75000,75000,0.0013315579227696,0.0008771112673552,119.0,119,,CONSTANT,0.0044183627477021,0.0030868048249325,0.30868048249325003,True,2026-07-01T11:05:07Z,75000,0.0013315579227696,0.0008771112673552,CONSTANT,,pga_odds_cache
R2026030,R2026030,FanDuel,winner,56762,Will Gordon,75000,75000,0.0013315579227696,0.0008771112673552,120.0,120,,DOWN,,,,False,2026-07-01T11:05:07Z,75000,0.0013315579227696,0.0008771112673552,DOWN,,pga_odds_cache
R2026030,R2026030,FanDuel,winner,67601,Patrick Adler,100000,100000,0.0009990009990009,0.0006580525092745,121.0,121,,DOWN,0.003991231178636,0.0029922301796350996,0.29922301796351,True,2026-07-01T11:05:07Z,100000,0.0009990009990009,0.0006580525092745,DOWN,,pga_odds_cache
R2026030,R2026030,FanDuel,winner,28420,Ryan Brehm,100000,100000,0.0009990009990009,0.0006580525092745,122.0,122,,CONSTANT,0.0022262740369876,0.0012272730379867,0.12272730379867,True,2026-07-01T11:05:07Z,100000,0.0009990009990009,0.0006580525092745,CONSTANT,,pga_odds_cache
R2026030,R2026030,FanDuel,winner,24925,Jonathan Byrd,100000,100000,0.0009990009990009,0.0006580525092745,123.0,123,,CONSTANT,0.0047504070503421,0.0037514060513412,0.37514060513412,True,2026-07-01T11:05:07Z,100000,0.0009990009990009,0.0006580525092745,CONSTANT,,pga_odds_cache
R2026030,R2026030,FanDuel,winner,52497,Darin Fisher,100000,100000,0.0009990009990009,0.0006580525092745,124.0,124,,CONSTANT,0.0029283511379521,0.0019293501389512,0.19293501389512,True,2026-07-01T11:05:07Z,100000,0.0009990009990009,0.0006580525092745,CONSTANT,,pga_odds_cache
R2026030,R2026030,FanDuel,winner,47988,Nick Hardy,100000,100000,0.0009990009990009,0.0006580525092745,125.0,125,,CONSTANT,0.001683090217812,0.0006840892188111,0.06840892188111,True,2026-07-01T11:05:07Z,100000,0.0009990009990009,0.0006580525092745,CONSTANT,,pga_odds_cache
R2026030,R2026030,FanDuel,winner,32757,Patton Kizzire,100000,100000,0.0009990009990009,0.0006580525092745,126.0,126,,CONSTANT,0.0041783766881259,0.003179375689125,0.3179375689125,True,2026-07-01T11:05:07Z,100000,0.0009990009990009,0.0006580525092745,CONSTANT,,pga_odds_cache
R2026030,R2026030,FanDuel,winner,27129,Luke List,100000,100000,0.0009990009990009,0.0006580525092745,127.0,127,,DOWN,0.0040351591346092,0.0030361581356082995,0.30361581356082995,True,2026-07-01T11:05:07Z,100000,0.0009990009990009,0.0006580525092745,DOWN,,pga_odds_cache
R2026030,R2026030,FanDuel,winner,34466,Peter Malnati,100000,100000,0.0009990009990009,0.0006580525092745,128.0,128,,CONSTANT,0.0042341255643012,0.0032351245653003003,0.32351245653003,True,2026-07-01T11:05:07Z,100000,0.0009990009990009,0.0006580525092745,CONSTANT,,pga_odds_cache
R2026030,R2026030,FanDuel,winner,33413,Ben Martin,100000,100000,0.0009990009990009,0.0006580525092745,129.0,129,,CONSTANT,0.004078086110631,0.0030790851116300998,0.30790851116301,True,2026-07-01T11:05:07Z,100000,0.0009990009990009,0.0006580525092745,CONSTANT,,pga_odds_cache
R2026030,R2026030,FanDuel,winner,34431,Robert Streb,100000,100000,0.0009990009990009,0.0006580525092745,130.0,130,,CONSTANT,0.0057531608529539,0.0047541598539529994,0.47541598539529994,True,2026-07-01T11:05:07Z,100000,0.0009990009990009,0.0006580525092745,CONSTANT,,pga_odds_cache
R2026030,R2026030,FanDuel,winner,27770,Camilo Villegas,100000,100000,0.0009990009990009,0.0006580525092745,131.0,131,,CONSTANT,0.0046712577749061,0.0036722567759052,0.36722567759052,True,2026-07-01T11:05:07Z,100000,0.0009990009990009,0.0006580525092745,CONSTANT,,pga_odds_cache
R2026030,R2026030,FanDuel,winner,27936,Martin Laird,100000,100000,0.0009990009990009,0.0006580525092745,132.0,132,,CONSTANT,0.0045060524795422,0.0035070514805413,0.35070514805413,True,2026-07-01T11:05:07Z,100000,0.0009990009990009,0.0006580525092745,CONSTANT,,pga_odds_cache
R2026030,R2026030,FanDuel,winner,49964,Aaron Wise,100000,100000,0.0009990009990009,0.0006580525092745,133.0,133,,CONSTANT,0.0042331196266266,0.0032341186276257,0.32341186276257,True,2026-07-01T11:05:07Z,100000,0.0009990009990009,0.0006580525092745,CONSTANT,,pga_odds_cache
R2026030,R2026030,FanDuel,winner,30927,Brendon Todd,100000,100000,0.0009990009990009,0.0006580525092745,134.0,134,,CONSTANT,0.0044929525369126,0.0034939515379117,0.34939515379117,True,2026-07-01T11:05:07Z,100000,0.0009990009990009,0.0006580525092745,CONSTANT,,pga_odds_cache
R2026030,R2026030,FanDuel,winner,40162,Justin Lower,100000,100000,0.0009990009990009,0.0006580525092745,135.0,135,,DOWN,0.0029559239499653,0.0019569229509644,0.19569229509643998,True,2026-07-01T11:05:07Z,100000,0.0009990009990009,0.0006580525092745,DOWN,,pga_odds_cache
R2026030,R2026030,FanDuel,winner,50582,Jeremy Paul,100000,100000,0.0009990009990009,0.0006580525092745,136.0,136,,CONSTANT,0.0044495826714559,0.003450581672455,0.3450581672455,True,2026-07-01T11:05:07Z,100000,0.0009990009990009,0.0006580525092745,CONSTANT,,pga_odds_cache
R2026030,R2026030,FanDuel,winner,32070,Rafael Campos,100000,100000,0.0009990009990009,0.0006580525092745,137.0,137,,CONSTANT,0.0040487655800211,0.0030497645810201998,0.30497645810201995,True,2026-07-01T11:05:07Z,100000,0.0009990009990009,0.0006580525092745,CONSTANT,,pga_odds_cache
R2026030,R2026030,FanDuel,winner,36724,Augusto Núñez,100000,100000,0.0009990009990009,0.0006580525092745,138.0,138,,DOWN,0.0029426945163452,0.0019436935173443002,0.19436935173443,True,2026-07-01T11:05:07Z,100000,0.0009990009990009,0.0006580525092745,DOWN,,pga_odds_cache
R2026030,R2026030,FanDuel,winner,57124,Michael Feagles,100000,100000,0.0009990009990009,0.0006580525092745,139.0,139,,DOWN,0.0029015496216949,0.0019025486226940003,0.19025486226940003,True,2026-07-01T11:05:07Z,100000,0.0009990009990009,0.0006580525092745,DOWN,,pga_odds_cache
R2026030,R2026030,FanDuel,winner,64442,Gordon Sargent,100000,100000,0.0009990009990009,0.0006580525092745,140.0,140,,CONSTANT,0.0020403773192677,0.0010413763202668,0.10413763202668,True,2026-07-01T11:05:07Z,100000,0.0009990009990009,0.0006580525092745,CONSTANT,,pga_odds_cache
R2026030,R2026030,FanDuel,winner,60067,Joe Highsmith,100000,100000,0.0009990009990009,0.0006580525092745,141.0,141,,CONSTANT,0.0043012887179021,0.0033022877189012,0.33022877189012,True,2026-07-01T11:05:07Z,100000,0.0009990009990009,0.0006580525092745,CONSTANT,,pga_odds_cache
R2026030,R2026030,FanDuel,winner,59006,Davis Chatfield,100000,100000,0.0009990009990009,0.0006580525092745,142.0,142,,CONSTANT,0.0027400444572141,0.0017410434582132,0.17410434582132,True,2026-07-01T11:05:07Z,100000,0.0009990009990009,0.0006580525092745,CONSTANT,,pga_odds_cache
R2026030,R2026030,FanDuel,winner,67202,Luke Gutschewski,100000,100000,0.0009990009990009,0.0006580525092745,143.0,143,,DOWN,0.0039912311270136,0.0029922301280126996,0.29922301280126995,True,2026-07-01T11:05:07Z,100000,0.0009990009990009,0.0006580525092745,DOWN,,pga_odds_cache
R2026030,R2026030,FanDuel,winner,68607,Mason Howell,100000,100000,0.0009990009990009,0.0006580525092745,144.0,144,,CONSTANT,0.0022651822903975,0.0012661812913966001,0.12661812913966,True,2026-07-01T11:05:07Z,100000,0.0009990009990009,0.0006580525092745,CONSTANT,,pga_odds_cache
