tournament_id,tournament_name,market_id,market_name,market_display_name,market_type,betting_provider,submarket_name,group_title,selection_type,group_count,bet_group_id,selection_index,option_id,entity_id,selection_label,player_ids,player_id,player_names,player_name,player_short_names,opponent_name,odds_value,odds_numeric,implied_prob,odd_direction,fetched_at,fair_prob,odds_to_win,odds_swing,odds_sort
R2026026,R2026026,2408,Outright Winner,To Win,ODDS_TO_WIN,fanduel,Win Only,Win Only,SINGLE,1,2408|0|0|42.585407976,0,42.585407976,40058,Zac Blair,40058,40058,Zac Blair,Zac Blair,Z. Blair,,+100000,100000,0.000999000999000999,CONSTANT,2026-06-21T19:03:00Z,0.0008568566093107325,+100000,CONSTANT,14.0
R2026026,R2026026,2408,Outright Winner,To Win,ODDS_TO_WIN,fanduel,Win Only,Win Only,SINGLE,1,2408|0|0|42.585407976,0,42.585407976,51766,Wyndham Clark,51766,51766,Wyndham Clark,Wyndham Clark,W. Clark,,-280,-280,0.7368421052631579,UP,2026-06-21T19:03:00Z,0.6319993959410845,-280,UP,1.0
R2026026,R2026026,2408,Outright Winner,To Win,ODDS_TO_WIN,fanduel,Win Only,Win Only,SINGLE,1,2408|0|0|42.585407976,0,42.585407976,27644,Brian Harman,27644,27644,Brian Harman,Brian Harman,B. Harman,,+100000,100000,0.000999000999000999,DOWN,2026-06-21T19:03:00Z,0.0008568566093107325,+100000,DOWN,15.0
R2026026,R2026026,2408,Outright Winner,To Win,ODDS_TO_WIN,fanduel,Win Only,Win Only,SINGLE,1,2408|0|0|42.585407976,0,42.585407976,39975,Michael Kim,39975,39975,Michael Kim,Michael Kim,M. Kim,,+100000,100000,0.000999000999000999,DOWN,2026-06-21T19:03:00Z,0.0008568566093107325,+100000,DOWN,16.0
R2026026,R2026026,2408,Outright Winner,To Win,ODDS_TO_WIN,fanduel,Win Only,Win Only,SINGLE,1,2408|0|0|42.585407976,0,42.585407976,49771,J.T. Poston,49771,49771,J.T. Poston,J.T. Poston,J.T. Poston,,+75000,75000,0.0013315579227696406,UP,2026-06-21T19:03:00Z,0.0011420951610120417,+75000,UP,13.0
R2026026,R2026026,2408,Outright Winner,To Win,ODDS_TO_WIN,fanduel,Win Only,Win Only,SINGLE,1,2408|0|0|42.585407976,0,42.585407976,34363,Tyrrell Hatton,34363,34363,Tyrrell Hatton,Tyrrell Hatton,T. Hatton,,+100000,100000,0.000999000999000999,DOWN,2026-06-21T19:03:00Z,0.0008568566093107325,+100000,DOWN,17.0
R2026026,R2026026,2408,Outright Winner,To Win,ODDS_TO_WIN,fanduel,Win Only,Win Only,SINGLE,1,2408|0|0|42.585407976,0,42.585407976,31646,Emiliano Grillo,31646,31646,Emiliano Grillo,Emiliano Grillo,E. Grillo,,+17500,17500,0.005681818181818182,UP,2026-06-21T19:03:00Z,0.004873371965454791,+17500,UP,11.0
R2026026,R2026026,2408,Outright Winner,To Win,ODDS_TO_WIN,fanduel,Win Only,Win Only,SINGLE,1,2408|0|0|42.585407976,0,42.585407976,39997,Corey Conners,39997,39997,Corey Conners,Corey Conners,C. Conners,,+100000,100000,0.000999000999000999,DOWN,2026-06-21T19:03:00Z,0.0008568566093107325,+100000,DOWN,18.0
R2026026,R2026026,2408,Outright Winner,To Win,ODDS_TO_WIN,fanduel,Win Only,Win Only,SINGLE,1,2408|0|0|42.585407976,0,42.585407976,39546,Keith Mitchell,39546,39546,Keith Mitchell,Keith Mitchell,K. Mitchell,,+6000,6000,0.01639344262295082,UP,2026-06-21T19:03:00Z,0.014060876490492513,+6000,UP,8.0
R2026026,R2026026,2408,Outright Winner,To Win,ODDS_TO_WIN,fanduel,Win Only,Win Only,SINGLE,1,2408|0|0|42.585407976,0,42.585407976,28723,John Parry,28723,28723,John Parry,John Parry,J. Parry,,+100000,100000,0.000999000999000999,DOWN,2026-06-21T19:03:00Z,0.0008568566093107325,+100000,DOWN,19.0
R2026026,R2026026,2408,Outright Winner,To Win,ODDS_TO_WIN,fanduel,Win Only,Win Only,SINGLE,1,2408|0|0|42.585407976,0,42.585407976,46414,Aaron Rai,46414,46414,Aaron Rai,Aaron Rai,A. Rai,,+100000,100000,0.000999000999000999,DOWN,2026-06-21T19:03:00Z,0.0008568566093107325,+100000,DOWN,20.0
R2026026,R2026026,2408,Outright Winner,To Win,ODDS_TO_WIN,fanduel,Win Only,Win Only,SINGLE,1,2408|0|0|42.585407976,0,42.585407976,46442,Maverick McNealy,46442,46442,Maverick McNealy,Maverick McNealy,M. McNealy,,+100000,100000,0.000999000999000999,DOWN,2026-06-21T19:03:00Z,0.0008568566093107325,+100000,DOWN,21.0
R2026026,R2026026,2408,Outright Winner,To Win,ODDS_TO_WIN,fanduel,Win Only,Win Only,SINGLE,1,2408|0|0|42.585407976,0,42.585407976,31323,Gary Woodland,31323,31323,Gary Woodland,Gary Woodland,G. Woodland,,+100000,100000,0.000999000999000999,DOWN,2026-06-21T19:03:00Z,0.0008568566093107325,+100000,DOWN,22.0
R2026026,R2026026,2408,Outright Winner,To Win,ODDS_TO_WIN,fanduel,Win Only,Win Only,SINGLE,1,2408|0|0|42.585407976,0,42.585407976,30911,Tommy Fleetwood,30911,30911,Tommy Fleetwood,Tommy Fleetwood,T. Fleetwood,,+2200,2200,0.043478260869565216,CONSTANT,2026-06-21T19:03:00Z,0.03729188982261058,+2200,CONSTANT,4.0
R2026026,R2026026,2408,Outright Winner,To Win,ODDS_TO_WIN,fanduel,Win Only,Win Only,SINGLE,1,2408|0|0|42.585407976,0,42.585407976,30925,Dustin Johnson,30925,30925,Dustin Johnson,Dustin Johnson,D. Johnson,,+100000,100000,0.000999000999000999,DOWN,2026-06-21T19:03:00Z,0.0008568566093107325,+100000,DOWN,23.0
R2026026,R2026026,2408,Outright Winner,To Win,ODDS_TO_WIN,fanduel,Win Only,Win Only,SINGLE,1,2408|0|0|42.585407976,0,42.585407976,47504,Sam Burns,47504,47504,Sam Burns,Sam Burns,S. Burns,,+850,850,0.10526315789473684,UP,2026-06-21T19:03:00Z,0.0902856279915835,+850,UP,2.0
R2026026,R2026026,2408,Outright Winner,To Win,ODDS_TO_WIN,fanduel,Win Only,Win Only,SINGLE,1,2408|0|0|42.585407976,0,42.585407976,33141,Keegan Bradley,33141,33141,Keegan Bradley,Keegan Bradley,K. Bradley,,+100000,100000,0.000999000999000999,DOWN,2026-06-21T19:03:00Z,0.0008568566093107325,+100000,DOWN,24.0
R2026026,R2026026,2408,Outright Winner,To Win,ODDS_TO_WIN,fanduel,Win Only,Win Only,SINGLE,1,2408|0|0|42.585407976,0,42.585407976,50525,Collin Morikawa,50525,50525,Collin Morikawa,Collin Morikawa,C. Morikawa,,+12500,12500,0.007936507936507936,DOWN,2026-06-21T19:03:00Z,0.0068072497295241525,+12500,DOWN,10.0
R2026026,R2026026,2408,Outright Winner,To Win,ODDS_TO_WIN,fanduel,Win Only,Win Only,SINGLE,1,2408|0|0|42.585407976,0,42.585407976,46046,Scottie Scheffler,46046,46046,Scottie Scheffler,Scottie Scheffler,S. Scheffler,,+850,850,0.10526315789473684,DOWN,2026-06-21T19:03:00Z,0.0902856279915835,+850,DOWN,3.0
R2026026,R2026026,2408,Outright Winner,To Win,ODDS_TO_WIN,fanduel,Win Only,Win Only,SINGLE,1,2408|0|0|42.585407976,0,42.585407976,39971,Sungjae Im,39971,39971,Sungjae Im,Sungjae Im,S. Im,,+100000,100000,0.000999000999000999,DOWN,2026-06-21T19:03:00Z,0.0008568566093107325,+100000,DOWN,25.0
R2026026,R2026026,2408,Outright Winner,To Win,ODDS_TO_WIN,fanduel,Win Only,Win Only,SINGLE,1,2408|0|0|42.585407976,0,42.585407976,51287,Ryo Hisatsune,51287,51287,Ryo Hisatsune,Ryo Hisatsune,R. Hisatsune,,+100000,100000,0.000999000999000999,DOWN,2026-06-21T19:03:00Z,0.0008568566093107325,+100000,DOWN,26.0
R2026026,R2026026,2408,Outright Winner,To Win,ODDS_TO_WIN,fanduel,Win Only,Win Only,SINGLE,1,2408|0|0|42.585407976,0,42.585407976,40098,Matt Fitzpatrick,40098,40098,Matt Fitzpatrick,Matt Fitzpatrick,M. Fitzpatrick,,+50000,50000,0.001996007984031936,DOWN,2026-06-21T19:03:00Z,0.0017120029259881102,+50000,DOWN,12.0
R2026026,R2026026,2408,Outright Winner,To Win,ODDS_TO_WIN,fanduel,Win Only,Win Only,SINGLE,1,2408|0|0|42.585407976,0,42.585407976,55721,Alex Fitzpatrick,55721,55721,Alex Fitzpatrick,Alex Fitzpatrick,A. Fitzpatrick,,+100000,100000,0.000999000999000999,DOWN,2026-06-21T19:03:00Z,0.0008568566093107325,+100000,DOWN,27.0
R2026026,R2026026,2408,Outright Winner,To Win,ODDS_TO_WIN,fanduel,Win Only,Win Only,SINGLE,1,2408|0|0|42.585407976,0,42.585407976,48081,Xander Schauffele,48081,48081,Xander Schauffele,Xander Schauffele,X. Schauffele,,+4000,4000,0.024390243902439025,DOWN,2026-06-21T19:03:00Z,0.02091984063219618,+4000,DOWN,7.0
R2026026,R2026026,2408,Outright Winner,To Win,ODDS_TO_WIN,fanduel,Win Only,Win Only,SINGLE,1,2408|0|0|42.585407976,0,42.585407976,54591,Ben Griffin,54591,54591,Ben Griffin,Ben Griffin,B. Griffin,,+100000,100000,0.000999000999000999,DOWN,2026-06-21T19:03:00Z,0.0008568566093107325,+100000,DOWN,28.0
R2026026,R2026026,2408,Outright Winner,To Win,ODDS_TO_WIN,fanduel,Win Only,Win Only,SINGLE,1,2408|0|0|42.585407976,0,42.585407976,56630,Akshay Bhatia,56630,56630,Akshay Bhatia,Akshay Bhatia,A. Bhatia,,+100000,100000,0.000999000999000999,DOWN,2026-06-21T19:03:00Z,0.0008568566093107325,+100000,DOWN,29.0
R2026026,R2026026,2408,Outright Winner,To Win,ODDS_TO_WIN,fanduel,Win Only,Win Only,SINGLE,1,2408|0|0|42.585407976,0,42.585407976,55893,Sam Stevens,55893,55893,Sam Stevens,Sam Stevens,S. Stevens,,+6000,6000,0.01639344262295082,UP,2026-06-21T19:03:00Z,0.014060876490492513,+6000,UP,9.0
R2026026,R2026026,2408,Outright Winner,To Win,ODDS_TO_WIN,fanduel,Win Only,Win Only,SINGLE,1,2408|0|0|42.585407976,0,42.585407976,59836,Pierceson Coody,59836,59836,Pierceson Coody,Pierceson Coody,Pi. Coody,,+100000,100000,0.000999000999000999,DOWN,2026-06-21T19:03:00Z,0.0008568566093107325,+100000,DOWN,30.0
R2026026,R2026026,2408,Outright Winner,To Win,ODDS_TO_WIN,fanduel,Win Only,Win Only,SINGLE,1,2408|0|0|42.585407976,0,42.585407976,51634,Sahith Theegala,51634,51634,Sahith Theegala,Sahith Theegala,S. Theegala,,+2200,2200,0.043478260869565216,UP,2026-06-21T19:03:00Z,0.03729188982261058,+2200,UP,5.0
R2026026,R2026026,2408,Outright Winner,To Win,ODDS_TO_WIN,fanduel,Win Only,Win Only,SINGLE,1,2408|0|0|42.585407976,0,42.585407976,55182,Tom Kim,55182,55182,Tom Kim,Tom Kim,T. Kim,,+2500,2500,0.038461538461538464,UP,2026-06-21T19:03:00Z,0.032988979458463207,+2500,UP,6.0
R2026026,R2026026,2408,Outright Winner,To Win,ODDS_TO_WIN,fanduel,Win Only,Win Only,SINGLE,1,2408|0|0|42.585407976,0,42.585407976,28237,Rory McIlroy,28237,28237,Rory McIlroy,Rory McIlroy,R. McIlroy,,+100000,100000,0.000999000999000999,DOWN,2026-06-21T19:03:00Z,0.0008568566093107325,+100000,DOWN,31.0
R2026026,R2026026,2408,Outright Winner,To Win,ODDS_TO_WIN,fanduel,Win Only,Win Only,SINGLE,1,2408|0|0|42.585407976,0,42.585407976,70695,Ryder Cowan,70695,70695,Ryder Cowan,Ryder Cowan,R. Cowan,,+100000,100000,0.000999000999000999,CONSTANT,2026-06-21T19:03:00Z,0.0008568566093107325,+100000,CONSTANT,32.0
R2026026,R2026026,2419,Matchup Props,Matchup,MATCHUP_PROPS,fanduel,18 Hole Matchbet - Round 4,18 Hole Matchbet,GROUP,2,2419|0|0|0,0,42.587089601,27644,Brian Harman,27644,27644,Brian Harman,Brian Harman,B. Harman,Ryo Hisatsune,-25000,-25000,0.9960159362549801,UP,2026-06-21T19:03:00Z,0.9543719323759317,,UP,
R2026026,R2026026,2419,Matchup Props,Matchup,MATCHUP_PROPS,fanduel,18 Hole Matchbet - Round 4,18 Hole Matchbet,GROUP,2,2419|0|0|0,1,42.587089601,51287,Ryo Hisatsune,51287,51287,Ryo Hisatsune,Ryo Hisatsune,R. Hisatsune,Brian Harman,+2000,2000,0.047619047619047616,DOWN,2026-06-21T19:03:00Z,0.04562806762406835,,DOWN,
R2026026,R2026026,2419,Matchup Props,Matchup,MATCHUP_PROPS,fanduel,18 Hole Matchbet - Round 4,18 Hole Matchbet,GROUP,2,2419|0|0|1,0,42.587089599,49771,J.T. Poston,49771,49771,J.T. Poston,J.T. Poston,J.T. Poston,Keegan Bradley,-2500,-2500,0.9615384615384616,UP,2026-06-21T19:03:00Z,0.9057971014492754,,UP,
R2026026,R2026026,2419,Matchup Props,Matchup,MATCHUP_PROPS,fanduel,18 Hole Matchbet - Round 4,18 Hole Matchbet,GROUP,2,2419|0|0|1,1,42.587089599,33141,Keegan Bradley,33141,33141,Keegan Bradley,Keegan Bradley,K. Bradley,J.T. Poston,+900,900,0.1,DOWN,2026-06-21T19:03:00Z,0.09420289855072464,,DOWN,
R2026026,R2026026,2419,Matchup Props,Matchup,MATCHUP_PROPS,fanduel,18 Hole Matchbet - Round 4,18 Hole Matchbet,GROUP,2,2419|0|0|2,0,42.587089584,39997,Corey Conners,39997,39997,Corey Conners,Corey Conners,C. Conners,Keith Mitchell,+250,250,0.2857142857142857,DOWN,2026-06-21T19:03:00Z,0.26865671641791045,,DOWN,
R2026026,R2026026,2419,Matchup Props,Matchup,MATCHUP_PROPS,fanduel,18 Hole Matchbet - Round 4,18 Hole Matchbet,GROUP,2,2419|0|0|2,1,42.587089584,39546,Keith Mitchell,39546,39546,Keith Mitchell,Keith Mitchell,K. Mitchell,Corey Conners,-350,-350,0.7777777777777778,UP,2026-06-21T19:03:00Z,0.7313432835820896,,UP,
R2026026,R2026026,2419,Matchup Props,Matchup,MATCHUP_PROPS,fanduel,18 Hole Matchbet - Round 4,18 Hole Matchbet,GROUP,2,2419|0|0|3,0,42.587089604,31323,Gary Woodland,31323,31323,Gary Woodland,Gary Woodland,G. Woodland,Dustin Johnson,-2000,-2000,0.9523809523809523,UP,2026-06-21T19:03:00Z,0.8955223880597014,,UP,
R2026026,R2026026,2419,Matchup Props,Matchup,MATCHUP_PROPS,fanduel,18 Hole Matchbet - Round 4,18 Hole Matchbet,GROUP,2,2419|0|0|3,1,42.587089604,30925,Dustin Johnson,30925,30925,Dustin Johnson,Dustin Johnson,D. Johnson,Gary Woodland,+800,800,0.1111111111111111,DOWN,2026-06-21T19:03:00Z,0.1044776119402985,,DOWN,
R2026026,R2026026,2419,Matchup Props,Matchup,MATCHUP_PROPS,fanduel,18 Hole Matchbet - Round 4,18 Hole Matchbet,GROUP,2,2419|0|0|4,0,42.587089598,30911,Tommy Fleetwood,30911,30911,Tommy Fleetwood,Tommy Fleetwood,T. Fleetwood,Collin Morikawa,-334,-334,0.7695852534562212,UP,2026-06-21T19:03:00Z,0.7292576419213974,,UP,
R2026026,R2026026,2419,Matchup Props,Matchup,MATCHUP_PROPS,fanduel,18 Hole Matchbet - Round 4,18 Hole Matchbet,GROUP,2,2419|0|0|4,1,42.587089598,50525,Collin Morikawa,50525,50525,Collin Morikawa,Collin Morikawa,C. Morikawa,Tommy Fleetwood,+250,250,0.2857142857142857,DOWN,2026-06-21T19:03:00Z,0.2707423580786026,,DOWN,
R2026026,R2026026,2419,Matchup Props,Matchup,MATCHUP_PROPS,fanduel,18 Hole Matchbet - Round 4,18 Hole Matchbet,GROUP,2,2419|0|0|5,0,42.587089602,45486,Joaquin Niemann,45486,45486,Joaquin Niemann,Joaquin Niemann,J. Niemann,Ben Griffin,-30000,-30000,0.9966777408637874,UP,2026-06-21T19:03:00Z,0.9628440933218122,,UP,
R2026026,R2026026,2419,Matchup Props,Matchup,MATCHUP_PROPS,fanduel,18 Hole Matchbet - Round 4,18 Hole Matchbet,GROUP,2,2419|0|0|5,1,42.587089602,54591,Ben Griffin,54591,54591,Ben Griffin,Ben Griffin,B. Griffin,Joaquin Niemann,+2500,2500,0.038461538461538464,DOWN,2026-06-21T19:03:00Z,0.03715590667818788,,DOWN,
R2026026,R2026026,2419,Matchup Props,Matchup,MATCHUP_PROPS,fanduel,18 Hole Matchbet - Round 4,18 Hole Matchbet,GROUP,2,2419|0|0|6,0,42.587089597,40098,Matt Fitzpatrick,40098,40098,Matt Fitzpatrick,Matt Fitzpatrick,M. Fitzpatrick,Xander Schauffele,+162,162,0.3816793893129771,DOWN,2026-06-21T19:03:00Z,0.3640776699029126,,DOWN,
R2026026,R2026026,2419,Matchup Props,Matchup,MATCHUP_PROPS,fanduel,18 Hole Matchbet - Round 4,18 Hole Matchbet,GROUP,2,2419|0|0|6,1,42.587089597,48081,Xander Schauffele,48081,48081,Xander Schauffele,Xander Schauffele,X. Schauffele,Matt Fitzpatrick,-200,-200,0.6666666666666666,UP,2026-06-21T19:03:00Z,0.6359223300970873,,UP,
R2026026,R2026026,2419,Matchup Props,Matchup,MATCHUP_PROPS,fanduel,18 Hole Matchbet - Round 4,18 Hole Matchbet,GROUP,2,2419|0|0|7,0,42.587089582,55721,Alex Fitzpatrick,55721,55721,Alex Fitzpatrick,Alex Fitzpatrick,A. Fitzpatrick,Sahith Theegala,+162,162,0.3816793893129771,DOWN,2026-06-21T19:03:00Z,0.3640776699029126,,DOWN,
R2026026,R2026026,2419,Matchup Props,Matchup,MATCHUP_PROPS,fanduel,18 Hole Matchbet - Round 4,18 Hole Matchbet,GROUP,2,2419|0|0|7,1,42.587089582,51634,Sahith Theegala,51634,51634,Sahith Theegala,Sahith Theegala,S. Theegala,Alex Fitzpatrick,-200,-200,0.6666666666666666,UP,2026-06-21T19:03:00Z,0.6359223300970873,,UP,
R2026026,R2026026,2419,Matchup Props,Matchup,MATCHUP_PROPS,fanduel,18 Hole Matchbet - Round 4,18 Hole Matchbet,GROUP,2,2419|0|0|8,0,42.587089350,55893,Sam Stevens,55893,55893,Sam Stevens,Sam Stevens,S. Stevens,Tom Kim,+150,150,0.4,DOWN,2026-06-21T19:03:00Z,0.375,,DOWN,
R2026026,R2026026,2419,Matchup Props,Matchup,MATCHUP_PROPS,fanduel,18 Hole Matchbet - Round 4,18 Hole Matchbet,GROUP,2,2419|0|0|8,1,42.587089350,55182,Tom Kim,55182,55182,Tom Kim,Tom Kim,T. Kim,Sam Stevens,-200,-200,0.6666666666666666,UP,2026-06-21T19:03:00Z,0.625,,UP,
R2026026,R2026026,2419,Matchup Props,Matchup,MATCHUP_PROPS,fanduel,72 Hole Matchbet,72 Hole Matchbet,GROUP,2,2419|1|0|0,0,42.585877670,34363,Tyrrell Hatton,34363,34363,Tyrrell Hatton,Tyrrell Hatton,T. Hatton,Collin Morikawa,+162,162,0.3816793893129771,DOWN,2026-06-21T19:03:00Z,0.3640776699029126,,DOWN,
R2026026,R2026026,2419,Matchup Props,Matchup,MATCHUP_PROPS,fanduel,72 Hole Matchbet,72 Hole Matchbet,GROUP,2,2419|1|0|0,1,42.585877670,50525,Collin Morikawa,50525,50525,Collin Morikawa,Collin Morikawa,C. Morikawa,Tyrrell Hatton,-200,-200,0.6666666666666666,UP,2026-06-21T19:03:00Z,0.6359223300970873,,UP,
R2026026,R2026026,2419,Matchup Props,Matchup,MATCHUP_PROPS,fanduel,72 Hole Matchbet,72 Hole Matchbet,GROUP,2,2419|1|0|1,0,42.585877738,30911,Tommy Fleetwood,30911,30911,Tommy Fleetwood,Tommy Fleetwood,T. Fleetwood,Ludvig Åberg,-8000,-8000,0.9876543209876543,UP,2026-06-21T19:03:00Z,0.93255620316403,,UP,
R2026026,R2026026,2419,Matchup Props,Matchup,MATCHUP_PROPS,fanduel,72 Hole Matchbet,72 Hole Matchbet,GROUP,2,2419|1|0|1,1,42.585877738,52955,Ludvig Åberg,52955,52955,Ludvig Åberg,Ludvig Åberg,L. Åberg,Tommy Fleetwood,+1300,1300,0.07142857142857142,DOWN,2026-06-21T19:03:00Z,0.06744379683597003,,DOWN,
R2026026,R2026026,2419,Matchup Props,Matchup,MATCHUP_PROPS,fanduel,72 Hole Matchbet,72 Hole Matchbet,GROUP,2,2419|1|0|2,0,42.585877672,46046,Scottie Scheffler,46046,46046,Scottie Scheffler,Scottie Scheffler,S. Scheffler,Rory McIlroy,-25000,-25000,0.9960159362549801,UP,2026-06-21T19:03:00Z,0.9628203229151236,,UP,
R2026026,R2026026,2419,Matchup Props,Matchup,MATCHUP_PROPS,fanduel,72 Hole Matchbet,72 Hole Matchbet,GROUP,2,2419|1|0|2,1,42.585877672,28237,Rory McIlroy,28237,28237,Rory McIlroy,Rory McIlroy,R. McIlroy,Scottie Scheffler,+2500,2500,0.038461538461538464,DOWN,2026-06-21T19:03:00Z,0.037179677084876316,,DOWN,
R2026026,R2026026,2413,Finish,Finishes,FINISH,fanduel,Top 10,Top 10,SINGLE,1,2413|0|0|42.585407979,0,42.585407979,40058,Zac Blair,40058,40058,Zac Blair,Zac Blair,Z. Blair,,+3000,3000,0.03225806451612903,UP,2026-06-21T19:03:00Z,0.0032756009763452673,,UP,
R2026026,R2026026,2413,Finish,Finishes,FINISH,fanduel,Top 10,Top 10,SINGLE,1,2413|0|0|42.585407979,0,42.585407979,27644,Brian Harman,27644,27644,Brian Harman,Brian Harman,B. Harman,,+850,850,0.10526315789473684,UP,2026-06-21T19:03:00Z,0.010688803185968767,,UP,
R2026026,R2026026,2413,Finish,Finishes,FINISH,fanduel,Top 10,Top 10,SINGLE,1,2413|0|0|42.585407979,0,42.585407979,39975,Michael Kim,39975,39975,Michael Kim,Michael Kim,M. Kim,,+10000,10000,0.009900990099009901,DOWN,2026-06-21T19:03:00Z,0.0010053824778881513,,DOWN,
R2026026,R2026026,2413,Finish,Finishes,FINISH,fanduel,Top 10,Top 10,SINGLE,1,2413|0|0|42.585407979,0,42.585407979,49771,J.T. Poston,49771,49771,J.T. Poston,J.T. Poston,J.T. Poston,,+100,100,0.5,UP,2026-06-21T19:03:00Z,0.05077181513335165,,UP,
R2026026,R2026026,2413,Finish,Finishes,FINISH,fanduel,Top 10,Top 10,SINGLE,1,2413|0|0|42.585407979,0,42.585407979,34363,Tyrrell Hatton,34363,34363,Tyrrell Hatton,Tyrrell Hatton,T. Hatton,,+250,250,0.2857142857142857,UP,2026-06-21T19:03:00Z,0.029012465790486653,,UP,
R2026026,R2026026,2413,Finish,Finishes,FINISH,fanduel,Top 10,Top 10,SINGLE,1,2413|0|0|42.585407979,0,42.585407979,31646,Emiliano Grillo,31646,31646,Emiliano Grillo,Emiliano Grillo,E. Grillo,,+175,175,0.36363636363636365,UP,2026-06-21T19:03:00Z,0.03692495646061938,,UP,
R2026026,R2026026,2413,Finish,Finishes,FINISH,fanduel,Top 10,Top 10,SINGLE,1,2413|0|0|42.585407979,0,42.585407979,39997,Corey Conners,39997,39997,Corey Conners,Corey Conners,C. Conners,,+1700,1700,0.05555555555555555,DOWN,2026-06-21T19:03:00Z,0.005641312792594627,,DOWN,
R2026026,R2026026,2413,Finish,Finishes,FINISH,fanduel,Top 10,Top 10,SINGLE,1,2413|0|0|42.585407979,0,42.585407979,39546,Keith Mitchell,39546,39546,Keith Mitchell,Keith Mitchell,K. Mitchell,,-175,-175,0.6363636363636364,UP,2026-06-21T19:03:00Z,0.06461867380608391,,UP,
R2026026,R2026026,2413,Finish,Finishes,FINISH,fanduel,Top 10,Top 10,SINGLE,1,2413|0|0|42.585407979,0,42.585407979,28723,John Parry,28723,28723,John Parry,John Parry,J. Parry,,+380,380,0.20833333333333334,UP,2026-06-21T19:03:00Z,0.021154922972229852,,UP,
R2026026,R2026026,2413,Finish,Finishes,FINISH,fanduel,Top 10,Top 10,SINGLE,1,2413|0|0|42.585407979,0,42.585407979,46414,Aaron Rai,46414,46414,Aaron Rai,Aaron Rai,A. Rai,,+650,650,0.13333333333333333,UP,2026-06-21T19:03:00Z,0.013539150702227104,,UP,
R2026026,R2026026,2413,Finish,Finishes,FINISH,fanduel,Top 10,Top 10,SINGLE,1,2413|0|0|42.585407979,0,42.585407979,46442,Maverick McNealy,46442,46442,Maverick McNealy,Maverick McNealy,M. McNealy,,+10000,10000,0.009900990099009901,DOWN,2026-06-21T19:03:00Z,0.0010053824778881513,,DOWN,
R2026026,R2026026,2413,Finish,Finishes,FINISH,fanduel,Top 10,Top 10,SINGLE,1,2413|0|0|42.585407979,0,42.585407979,33448,Justin Thomas,33448,33448,Justin Thomas,Justin Thomas,J. Thomas,,+2500,2500,0.038461538461538464,DOWN,2026-06-21T19:03:00Z,0.00390552424102705,,DOWN,
R2026026,R2026026,2413,Finish,Finishes,FINISH,fanduel,Top 10,Top 10,SINGLE,1,2413|0|0|42.585407979,0,42.585407979,31323,Gary Woodland,31323,31323,Gary Woodland,Gary Woodland,G. Woodland,,+470,470,0.17543859649122806,UP,2026-06-21T19:03:00Z,0.017814671976614613,,UP,
R2026026,R2026026,2413,Finish,Finishes,FINISH,fanduel,Top 10,Top 10,SINGLE,1,2413|0|0|42.585407979,0,42.585407979,30911,Tommy Fleetwood,30911,30911,Tommy Fleetwood,Tommy Fleetwood,T. Fleetwood,,-550,-550,0.8461538461538461,UP,2026-06-21T19:03:00Z,0.0859215333025951,,UP,
R2026026,R2026026,2413,Finish,Finishes,FINISH,fanduel,Top 10,Top 10,SINGLE,1,2413|0|0|42.585407979,0,42.585407979,47504,Sam Burns,47504,47504,Sam Burns,Sam Burns,S. Burns,,-1250,-1250,0.9259259259259259,UP,2026-06-21T19:03:00Z,0.09402187987657712,,UP,
R2026026,R2026026,2413,Finish,Finishes,FINISH,fanduel,Top 10,Top 10,SINGLE,1,2413|0|0|42.585407979,0,42.585407979,33141,Keegan Bradley,33141,33141,Keegan Bradley,Keegan Bradley,K. Bradley,,+1700,1700,0.05555555555555555,DOWN,2026-06-21T19:03:00Z,0.005641312792594627,,DOWN,
R2026026,R2026026,2413,Finish,Finishes,FINISH,fanduel,Top 10,Top 10,SINGLE,1,2413|0|0|42.585407979,0,42.585407979,50525,Collin Morikawa,50525,50525,Collin Morikawa,Collin Morikawa,C. Morikawa,,-125,-125,0.5555555555555556,UP,2026-06-21T19:03:00Z,0.05641312792594628,,UP,
R2026026,R2026026,2413,Finish,Finishes,FINISH,fanduel,Top 10,Top 10,SINGLE,1,2413|0|0|42.585407979,0,42.585407979,46046,Scottie Scheffler,46046,46046,Scottie Scheffler,Scottie Scheffler,S. Scheffler,,-600,-600,0.8571428571428571,UP,2026-06-21T19:03:00Z,0.08703739737145996,,UP,
R2026026,R2026026,2413,Finish,Finishes,FINISH,fanduel,Top 10,Top 10,SINGLE,1,2413|0|0|42.585407979,0,42.585407979,45486,Joaquin Niemann,45486,45486,Joaquin Niemann,Joaquin Niemann,J. Niemann,,+230,230,0.30303030303030304,UP,2026-06-21T19:03:00Z,0.03077079705051615,,UP,
R2026026,R2026026,2413,Finish,Finishes,FINISH,fanduel,Top 10,Top 10,SINGLE,1,2413|0|0|42.585407979,0,42.585407979,51950,Max McGreevy,51950,51950,Max McGreevy,Max McGreevy,M. McGreevy,,+10000,10000,0.009900990099009901,DOWN,2026-06-21T19:03:00Z,0.0010053824778881513,,DOWN,
R2026026,R2026026,2413,Finish,Finishes,FINISH,fanduel,Top 10,Top 10,SINGLE,1,2413|0|0|42.585407979,0,42.585407979,39971,Sungjae Im,39971,39971,Sungjae Im,Sungjae Im,S. Im,,+4500,4500,0.021739130434782608,DOWN,2026-06-21T19:03:00Z,0.002207470223189202,,DOWN,
R2026026,R2026026,2413,Finish,Finishes,FINISH,fanduel,Top 10,Top 10,SINGLE,1,2413|0|0|42.585407979,0,42.585407979,51287,Ryo Hisatsune,51287,51287,Ryo Hisatsune,Ryo Hisatsune,R. Hisatsune,,+10000,10000,0.009900990099009901,DOWN,2026-06-21T19:03:00Z,0.0010053824778881513,,DOWN,
R2026026,R2026026,2413,Finish,Finishes,FINISH,fanduel,Top 10,Top 10,SINGLE,1,2413|0|0|42.585407979,0,42.585407979,40098,Matt Fitzpatrick,40098,40098,Matt Fitzpatrick,Matt Fitzpatrick,M. Fitzpatrick,,+175,175,0.36363636363636365,UP,2026-06-21T19:03:00Z,0.03692495646061938,,UP,
R2026026,R2026026,2413,Finish,Finishes,FINISH,fanduel,Top 10,Top 10,SINGLE,1,2413|0|0|42.585407979,0,42.585407979,55721,Alex Fitzpatrick,55721,55721,Alex Fitzpatrick,Alex Fitzpatrick,A. Fitzpatrick,,+650,650,0.13333333333333333,UP,2026-06-21T19:03:00Z,0.013539150702227104,,UP,
R2026026,R2026026,2413,Finish,Finishes,FINISH,fanduel,Top 10,Top 10,SINGLE,1,2413|0|0|42.585407979,0,42.585407979,48081,Xander Schauffele,48081,48081,Xander Schauffele,Xander Schauffele,X. Schauffele,,-250,-250,0.7142857142857143,UP,2026-06-21T19:03:00Z,0.07253116447621664,,UP,
R2026026,R2026026,2413,Finish,Finishes,FINISH,fanduel,Top 10,Top 10,SINGLE,1,2413|0|0|42.585407979,0,42.585407979,54591,Ben Griffin,54591,54591,Ben Griffin,Ben Griffin,B. Griffin,,+550,550,0.15384615384615385,UP,2026-06-21T19:03:00Z,0.0156220969641082,,UP,
R2026026,R2026026,2413,Finish,Finishes,FINISH,fanduel,Top 10,Top 10,SINGLE,1,2413|0|0|42.585407979,0,42.585407979,56630,Akshay Bhatia,56630,56630,Akshay Bhatia,Akshay Bhatia,A. Bhatia,,+1400,1400,0.06666666666666667,DOWN,2026-06-21T19:03:00Z,0.006769575351113552,,DOWN,
R2026026,R2026026,2413,Finish,Finishes,FINISH,fanduel,Top 10,Top 10,SINGLE,1,2413|0|0|42.585407979,0,42.585407979,55893,Sam Stevens,55893,55893,Sam Stevens,Sam Stevens,S. Stevens,,-175,-175,0.6363636363636364,UP,2026-06-21T19:03:00Z,0.06461867380608391,,UP,
R2026026,R2026026,2413,Finish,Finishes,FINISH,fanduel,Top 10,Top 10,SINGLE,1,2413|0|0|42.585407979,0,42.585407979,59836,Pierceson Coody,59836,59836,Pierceson Coody,Pierceson Coody,Pi. Coody,,+3300,3300,0.029411764705882353,DOWN,2026-06-21T19:03:00Z,0.002986577360785391,,DOWN,
R2026026,R2026026,2413,Finish,Finishes,FINISH,fanduel,Top 10,Top 10,SINGLE,1,2413|0|0|42.585407979,0,42.585407979,51634,Sahith Theegala,51634,51634,Sahith Theegala,Sahith Theegala,S. Theegala,,-390,-390,0.7959183673469388,UP,2026-06-21T19:03:00Z,0.08082044041635568,,UP,
R2026026,R2026026,2413,Finish,Finishes,FINISH,fanduel,Top 10,Top 10,SINGLE,1,2413|0|0|42.585407979,0,42.585407979,55182,Tom Kim,55182,55182,Tom Kim,Tom Kim,T. Kim,,-350,-350,0.7777777777777778,UP,2026-06-21T19:03:00Z,0.07897837909632478,,UP,
R2026026,R2026026,2413,Finish,Finishes,FINISH,fanduel,Top 10,Top 10,SINGLE,1,2413|0|0|42.585407979,0,42.585407979,28237,Rory McIlroy,28237,28237,Rory McIlroy,Rory McIlroy,R. McIlroy,,+10000,10000,0.009900990099009901,DOWN,2026-06-21T19:03:00Z,0.0010053824778881513,,DOWN,
R2026026,R2026026,2413,Finish,Finishes,FINISH,fanduel,Top 10,Top 10,SINGLE,1,2413|0|0|42.585407979,0,42.585407979,70695,Ryder Cowan,70695,70695,Ryder Cowan,Ryder Cowan,R. Cowan,,+3500,3500,0.027777777777777776,UP,2026-06-21T19:03:00Z,0.0028206563962973135,,UP,
R2026026,R2026026,2413,Finish,Finishes,FINISH,fanduel,Top 20,Top 20,SINGLE,1,2413|1|0|42.585407957,0,42.585407957,40058,Zac Blair,40058,40058,Zac Blair,Zac Blair,Z. Blair,,+340,340,0.22727272727272727,UP,2026-06-21T19:03:00Z,0.012327806467518175,,UP,
R2026026,R2026026,2413,Finish,Finishes,FINISH,fanduel,Top 20,Top 20,SINGLE,1,2413|1|0|42.585407957,0,42.585407957,27644,Brian Harman,27644,27644,Brian Harman,Brian Harman,B. Harman,,-110,-110,0.5238095238095238,UP,2026-06-21T19:03:00Z,0.028412658715613322,,UP,
R2026026,R2026026,2413,Finish,Finishes,FINISH,fanduel,Top 20,Top 20,SINGLE,1,2413|1|0|42.585407957,0,42.585407957,49771,J.T. Poston,49771,49771,J.T. Poston,J.T. Poston,J.T. Poston,,-600,-600,0.8571428571428571,UP,2026-06-21T19:03:00Z,0.046493441534639975,,UP,
R2026026,R2026026,2413,Finish,Finishes,FINISH,fanduel,Top 20,Top 20,SINGLE,1,2413|1|0|42.585407957,0,42.585407957,34363,Tyrrell Hatton,34363,34363,Tyrrell Hatton,Tyrrell Hatton,T. Hatton,,-750,-750,0.8823529411764706,UP,2026-06-21T19:03:00Z,0.0478608956974235,,UP,
R2026026,R2026026,2413,Finish,Finishes,FINISH,fanduel,Top 20,Top 20,SINGLE,1,2413|1|0|42.585407957,0,42.585407957,31646,Emiliano Grillo,31646,31646,Emiliano Grillo,Emiliano Grillo,E. Grillo,,-210,-210,0.6774193548387096,UP,2026-06-21T19:03:00Z,0.036744816696731596,,UP,
R2026026,R2026026,2413,Finish,Finishes,FINISH,fanduel,Top 20,Top 20,SINGLE,1,2413|1|0|42.585407957,0,42.585407957,39997,Corey Conners,39997,39997,Corey Conners,Corey Conners,C. Conners,,+280,280,0.2631578947368421,UP,2026-06-21T19:03:00Z,0.014274302225547361,,UP,
R2026026,R2026026,2413,Finish,Finishes,FINISH,fanduel,Top 20,Top 20,SINGLE,1,2413|1|0|42.585407957,0,42.585407957,39546,Keith Mitchell,39546,39546,Keith Mitchell,Keith Mitchell,K. Mitchell,,-700,-700,0.875,UP,2026-06-21T19:03:00Z,0.047462054899944976,,UP,
R2026026,R2026026,2413,Finish,Finishes,FINISH,fanduel,Top 20,Top 20,SINGLE,1,2413|1|0|42.585407957,0,42.585407957,28723,John Parry,28723,28723,John Parry,John Parry,J. Parry,,-175,-175,0.6363636363636364,UP,2026-06-21T19:03:00Z,0.03451785810905089,,UP,
R2026026,R2026026,2413,Finish,Finishes,FINISH,fanduel,Top 20,Top 20,SINGLE,1,2413|1|0|42.585407957,0,42.585407957,46414,Aaron Rai,46414,46414,Aaron Rai,Aaron Rai,A. Rai,,-115,-115,0.5348837209302325,UP,2026-06-21T19:03:00Z,0.029013349174717193,,UP,
R2026026,R2026026,2413,Finish,Finishes,FINISH,fanduel,Top 20,Top 20,SINGLE,1,2413|1|0|42.585407957,0,42.585407957,46442,Maverick McNealy,46442,46442,Maverick McNealy,Maverick McNealy,M. McNealy,,+900,900,0.1,DOWN,2026-06-21T19:03:00Z,0.0054242348457079976,,DOWN,
R2026026,R2026026,2413,Finish,Finishes,FINISH,fanduel,Top 20,Top 20,SINGLE,1,2413|1|0|42.585407957,0,42.585407957,33448,Justin Thomas,33448,33448,Justin Thomas,Justin Thomas,J. Thomas,,-550,-550,0.8461538461538461,UP,2026-06-21T19:03:00Z,0.04589737177137536,,UP,
R2026026,R2026026,2413,Finish,Finishes,FINISH,fanduel,Top 20,Top 20,SINGLE,1,2413|1|0|42.585407957,0,42.585407957,31323,Gary Woodland,31323,31323,Gary Woodland,Gary Woodland,G. Woodland,,-220,-220,0.6875,UP,2026-06-21T19:03:00Z,0.03729161456424248,,UP,
R2026026,R2026026,2413,Finish,Finishes,FINISH,fanduel,Top 20,Top 20,SINGLE,1,2413|1|0|42.585407957,0,42.585407957,30911,Tommy Fleetwood,30911,30911,Tommy Fleetwood,Tommy Fleetwood,T. Fleetwood,,-3000,-3000,0.967741935483871,UP,2026-06-21T19:03:00Z,0.052492595281045135,,UP,
R2026026,R2026026,2413,Finish,Finishes,FINISH,fanduel,Top 20,Top 20,SINGLE,1,2413|1|0|42.585407957,0,42.585407957,47504,Sam Burns,47504,47504,Sam Burns,Sam Burns,S. Burns,,-10000,-10000,0.9900990099009901,UP,2026-06-21T19:03:00Z,0.05370529550205938,,UP,
R2026026,R2026026,2413,Finish,Finishes,FINISH,fanduel,Top 20,Top 20,SINGLE,1,2413|1|0|42.585407957,0,42.585407957,33141,Keegan Bradley,33141,33141,Keegan Bradley,Keegan Bradley,K. Bradley,,+270,270,0.2702702702702703,UP,2026-06-21T19:03:00Z,0.014660094177589183,,UP,
R2026026,R2026026,2413,Finish,Finishes,FINISH,fanduel,Top 20,Top 20,SINGLE,1,2413|1|0|42.585407957,0,42.585407957,50525,Collin Morikawa,50525,50525,Collin Morikawa,Collin Morikawa,C. Morikawa,,-600,-600,0.8571428571428571,UP,2026-06-21T19:03:00Z,0.046493441534639975,,UP,
R2026026,R2026026,2413,Finish,Finishes,FINISH,fanduel,Top 20,Top 20,SINGLE,1,2413|1|0|42.585407957,0,42.585407957,46046,Scottie Scheffler,46046,46046,Scottie Scheffler,Scottie Scheffler,S. Scheffler,,-3000,-3000,0.967741935483871,UP,2026-06-21T19:03:00Z,0.052492595281045135,,UP,
R2026026,R2026026,2413,Finish,Finishes,FINISH,fanduel,Top 20,Top 20,SINGLE,1,2413|1|0|42.585407957,0,42.585407957,39971,Sungjae Im,39971,39971,Sungjae Im,Sungjae Im,S. Im,,+650,650,0.13333333333333333,DOWN,2026-06-21T19:03:00Z,0.007232313127610663,,DOWN,
R2026026,R2026026,2413,Finish,Finishes,FINISH,fanduel,Top 20,Top 20,SINGLE,1,2413|1|0|42.585407957,0,42.585407957,40098,Matt Fitzpatrick,40098,40098,Matt Fitzpatrick,Matt Fitzpatrick,M. Fitzpatrick,,-250,-250,0.7142857142857143,UP,2026-06-21T19:03:00Z,0.03874453461219998,,UP,
R2026026,R2026026,2413,Finish,Finishes,FINISH,fanduel,Top 20,Top 20,SINGLE,1,2413|1|0|42.585407957,0,42.585407957,55721,Alex Fitzpatrick,55721,55721,Alex Fitzpatrick,Alex Fitzpatrick,A. Fitzpatrick,,+105,105,0.4878048780487805,UP,2026-06-21T19:03:00Z,0.026459682174185352,,UP,
R2026026,R2026026,2413,Finish,Finishes,FINISH,fanduel,Top 20,Top 20,SINGLE,1,2413|1|0|42.585407957,0,42.585407957,48081,Xander Schauffele,48081,48081,Xander Schauffele,Xander Schauffele,X. Schauffele,,-1250,-1250,0.9259259259259259,UP,2026-06-21T19:03:00Z,0.05022439671951849,,UP,
R2026026,R2026026,2413,Finish,Finishes,FINISH,fanduel,Top 20,Top 20,SINGLE,1,2413|1|0|42.585407957,0,42.585407957,54591,Ben Griffin,54591,54591,Ben Griffin,Ben Griffin,B. Griffin,,-450,-450,0.8181818181818182,UP,2026-06-21T19:03:00Z,0.044380103283065436,,UP,
R2026026,R2026026,2413,Finish,Finishes,FINISH,fanduel,Top 20,Top 20,SINGLE,1,2413|1|0|42.585407957,0,42.585407957,56630,Akshay Bhatia,56630,56630,Akshay Bhatia,Akshay Bhatia,A. Bhatia,,+125,125,0.4444444444444444,UP,2026-06-21T19:03:00Z,0.024107710425368876,,UP,
R2026026,R2026026,2413,Finish,Finishes,FINISH,fanduel,Top 20,Top 20,SINGLE,1,2413|1|0|42.585407957,0,42.585407957,55893,Sam Stevens,55893,55893,Sam Stevens,Sam Stevens,S. Stevens,,-700,-700,0.875,UP,2026-06-21T19:03:00Z,0.047462054899944976,,UP,
R2026026,R2026026,2413,Finish,Finishes,FINISH,fanduel,Top 20,Top 20,SINGLE,1,2413|1|0|42.585407957,0,42.585407957,59836,Pierceson Coody,59836,59836,Pierceson Coody,Pierceson Coody,Pi. Coody,,+170,170,0.37037037037037035,UP,2026-06-21T19:03:00Z,0.020089758687807397,,UP,
R2026026,R2026026,2413,Finish,Finishes,FINISH,fanduel,Top 20,Top 20,SINGLE,1,2413|1|0|42.585407957,0,42.585407957,51634,Sahith Theegala,51634,51634,Sahith Theegala,Sahith Theegala,S. Theegala,,-2000,-2000,0.9523809523809523,UP,2026-06-21T19:03:00Z,0.0516593794829333,,UP,
R2026026,R2026026,2413,Finish,Finishes,FINISH,fanduel,Top 20,Top 20,SINGLE,1,2413|1|0|42.585407957,0,42.585407957,55182,Tom Kim,55182,55182,Tom Kim,Tom Kim,T. Kim,,-1500,-1500,0.9375,UP,2026-06-21T19:03:00Z,0.050852201678512475,,UP,
R2026026,R2026026,2413,Finish,Finishes,FINISH,fanduel,Top 20,Top 20,SINGLE,1,2413|1|0|42.585407957,0,42.585407957,28237,Rory McIlroy,28237,28237,Rory McIlroy,Rory McIlroy,R. McIlroy,,+650,650,0.13333333333333333,DOWN,2026-06-21T19:03:00Z,0.007232313127610663,,DOWN,
R2026026,R2026026,2413,Finish,Finishes,FINISH,fanduel,Top 20,Top 20,SINGLE,1,2413|1|0|42.585407957,0,42.585407957,52955,Ludvig Åberg,52955,52955,Ludvig Åberg,Ludvig Åberg,L. Åberg,,+220,220,0.3125,DOWN,2026-06-21T19:03:00Z,0.01695073389283749,,DOWN,
R2026026,R2026026,2413,Finish,Finishes,FINISH,fanduel,Top 20,Top 20,SINGLE,1,2413|1|0|42.585407957,0,42.585407957,70695,Ryder Cowan,70695,70695,Ryder Cowan,Ryder Cowan,R. Cowan,,+500,500,0.16666666666666666,UP,2026-06-21T19:03:00Z,0.009040391409513328,,UP,
R2026026,R2026026,2413,Finish,Finishes,FINISH,fanduel,Top 5,Top 5,SINGLE,1,2413|2|0|42.585407978,0,42.585407978,40058,Zac Blair,40058,40058,Zac Blair,Zac Blair,Z. Blair,,+10000,10000,0.009900990099009901,CONSTANT,2026-06-21T19:03:00Z,0.0017395754268454292,,CONSTANT,
R2026026,R2026026,2413,Finish,Finishes,FINISH,fanduel,Top 5,Top 5,SINGLE,1,2413|2|0|42.585407978,0,42.585407978,51766,Wyndham Clark,51766,51766,Wyndham Clark,Wyndham Clark,W. Clark,,-7000,-7000,0.9859154929577465,UP,2026-06-21T19:03:00Z,0.17322251081404486,,UP,
R2026026,R2026026,2413,Finish,Finishes,FINISH,fanduel,Top 5,Top 5,SINGLE,1,2413|2|0|42.585407978,0,42.585407978,27644,Brian Harman,27644,27644,Brian Harman,Brian Harman,B. Harman,,+7000,7000,0.014084507042253521,DOWN,2026-06-21T19:03:00Z,0.0024746072973434977,,DOWN,
R2026026,R2026026,2413,Finish,Finishes,FINISH,fanduel,Top 5,Top 5,SINGLE,1,2413|2|0|42.585407978,0,42.585407978,39975,Michael Kim,39975,39975,Michael Kim,Michael Kim,M. Kim,,+10000,10000,0.009900990099009901,DOWN,2026-06-21T19:03:00Z,0.0017395754268454292,,DOWN,
R2026026,R2026026,2413,Finish,Finishes,FINISH,fanduel,Top 5,Top 5,SINGLE,1,2413|2|0|42.585407978,0,42.585407978,49771,J.T. Poston,49771,49771,J.T. Poston,J.T. Poston,J.T. Poston,,+650,650,0.13333333333333333,UP,2026-06-21T19:03:00Z,0.023426282414851778,,UP,
R2026026,R2026026,2413,Finish,Finishes,FINISH,fanduel,Top 5,Top 5,SINGLE,1,2413|2|0|42.585407978,0,42.585407978,34363,Tyrrell Hatton,34363,34363,Tyrrell Hatton,Tyrrell Hatton,T. Hatton,,+4000,4000,0.024390243902439025,DOWN,2026-06-21T19:03:00Z,0.004285295563692399,,DOWN,
R2026026,R2026026,2413,Finish,Finishes,FINISH,fanduel,Top 5,Top 5,SINGLE,1,2413|2|0|42.585407978,0,42.585407978,31646,Emiliano Grillo,31646,31646,Emiliano Grillo,Emiliano Grillo,E. Grillo,,+700,700,0.125,UP,2026-06-21T19:03:00Z,0.021962139763923545,,UP,
R2026026,R2026026,2413,Finish,Finishes,FINISH,fanduel,Top 5,Top 5,SINGLE,1,2413|2|0|42.585407978,0,42.585407978,39997,Corey Conners,39997,39997,Corey Conners,Corey Conners,C. Conners,,+10000,10000,0.009900990099009901,DOWN,2026-06-21T19:03:00Z,0.0017395754268454292,,DOWN,
R2026026,R2026026,2413,Finish,Finishes,FINISH,fanduel,Top 5,Top 5,SINGLE,1,2413|2|0|42.585407978,0,42.585407978,39546,Keith Mitchell,39546,39546,Keith Mitchell,Keith Mitchell,K. Mitchell,,+230,230,0.30303030303030304,UP,2026-06-21T19:03:00Z,0.053241550942844953,,UP,
R2026026,R2026026,2413,Finish,Finishes,FINISH,fanduel,Top 5,Top 5,SINGLE,1,2413|2|0|42.585407978,0,42.585407978,28723,John Parry,28723,28723,John Parry,John Parry,J. Parry,,+2700,2700,0.03571428571428571,UP,2026-06-21T19:03:00Z,0.006274897075406727,,UP,
R2026026,R2026026,2413,Finish,Finishes,FINISH,fanduel,Top 5,Top 5,SINGLE,1,2413|2|0|42.585407978,0,42.585407978,46414,Aaron Rai,46414,46414,Aaron Rai,Aaron Rai,A. Rai,,+5000,5000,0.0196078431372549,DOWN,2026-06-21T19:03:00Z,0.0034450415315958496,,DOWN,
R2026026,R2026026,2413,Finish,Finishes,FINISH,fanduel,Top 5,Top 5,SINGLE,1,2413|2|0|42.585407978,0,42.585407978,46442,Maverick McNealy,46442,46442,Maverick McNealy,Maverick McNealy,M. McNealy,,+10000,10000,0.009900990099009901,DOWN,2026-06-21T19:03:00Z,0.0017395754268454292,,DOWN,
R2026026,R2026026,2413,Finish,Finishes,FINISH,fanduel,Top 5,Top 5,SINGLE,1,2413|2|0|42.585407978,0,42.585407978,33448,Justin Thomas,33448,33448,Justin Thomas,Justin Thomas,J. Thomas,,+10000,10000,0.009900990099009901,DOWN,2026-06-21T19:03:00Z,0.0017395754268454292,,DOWN,
R2026026,R2026026,2413,Finish,Finishes,FINISH,fanduel,Top 5,Top 5,SINGLE,1,2413|2|0|42.585407978,0,42.585407978,31323,Gary Woodland,31323,31323,Gary Woodland,Gary Woodland,G. Woodland,,+5500,5500,0.017857142857142856,DOWN,2026-06-21T19:03:00Z,0.0031374485377033633,,DOWN,
R2026026,R2026026,2413,Finish,Finishes,FINISH,fanduel,Top 5,Top 5,SINGLE,1,2413|2|0|42.585407978,0,42.585407978,30911,Tommy Fleetwood,30911,30911,Tommy Fleetwood,Tommy Fleetwood,T. Fleetwood,,-120,-120,0.5454545454545454,UP,2026-06-21T19:03:00Z,0.0958347916971209,,UP,
R2026026,R2026026,2413,Finish,Finishes,FINISH,fanduel,Top 5,Top 5,SINGLE,1,2413|2|0|42.585407978,0,42.585407978,47504,Sam Burns,47504,47504,Sam Burns,Sam Burns,S. Burns,,-250,-250,0.7142857142857143,UP,2026-06-21T19:03:00Z,0.12549794150813454,,UP,
R2026026,R2026026,2413,Finish,Finishes,FINISH,fanduel,Top 5,Top 5,SINGLE,1,2413|2|0|42.585407978,0,42.585407978,33141,Keegan Bradley,33141,33141,Keegan Bradley,Keegan Bradley,K. Bradley,,+10000,10000,0.009900990099009901,DOWN,2026-06-21T19:03:00Z,0.0017395754268454292,,DOWN,
R2026026,R2026026,2413,Finish,Finishes,FINISH,fanduel,Top 5,Top 5,SINGLE,1,2413|2|0|42.585407978,0,42.585407978,50525,Collin Morikawa,50525,50525,Collin Morikawa,Collin Morikawa,C. Morikawa,,+380,380,0.20833333333333334,UP,2026-06-21T19:03:00Z,0.036603566273205906,,UP,
R2026026,R2026026,2413,Finish,Finishes,FINISH,fanduel,Top 5,Top 5,SINGLE,1,2413|2|0|42.585407978,0,42.585407978,46046,Scottie Scheffler,46046,46046,Scottie Scheffler,Scottie Scheffler,S. Scheffler,,-175,-175,0.6363636363636364,UP,2026-06-21T19:03:00Z,0.1118072569799744,,UP,
R2026026,R2026026,2413,Finish,Finishes,FINISH,fanduel,Top 5,Top 5,SINGLE,1,2413|2|0|42.585407978,0,42.585407978,45486,Joaquin Niemann,45486,45486,Joaquin Niemann,Joaquin Niemann,J. Niemann,,+10000,10000,0.009900990099009901,DOWN,2026-06-21T19:03:00Z,0.0017395754268454292,,DOWN,
R2026026,R2026026,2413,Finish,Finishes,FINISH,fanduel,Top 5,Top 5,SINGLE,1,2413|2|0|42.585407978,0,42.585407978,39971,Sungjae Im,39971,39971,Sungjae Im,Sungjae Im,S. Im,,+10000,10000,0.009900990099009901,DOWN,2026-06-21T19:03:00Z,0.0017395754268454292,,DOWN,
R2026026,R2026026,2413,Finish,Finishes,FINISH,fanduel,Top 5,Top 5,SINGLE,1,2413|2|0|42.585407978,0,42.585407978,51287,Ryo Hisatsune,51287,51287,Ryo Hisatsune,Ryo Hisatsune,R. Hisatsune,,+10000,10000,0.009900990099009901,DOWN,2026-06-21T19:03:00Z,0.0017395754268454292,,DOWN,
R2026026,R2026026,2413,Finish,Finishes,FINISH,fanduel,Top 5,Top 5,SINGLE,1,2413|2|0|42.585407978,0,42.585407978,40098,Matt Fitzpatrick,40098,40098,Matt Fitzpatrick,Matt Fitzpatrick,M. Fitzpatrick,,+850,850,0.10526315789473684,DOWN,2026-06-21T19:03:00Z,0.018494433485409297,,DOWN,
R2026026,R2026026,2413,Finish,Finishes,FINISH,fanduel,Top 5,Top 5,SINGLE,1,2413|2|0|42.585407978,0,42.585407978,55721,Alex Fitzpatrick,55721,55721,Alex Fitzpatrick,Alex Fitzpatrick,A. Fitzpatrick,,+4500,4500,0.021739130434782608,DOWN,2026-06-21T19:03:00Z,0.003819502567638877,,DOWN,
R2026026,R2026026,2413,Finish,Finishes,FINISH,fanduel,Top 5,Top 5,SINGLE,1,2413|2|0|42.585407978,0,42.585407978,48081,Xander Schauffele,48081,48081,Xander Schauffele,Xander Schauffele,X. Schauffele,,+170,170,0.37037037037037035,UP,2026-06-21T19:03:00Z,0.0650730067079216,,UP,
R2026026,R2026026,2413,Finish,Finishes,FINISH,fanduel,Top 5,Top 5,SINGLE,1,2413|2|0|42.585407978,0,42.585407978,54591,Ben Griffin,54591,54591,Ben Griffin,Ben Griffin,B. Griffin,,+8000,8000,0.012345679012345678,DOWN,2026-06-21T19:03:00Z,0.002169100223597387,,DOWN,
R2026026,R2026026,2413,Finish,Finishes,FINISH,fanduel,Top 5,Top 5,SINGLE,1,2413|2|0|42.585407978,0,42.585407978,56630,Akshay Bhatia,56630,56630,Akshay Bhatia,Akshay Bhatia,A. Bhatia,,+10000,10000,0.009900990099009901,DOWN,2026-06-21T19:03:00Z,0.0017395754268454292,,DOWN,
R2026026,R2026026,2413,Finish,Finishes,FINISH,fanduel,Top 5,Top 5,SINGLE,1,2413|2|0|42.585407978,0,42.585407978,55893,Sam Stevens,55893,55893,Sam Stevens,Sam Stevens,S. Stevens,,+220,220,0.3125,UP,2026-06-21T19:03:00Z,0.05490534940980886,,UP,
R2026026,R2026026,2413,Finish,Finishes,FINISH,fanduel,Top 5,Top 5,SINGLE,1,2413|2|0|42.585407978,0,42.585407978,59836,Pierceson Coody,59836,59836,Pierceson Coody,Pierceson Coody,Pi. Coody,,+10000,10000,0.009900990099009901,DOWN,2026-06-21T19:03:00Z,0.0017395754268454292,,DOWN,
R2026026,R2026026,2413,Finish,Finishes,FINISH,fanduel,Top 5,Top 5,SINGLE,1,2413|2|0|42.585407978,0,42.585407978,51634,Sahith Theegala,51634,51634,Sahith Theegala,Sahith Theegala,S. Theegala,,-105,-105,0.5121951219512195,UP,2026-06-21T19:03:00Z,0.08999120683754037,,UP,
R2026026,R2026026,2413,Finish,Finishes,FINISH,fanduel,Top 5,Top 5,SINGLE,1,2413|2|0|42.585407978,0,42.585407978,55182,Tom Kim,55182,55182,Tom Kim,Tom Kim,T. Kim,,+115,115,0.46511627906976744,UP,2026-06-21T19:03:00Z,0.08171958981925039,,UP,
R2026026,R2026026,2413,Finish,Finishes,FINISH,fanduel,Top 5,Top 5,SINGLE,1,2413|2|0|42.585407978,0,42.585407978,28237,Rory McIlroy,28237,28237,Rory McIlroy,Rory McIlroy,R. McIlroy,,+10000,10000,0.009900990099009901,DOWN,2026-06-21T19:03:00Z,0.0017395754268454292,,DOWN,
R2026026,R2026026,2413,Finish,Finishes,FINISH,fanduel,Top 5,Top 5,SINGLE,1,2413|2|0|42.585407978,0,42.585407978,70695,Ryder Cowan,70695,70695,Ryder Cowan,Ryder Cowan,R. Cowan,,+10000,10000,0.009900990099009901,CONSTANT,2026-06-21T19:03:00Z,0.0017395754268454292,,CONSTANT,
R2026026,R2026026,2416,Group Props,Groups,GROUP,fanduel,Group,Group A,SINGLE,1,2416|0|0|42.585835228,0,42.585835228,30911,Tommy Fleetwood,30911,30911,Tommy Fleetwood,Tommy Fleetwood,T. Fleetwood,,-550,-550,0.8461538461538461,UP,2026-06-21T19:03:00Z,0.7842909934062748,,UP,
R2026026,R2026026,2416,Group Props,Groups,GROUP,fanduel,Group,Group A,SINGLE,1,2416|0|0|42.585835228,0,42.585835228,40098,Matt Fitzpatrick,40098,40098,Matt Fitzpatrick,Matt Fitzpatrick,M. Fitzpatrick,,+380,380,0.20833333333333334,DOWN,2026-06-21T19:03:00Z,0.1931019491341207,,DOWN,
R2026026,R2026026,2416,Group Props,Groups,GROUP,fanduel,Group,Group A,SINGLE,1,2416|0|0|42.585835228,0,42.585835228,52955,Ludvig Åberg,52955,52955,Ludvig Åberg,Ludvig Åberg,L. Åberg,,+4000,4000,0.024390243902439025,DOWN,2026-06-21T19:03:00Z,0.022607057459604375,,DOWN,
R2026026,R2026026,2416,Group Props,Groups,GROUP,fanduel,Group,Group B,SINGLE,1,2416|0|1|42.585835190,0,42.585835190,47504,Sam Burns,47504,47504,Sam Burns,Sam Burns,S. Burns,,-550,-550,0.8461538461538461,UP,2026-06-21T19:03:00Z,0.8024316109422492,,UP,
R2026026,R2026026,2416,Group Props,Groups,GROUP,fanduel,Group,Group B,SINGLE,1,2416|0|1|42.585835190,0,42.585835190,50525,Collin Morikawa,50525,50525,Collin Morikawa,Collin Morikawa,C. Morikawa,,+380,380,0.20833333333333334,DOWN,2026-06-21T19:03:00Z,0.19756838905775076,,DOWN,
R2026026,R2026026,2416,Group Props,Groups,GROUP,fanduel,Group,Group C,SINGLE,1,2416|0|2|42.585835191,0,42.585835191,46046,Scottie Scheffler,46046,46046,Scottie Scheffler,Scottie Scheffler,S. Scheffler,,-250,-250,0.7142857142857143,UP,2026-06-21T19:03:00Z,0.6537530266343826,,UP,
R2026026,R2026026,2416,Group Props,Groups,GROUP,fanduel,Group,Group C,SINGLE,1,2416|0|2|42.585835191,0,42.585835191,48081,Xander Schauffele,48081,48081,Xander Schauffele,Xander Schauffele,X. Schauffele,,+170,170,0.37037037037037035,UP,2026-06-21T19:03:00Z,0.3389830508474576,,UP,
R2026026,R2026026,2416,Group Props,Groups,GROUP,fanduel,Group,Group C,SINGLE,1,2416|0|2|42.585835191,0,42.585835191,28237,Rory McIlroy,28237,28237,Rory McIlroy,Rory McIlroy,R. McIlroy,,+12500,12500,0.007936507936507936,DOWN,2026-06-21T19:03:00Z,0.007263922518159806,,DOWN,
R2026026,R2026026,2416,Group Props,Groups,GROUP,fanduel,Holes - Round 4,Group A,SINGLE,1,2416|1|0|42.587087942,0,42.587087942,49771,J.T. Poston,49771,49771,J.T. Poston,J.T. Poston,J.T. Poston,,+220,220,0.3125,DOWN,2026-06-21T19:03:00Z,0.3020134228187919,,DOWN,
R2026026,R2026026,2416,Group Props,Groups,GROUP,fanduel,Holes - Round 4,Group A,SINGLE,1,2416|1|0|42.587087942,0,42.587087942,28723,John Parry,28723,28723,John Parry,John Parry,J. Parry,,-260,-260,0.7222222222222222,UP,2026-06-21T19:03:00Z,0.6979865771812079,,UP,
R2026026,R2026026,2416,Group Props,Groups,GROUP,fanduel,Holes - Round 4,Group B,SINGLE,1,2416|1|1|42.587087827,0,42.587087827,31323,Gary Woodland,31323,31323,Gary Woodland,Gary Woodland,G. Woodland,,+270,270,0.2702702702702703,DOWN,2026-06-21T19:03:00Z,0.25669642857142855,,DOWN,
R2026026,R2026026,2416,Group Props,Groups,GROUP,fanduel,Holes - Round 4,Group B,SINGLE,1,2416|1|1|42.587087827,0,42.587087827,51287,Ryo Hisatsune,51287,51287,Ryo Hisatsune,Ryo Hisatsune,R. Hisatsune,,-360,-360,0.782608695652174,UP,2026-06-21T19:03:00Z,0.7433035714285714,,UP,
R2026026,R2026026,2416,Group Props,Groups,GROUP,fanduel,Holes - Round 4,Group C,SINGLE,1,2416|1|2|42.587088013,0,42.587088013,51634,Sahith Theegala,51634,51634,Sahith Theegala,Sahith Theegala,S. Theegala,,-115,-115,0.5348837209302325,CONSTANT,2026-06-21T19:03:00Z,0.5108342361863488,,CONSTANT,
R2026026,R2026026,2416,Group Props,Groups,GROUP,fanduel,Holes - Round 4,Group C,SINGLE,1,2416|1|2|42.587088013,0,42.587088013,55182,Tom Kim,55182,55182,Tom Kim,Tom Kim,T. Kim,,-105,-105,0.5121951219512195,CONSTANT,2026-06-21T19:03:00Z,0.4891657638136511,,CONSTANT,
R2026026,R2026026,2414,Player Props,Player Props,PLAYER_PROPS,fanduel,Top Former Champion Player,Top Former Champion Player,SINGLE,1,2414|0|0|42.586004616,0,42.586004616,51766,Wyndham Clark,51766,51766,Wyndham Clark,Wyndham Clark,W. Clark,,-20000,-20000,0.9950248756218906,UP,2026-06-21T19:03:00Z,0.9675826383969832,,UP,
R2026026,R2026026,2414,Player Props,Player Props,PLAYER_PROPS,fanduel,Top Former Champion Player,Top Former Champion Player,SINGLE,1,2414|0|0|42.586004616,0,42.586004616,31323,Gary Woodland,31323,31323,Gary Woodland,Gary Woodland,G. Woodland,,+15000,15000,0.006622516556291391,DOWN,2026-06-21T19:03:00Z,0.006439871202575948,,DOWN,
R2026026,R2026026,2414,Player Props,Player Props,PLAYER_PROPS,fanduel,Top Former Champion Player,Top Former Champion Player,SINGLE,1,2414|0|0|42.586004616,0,42.586004616,40098,Matt Fitzpatrick,40098,40098,Matt Fitzpatrick,Matt Fitzpatrick,M. Fitzpatrick,,+4500,4500,0.021739130434782608,DOWN,2026-06-21T19:03:00Z,0.02113957720845583,,DOWN,
R2026026,R2026026,2414,Player Props,Player Props,PLAYER_PROPS,fanduel,Top Former Champion Player,Top Former Champion Player,SINGLE,1,2414|0|0|42.586004616,0,42.586004616,28237,Rory McIlroy,28237,28237,Rory McIlroy,Rory McIlroy,R. McIlroy,,+20000,20000,0.004975124378109453,DOWN,2026-06-21T19:03:00Z,0.004837913191984916,,DOWN,
R2026026,R2026026,2414,Player Props,Player Props,PLAYER_PROPS,fanduel,Winner w/o Clark,Winner w/o Clark,SINGLE,1,2414|1|0|42.587082593,0,42.587082593,40058,Zac Blair,40058,40058,Zac Blair,Zac Blair,Z. Blair,,+75000,75000,0.0013315579227696406,DOWN,2026-06-21T19:03:00Z,0.0010908411978385862,,DOWN,
R2026026,R2026026,2414,Player Props,Player Props,PLAYER_PROPS,fanduel,Winner w/o Clark,Winner w/o Clark,SINGLE,1,2414|1|0|42.587082593,0,42.587082593,27644,Brian Harman,27644,27644,Brian Harman,Brian Harman,B. Harman,,+75000,75000,0.0013315579227696406,DOWN,2026-06-21T19:03:00Z,0.0010908411978385862,,DOWN,
R2026026,R2026026,2414,Player Props,Player Props,PLAYER_PROPS,fanduel,Winner w/o Clark,Winner w/o Clark,SINGLE,1,2414|1|0|42.587082593,0,42.587082593,39975,Michael Kim,39975,39975,Michael Kim,Michael Kim,M. Kim,,+75000,75000,0.0013315579227696406,DOWN,2026-06-21T19:03:00Z,0.0010908411978385862,,DOWN,
R2026026,R2026026,2414,Player Props,Player Props,PLAYER_PROPS,fanduel,Winner w/o Clark,Winner w/o Clark,SINGLE,1,2414|1|0|42.587082593,0,42.587082593,49771,J.T. Poston,49771,49771,J.T. Poston,J.T. Poston,J.T. Poston,,+8000,8000,0.012345679012345678,UP,2026-06-21T19:03:00Z,0.010113848636750349,,UP,
R2026026,R2026026,2414,Player Props,Player Props,PLAYER_PROPS,fanduel,Winner w/o Clark,Winner w/o Clark,SINGLE,1,2414|1|0|42.587082593,0,42.587082593,34363,Tyrrell Hatton,34363,34363,Tyrrell Hatton,Tyrrell Hatton,T. Hatton,,+75000,75000,0.0013315579227696406,DOWN,2026-06-21T19:03:00Z,0.0010908411978385862,,DOWN,
R2026026,R2026026,2414,Player Props,Player Props,PLAYER_PROPS,fanduel,Winner w/o Clark,Winner w/o Clark,SINGLE,1,2414|1|0|42.587082593,0,42.587082593,31646,Emiliano Grillo,31646,31646,Emiliano Grillo,Emiliano Grillo,E. Grillo,,+5000,5000,0.0196078431372549,DOWN,2026-06-21T19:03:00Z,0.016063171364250554,,DOWN,
R2026026,R2026026,2414,Player Props,Player Props,PLAYER_PROPS,fanduel,Winner w/o Clark,Winner w/o Clark,SINGLE,1,2414|1|0|42.587082593,0,42.587082593,39997,Corey Conners,39997,39997,Corey Conners,Corey Conners,C. Conners,,+75000,75000,0.0013315579227696406,DOWN,2026-06-21T19:03:00Z,0.0010908411978385862,,DOWN,
R2026026,R2026026,2414,Player Props,Player Props,PLAYER_PROPS,fanduel,Winner w/o Clark,Winner w/o Clark,SINGLE,1,2414|1|0|42.587082593,0,42.587082593,39546,Keith Mitchell,39546,39546,Keith Mitchell,Keith Mitchell,K. Mitchell,,+1600,1600,0.058823529411764705,UP,2026-06-21T19:03:00Z,0.04818951409275166,,UP,
R2026026,R2026026,2414,Player Props,Player Props,PLAYER_PROPS,fanduel,Winner w/o Clark,Winner w/o Clark,SINGLE,1,2414|1|0|42.587082593,0,42.587082593,28723,John Parry,28723,28723,John Parry,John Parry,J. Parry,,+60000,60000,0.0016638935108153079,DOWN,2026-06-21T19:03:00Z,0.0013630977364006295,,DOWN,
R2026026,R2026026,2414,Player Props,Player Props,PLAYER_PROPS,fanduel,Winner w/o Clark,Winner w/o Clark,SINGLE,1,2414|1|0|42.587082593,0,42.587082593,46414,Aaron Rai,46414,46414,Aaron Rai,Aaron Rai,A. Rai,,+75000,75000,0.0013315579227696406,DOWN,2026-06-21T19:03:00Z,0.0010908411978385862,,DOWN,
R2026026,R2026026,2414,Player Props,Player Props,PLAYER_PROPS,fanduel,Winner w/o Clark,Winner w/o Clark,SINGLE,1,2414|1|0|42.587082593,0,42.587082593,46442,Maverick McNealy,46442,46442,Maverick McNealy,Maverick McNealy,M. McNealy,,+75000,75000,0.0013315579227696406,DOWN,2026-06-21T19:03:00Z,0.0010908411978385862,,DOWN,
R2026026,R2026026,2414,Player Props,Player Props,PLAYER_PROPS,fanduel,Winner w/o Clark,Winner w/o Clark,SINGLE,1,2414|1|0|42.587082593,0,42.587082593,31323,Gary Woodland,31323,31323,Gary Woodland,Gary Woodland,G. Woodland,,+75000,75000,0.0013315579227696406,DOWN,2026-06-21T19:03:00Z,0.0010908411978385862,,DOWN,
R2026026,R2026026,2414,Player Props,Player Props,PLAYER_PROPS,fanduel,Winner w/o Clark,Winner w/o Clark,SINGLE,1,2414|1|0|42.587082593,0,42.587082593,30911,Tommy Fleetwood,30911,30911,Tommy Fleetwood,Tommy Fleetwood,T. Fleetwood,,+600,600,0.14285714285714285,UP,2026-06-21T19:03:00Z,0.11703167708239688,,UP,
R2026026,R2026026,2414,Player Props,Player Props,PLAYER_PROPS,fanduel,Winner w/o Clark,Winner w/o Clark,SINGLE,1,2414|1|0|42.587082593,0,42.587082593,30925,Dustin Johnson,30925,30925,Dustin Johnson,Dustin Johnson,D. Johnson,,+75000,75000,0.0013315579227696406,DOWN,2026-06-21T19:03:00Z,0.0010908411978385862,,DOWN,
R2026026,R2026026,2414,Player Props,Player Props,PLAYER_PROPS,fanduel,Winner w/o Clark,Winner w/o Clark,SINGLE,1,2414|1|0|42.587082593,0,42.587082593,47504,Sam Burns,47504,47504,Sam Burns,Sam Burns,S. Burns,,+250,250,0.2857142857142857,UP,2026-06-21T19:03:00Z,0.23406335416479376,,UP,
R2026026,R2026026,2414,Player Props,Player Props,PLAYER_PROPS,fanduel,Winner w/o Clark,Winner w/o Clark,SINGLE,1,2414|1|0|42.587082593,0,42.587082593,33141,Keegan Bradley,33141,33141,Keegan Bradley,Keegan Bradley,K. Bradley,,+75000,75000,0.0013315579227696406,DOWN,2026-06-21T19:03:00Z,0.0010908411978385862,,DOWN,
R2026026,R2026026,2414,Player Props,Player Props,PLAYER_PROPS,fanduel,Winner w/o Clark,Winner w/o Clark,SINGLE,1,2414|1|0|42.587082593,0,42.587082593,50525,Collin Morikawa,50525,50525,Collin Morikawa,Collin Morikawa,C. Morikawa,,+3500,3500,0.027777777777777776,DOWN,2026-06-21T19:03:00Z,0.022756159432688283,,DOWN,
R2026026,R2026026,2414,Player Props,Player Props,PLAYER_PROPS,fanduel,Winner w/o Clark,Winner w/o Clark,SINGLE,1,2414|1|0|42.587082593,0,42.587082593,46046,Scottie Scheffler,46046,46046,Scottie Scheffler,Scottie Scheffler,S. Scheffler,,+280,280,0.2631578947368421,DOWN,2026-06-21T19:03:00Z,0.21558466830967848,,DOWN,
R2026026,R2026026,2414,Player Props,Player Props,PLAYER_PROPS,fanduel,Winner w/o Clark,Winner w/o Clark,SINGLE,1,2414|1|0|42.587082593,0,42.587082593,39971,Sungjae Im,39971,39971,Sungjae Im,Sungjae Im,S. Im,,+75000,75000,0.0013315579227696406,DOWN,2026-06-21T19:03:00Z,0.0010908411978385862,,DOWN,
R2026026,R2026026,2414,Player Props,Player Props,PLAYER_PROPS,fanduel,Winner w/o Clark,Winner w/o Clark,SINGLE,1,2414|1|0|42.587082593,0,42.587082593,51287,Ryo Hisatsune,51287,51287,Ryo Hisatsune,Ryo Hisatsune,R. Hisatsune,,+75000,75000,0.0013315579227696406,DOWN,2026-06-21T19:03:00Z,0.0010908411978385862,,DOWN,
R2026026,R2026026,2414,Player Props,Player Props,PLAYER_PROPS,fanduel,Winner w/o Clark,Winner w/o Clark,SINGLE,1,2414|1|0|42.587082593,0,42.587082593,40098,Matt Fitzpatrick,40098,40098,Matt Fitzpatrick,Matt Fitzpatrick,M. Fitzpatrick,,+8000,8000,0.012345679012345678,DOWN,2026-06-21T19:03:00Z,0.010113848636750349,,DOWN,
R2026026,R2026026,2414,Player Props,Player Props,PLAYER_PROPS,fanduel,Winner w/o Clark,Winner w/o Clark,SINGLE,1,2414|1|0|42.587082593,0,42.587082593,55721,Alex Fitzpatrick,55721,55721,Alex Fitzpatrick,Alex Fitzpatrick,A. Fitzpatrick,,+75000,75000,0.0013315579227696406,DOWN,2026-06-21T19:03:00Z,0.0010908411978385862,,DOWN,
R2026026,R2026026,2414,Player Props,Player Props,PLAYER_PROPS,fanduel,Winner w/o Clark,Winner w/o Clark,SINGLE,1,2414|1|0|42.587082593,0,42.587082593,48081,Xander Schauffele,48081,48081,Xander Schauffele,Xander Schauffele,X. Schauffele,,+1300,1300,0.07142857142857142,DOWN,2026-06-21T19:03:00Z,0.05851583854119844,,DOWN,
R2026026,R2026026,2414,Player Props,Player Props,PLAYER_PROPS,fanduel,Winner w/o Clark,Winner w/o Clark,SINGLE,1,2414|1|0|42.587082593,0,42.587082593,54591,Ben Griffin,54591,54591,Ben Griffin,Ben Griffin,B. Griffin,,+75000,75000,0.0013315579227696406,DOWN,2026-06-21T19:03:00Z,0.0010908411978385862,,DOWN,
R2026026,R2026026,2414,Player Props,Player Props,PLAYER_PROPS,fanduel,Winner w/o Clark,Winner w/o Clark,SINGLE,1,2414|1|0|42.587082593,0,42.587082593,56630,Akshay Bhatia,56630,56630,Akshay Bhatia,Akshay Bhatia,A. Bhatia,,+75000,75000,0.0013315579227696406,DOWN,2026-06-21T19:03:00Z,0.0010908411978385862,,DOWN,
R2026026,R2026026,2414,Player Props,Player Props,PLAYER_PROPS,fanduel,Winner w/o Clark,Winner w/o Clark,SINGLE,1,2414|1|0|42.587082593,0,42.587082593,55893,Sam Stevens,55893,55893,Sam Stevens,Sam Stevens,S. Stevens,,+1900,1900,0.05,DOWN,2026-06-21T19:03:00Z,0.04096108697883891,,DOWN,
R2026026,R2026026,2414,Player Props,Player Props,PLAYER_PROPS,fanduel,Winner w/o Clark,Winner w/o Clark,SINGLE,1,2414|1|0|42.587082593,0,42.587082593,59836,Pierceson Coody,59836,59836,Pierceson Coody,Pierceson Coody,Pi. Coody,,+75000,75000,0.0013315579227696406,DOWN,2026-06-21T19:03:00Z,0.0010908411978385862,,DOWN,
R2026026,R2026026,2414,Player Props,Player Props,PLAYER_PROPS,fanduel,Winner w/o Clark,Winner w/o Clark,SINGLE,1,2414|1|0|42.587082593,0,42.587082593,51634,Sahith Theegala,51634,51634,Sahith Theegala,Sahith Theegala,S. Theegala,,+650,650,0.13333333333333333,UP,2026-06-21T19:03:00Z,0.10922956527690376,,UP,
R2026026,R2026026,2414,Player Props,Player Props,PLAYER_PROPS,fanduel,Winner w/o Clark,Winner w/o Clark,SINGLE,1,2414|1|0|42.587082593,0,42.587082593,55182,Tom Kim,55182,55182,Tom Kim,Tom Kim,T. Kim,,+750,750,0.11764705882352941,UP,2026-06-21T19:03:00Z,0.09637902818550333,,UP,
R2026026,R2026026,2414,Player Props,Player Props,PLAYER_PROPS,fanduel,Winner w/o Clark,Winner w/o Clark,SINGLE,1,2414|1|0|42.587082593,0,42.587082593,28237,Rory McIlroy,28237,28237,Rory McIlroy,Rory McIlroy,R. McIlroy,,+75000,75000,0.0013315579227696406,DOWN,2026-06-21T19:03:00Z,0.0010908411978385862,,DOWN,
R2026026,R2026026,2414,Player Props,Player Props,PLAYER_PROPS,fanduel,Winner w/o Clark,Winner w/o Clark,SINGLE,1,2414|1|0|42.587082593,0,42.587082593,70695,Ryder Cowan,70695,70695,Ryder Cowan,Ryder Cowan,R. Cowan,,+75000,75000,0.0013315579227696406,DOWN,2026-06-21T19:03:00Z,0.0010908411978385862,,DOWN,
R2026026,R2026026,2414,Player Props,Player Props,PLAYER_PROPS,fanduel,Winner w/o Clark / Scheffler,Winner w/o Clark / Scheffler,SINGLE,1,2414|2|0|42.587075910,0,42.587075910,40058,Zac Blair,40058,40058,Zac Blair,Zac Blair,Z. Blair,,+75000,75000,0.0013315579227696406,DOWN,2026-06-21T19:03:00Z,0.0011109038141822714,,DOWN,
R2026026,R2026026,2414,Player Props,Player Props,PLAYER_PROPS,fanduel,Winner w/o Clark / Scheffler,Winner w/o Clark / Scheffler,SINGLE,1,2414|2|0|42.587075910,0,42.587075910,27644,Brian Harman,27644,27644,Brian Harman,Brian Harman,B. Harman,,+75000,75000,0.0013315579227696406,DOWN,2026-06-21T19:03:00Z,0.0011109038141822714,,DOWN,
R2026026,R2026026,2414,Player Props,Player Props,PLAYER_PROPS,fanduel,Winner w/o Clark / Scheffler,Winner w/o Clark / Scheffler,SINGLE,1,2414|2|0|42.587075910,0,42.587075910,39975,Michael Kim,39975,39975,Michael Kim,Michael Kim,M. Kim,,+75000,75000,0.0013315579227696406,DOWN,2026-06-21T19:03:00Z,0.0011109038141822714,,DOWN,
R2026026,R2026026,2414,Player Props,Player Props,PLAYER_PROPS,fanduel,Winner w/o Clark / Scheffler,Winner w/o Clark / Scheffler,SINGLE,1,2414|2|0|42.587075910,0,42.587075910,49771,J.T. Poston,49771,49771,J.T. Poston,J.T. Poston,J.T. Poston,,+5500,5500,0.017857142857142856,UP,2026-06-21T19:03:00Z,0.014898013650908672,,UP,
R2026026,R2026026,2414,Player Props,Player Props,PLAYER_PROPS,fanduel,Winner w/o Clark / Scheffler,Winner w/o Clark / Scheffler,SINGLE,1,2414|2|0|42.587075910,0,42.587075910,34363,Tyrrell Hatton,34363,34363,Tyrrell Hatton,Tyrrell Hatton,T. Hatton,,+75000,75000,0.0013315579227696406,DOWN,2026-06-21T19:03:00Z,0.0011109038141822714,,DOWN,
R2026026,R2026026,2414,Player Props,Player Props,PLAYER_PROPS,fanduel,Winner w/o Clark / Scheffler,Winner w/o Clark / Scheffler,SINGLE,1,2414|2|0|42.587075910,0,42.587075910,31646,Emiliano Grillo,31646,31646,Emiliano Grillo,Emiliano Grillo,E. Grillo,,+4000,4000,0.024390243902439025,DOWN,2026-06-21T19:03:00Z,0.020348506450021602,,DOWN,
R2026026,R2026026,2414,Player Props,Player Props,PLAYER_PROPS,fanduel,Winner w/o Clark / Scheffler,Winner w/o Clark / Scheffler,SINGLE,1,2414|2|0|42.587075910,0,42.587075910,39997,Corey Conners,39997,39997,Corey Conners,Corey Conners,C. Conners,,+75000,75000,0.0013315579227696406,DOWN,2026-06-21T19:03:00Z,0.0011109038141822714,,DOWN,
R2026026,R2026026,2414,Player Props,Player Props,PLAYER_PROPS,fanduel,Winner w/o Clark / Scheffler,Winner w/o Clark / Scheffler,SINGLE,1,2414|2|0|42.587075910,0,42.587075910,39546,Keith Mitchell,39546,39546,Keith Mitchell,Keith Mitchell,K. Mitchell,,+1300,1300,0.07142857142857142,UP,2026-06-21T19:03:00Z,0.05959205460363469,,UP,
R2026026,R2026026,2414,Player Props,Player Props,PLAYER_PROPS,fanduel,Winner w/o Clark / Scheffler,Winner w/o Clark / Scheffler,SINGLE,1,2414|2|0|42.587075910,0,42.587075910,28723,John Parry,28723,28723,John Parry,John Parry,J. Parry,,+40000,40000,0.0024937655860349127,DOWN,2026-06-21T19:03:00Z,0.0020805206096032062,,DOWN,
R2026026,R2026026,2414,Player Props,Player Props,PLAYER_PROPS,fanduel,Winner w/o Clark / Scheffler,Winner w/o Clark / Scheffler,SINGLE,1,2414|2|0|42.587075910,0,42.587075910,46414,Aaron Rai,46414,46414,Aaron Rai,Aaron Rai,A. Rai,,+40000,40000,0.0024937655860349127,DOWN,2026-06-21T19:03:00Z,0.0020805206096032062,,DOWN,
R2026026,R2026026,2414,Player Props,Player Props,PLAYER_PROPS,fanduel,Winner w/o Clark / Scheffler,Winner w/o Clark / Scheffler,SINGLE,1,2414|2|0|42.587075910,0,42.587075910,46442,Maverick McNealy,46442,46442,Maverick McNealy,Maverick McNealy,M. McNealy,,+75000,75000,0.0013315579227696406,DOWN,2026-06-21T19:03:00Z,0.0011109038141822714,,DOWN,
R2026026,R2026026,2414,Player Props,Player Props,PLAYER_PROPS,fanduel,Winner w/o Clark / Scheffler,Winner w/o Clark / Scheffler,SINGLE,1,2414|2|0|42.587075910,0,42.587075910,31323,Gary Woodland,31323,31323,Gary Woodland,Gary Woodland,G. Woodland,,+75000,75000,0.0013315579227696406,DOWN,2026-06-21T19:03:00Z,0.0011109038141822714,,DOWN,
R2026026,R2026026,2414,Player Props,Player Props,PLAYER_PROPS,fanduel,Winner w/o Clark / Scheffler,Winner w/o Clark / Scheffler,SINGLE,1,2414|2|0|42.587075910,0,42.587075910,30911,Tommy Fleetwood,30911,30911,Tommy Fleetwood,Tommy Fleetwood,T. Fleetwood,,+470,470,0.17543859649122806,UP,2026-06-21T19:03:00Z,0.14636644990366415,,UP,
R2026026,R2026026,2414,Player Props,Player Props,PLAYER_PROPS,fanduel,Winner w/o Clark / Scheffler,Winner w/o Clark / Scheffler,SINGLE,1,2414|2|0|42.587075910,0,42.587075910,30925,Dustin Johnson,30925,30925,Dustin Johnson,Dustin Johnson,D. Johnson,,+75000,75000,0.0013315579227696406,DOWN,2026-06-21T19:03:00Z,0.0011109038141822714,,DOWN,
R2026026,R2026026,2414,Player Props,Player Props,PLAYER_PROPS,fanduel,Winner w/o Clark / Scheffler,Winner w/o Clark / Scheffler,SINGLE,1,2414|2|0|42.587075910,0,42.587075910,47504,Sam Burns,47504,47504,Sam Burns,Sam Burns,S. Burns,,+185,185,0.3508771929824561,UP,2026-06-21T19:03:00Z,0.2927328998073283,,UP,
R2026026,R2026026,2414,Player Props,Player Props,PLAYER_PROPS,fanduel,Winner w/o Clark / Scheffler,Winner w/o Clark / Scheffler,SINGLE,1,2414|2|0|42.587075910,0,42.587075910,33141,Keegan Bradley,33141,33141,Keegan Bradley,Keegan Bradley,K. Bradley,,+75000,75000,0.0013315579227696406,DOWN,2026-06-21T19:03:00Z,0.0011109038141822714,,DOWN,
R2026026,R2026026,2414,Player Props,Player Props,PLAYER_PROPS,fanduel,Winner w/o Clark / Scheffler,Winner w/o Clark / Scheffler,SINGLE,1,2414|2|0|42.587075910,0,42.587075910,50525,Collin Morikawa,50525,50525,Collin Morikawa,Collin Morikawa,C. Morikawa,,+2500,2500,0.038461538461538464,DOWN,2026-06-21T19:03:00Z,0.032088029401957145,,DOWN,
R2026026,R2026026,2414,Player Props,Player Props,PLAYER_PROPS,fanduel,Winner w/o Clark / Scheffler,Winner w/o Clark / Scheffler,SINGLE,1,2414|2|0|42.587075910,0,42.587075910,39971,Sungjae Im,39971,39971,Sungjae Im,Sungjae Im,S. Im,,+75000,75000,0.0013315579227696406,DOWN,2026-06-21T19:03:00Z,0.0011109038141822714,,DOWN,
R2026026,R2026026,2414,Player Props,Player Props,PLAYER_PROPS,fanduel,Winner w/o Clark / Scheffler,Winner w/o Clark / Scheffler,SINGLE,1,2414|2|0|42.587075910,0,42.587075910,51287,Ryo Hisatsune,51287,51287,Ryo Hisatsune,Ryo Hisatsune,R. Hisatsune,,+75000,75000,0.0013315579227696406,DOWN,2026-06-21T19:03:00Z,0.0011109038141822714,,DOWN,
R2026026,R2026026,2414,Player Props,Player Props,PLAYER_PROPS,fanduel,Winner w/o Clark / Scheffler,Winner w/o Clark / Scheffler,SINGLE,1,2414|2|0|42.587075910,0,42.587075910,40098,Matt Fitzpatrick,40098,40098,Matt Fitzpatrick,Matt Fitzpatrick,M. Fitzpatrick,,+5500,5500,0.017857142857142856,DOWN,2026-06-21T19:03:00Z,0.014898013650908672,,DOWN,
R2026026,R2026026,2414,Player Props,Player Props,PLAYER_PROPS,fanduel,Winner w/o Clark / Scheffler,Winner w/o Clark / Scheffler,SINGLE,1,2414|2|0|42.587075910,0,42.587075910,55721,Alex Fitzpatrick,55721,55721,Alex Fitzpatrick,Alex Fitzpatrick,A. Fitzpatrick,,+60000,60000,0.0016638935108153079,DOWN,2026-06-21T19:03:00Z,0.0013881676613159495,,DOWN,
R2026026,R2026026,2414,Player Props,Player Props,PLAYER_PROPS,fanduel,Winner w/o Clark / Scheffler,Winner w/o Clark / Scheffler,SINGLE,1,2414|2|0|42.587075910,0,42.587075910,48081,Xander Schauffele,48081,48081,Xander Schauffele,Xander Schauffele,X. Schauffele,,+900,900,0.1,DOWN,2026-06-21T19:03:00Z,0.08342887644508858,,DOWN,
R2026026,R2026026,2414,Player Props,Player Props,PLAYER_PROPS,fanduel,Winner w/o Clark / Scheffler,Winner w/o Clark / Scheffler,SINGLE,1,2414|2|0|42.587075910,0,42.587075910,54591,Ben Griffin,54591,54591,Ben Griffin,Ben Griffin,B. Griffin,,+75000,75000,0.0013315579227696406,DOWN,2026-06-21T19:03:00Z,0.0011109038141822714,,DOWN,
R2026026,R2026026,2414,Player Props,Player Props,PLAYER_PROPS,fanduel,Winner w/o Clark / Scheffler,Winner w/o Clark / Scheffler,SINGLE,1,2414|2|0|42.587075910,0,42.587075910,56630,Akshay Bhatia,56630,56630,Akshay Bhatia,Akshay Bhatia,A. Bhatia,,+75000,75000,0.0013315579227696406,DOWN,2026-06-21T19:03:00Z,0.0011109038141822714,,DOWN,
R2026026,R2026026,2414,Player Props,Player Props,PLAYER_PROPS,fanduel,Winner w/o Clark / Scheffler,Winner w/o Clark / Scheffler,SINGLE,1,2414|2|0|42.587075910,0,42.587075910,55893,Sam Stevens,55893,55893,Sam Stevens,Sam Stevens,S. Stevens,,+1400,1400,0.06666666666666667,DOWN,2026-06-21T19:03:00Z,0.05561925096339238,,DOWN,
R2026026,R2026026,2414,Player Props,Player Props,PLAYER_PROPS,fanduel,Winner w/o Clark / Scheffler,Winner w/o Clark / Scheffler,SINGLE,1,2414|2|0|42.587075910,0,42.587075910,59836,Pierceson Coody,59836,59836,Pierceson Coody,Pierceson Coody,Pi. Coody,,+75000,75000,0.0013315579227696406,DOWN,2026-06-21T19:03:00Z,0.0011109038141822714,,DOWN,
R2026026,R2026026,2414,Player Props,Player Props,PLAYER_PROPS,fanduel,Winner w/o Clark / Scheffler,Winner w/o Clark / Scheffler,SINGLE,1,2414|2|0|42.587075910,0,42.587075910,51634,Sahith Theegala,51634,51634,Sahith Theegala,Sahith Theegala,S. Theegala,,+550,550,0.15384615384615385,UP,2026-06-21T19:03:00Z,0.12835211760782858,,UP,
R2026026,R2026026,2414,Player Props,Player Props,PLAYER_PROPS,fanduel,Winner w/o Clark / Scheffler,Winner w/o Clark / Scheffler,SINGLE,1,2414|2|0|42.587075910,0,42.587075910,55182,Tom Kim,55182,55182,Tom Kim,Tom Kim,T. Kim,,+550,550,0.15384615384615385,UP,2026-06-21T19:03:00Z,0.12835211760782858,,UP,
R2026026,R2026026,2414,Player Props,Player Props,PLAYER_PROPS,fanduel,Winner w/o Clark / Scheffler,Winner w/o Clark / Scheffler,SINGLE,1,2414|2|0|42.587075910,0,42.587075910,28237,Rory McIlroy,28237,28237,Rory McIlroy,Rory McIlroy,R. McIlroy,,+75000,75000,0.0013315579227696406,DOWN,2026-06-21T19:03:00Z,0.0011109038141822714,,DOWN,
R2026026,R2026026,2414,Player Props,Player Props,PLAYER_PROPS,fanduel,Winner w/o Clark / Scheffler,Winner w/o Clark / Scheffler,SINGLE,1,2414|2|0|42.587075910,0,42.587075910,70695,Ryder Cowan,70695,70695,Ryder Cowan,Ryder Cowan,R. Cowan,,+75000,75000,0.0013315579227696406,DOWN,2026-06-21T19:03:00Z,0.0011109038141822714,,DOWN,
R2026026,R2026026,2414,Player Props,Player Props,PLAYER_PROPS,fanduel,Winner w/o McIlroy / Rahm / Scheffler,Winner w/o McIlroy / Rahm / Scheffler,SINGLE,1,2414|3|0|42.585619788,0,42.585619788,40058,Zac Blair,40058,40058,Zac Blair,Zac Blair,Z. Blair,,+75000,75000,0.0013315579227696406,DOWN,2026-06-21T19:03:00Z,0.0011349287456905105,,DOWN,
R2026026,R2026026,2414,Player Props,Player Props,PLAYER_PROPS,fanduel,Winner w/o McIlroy / Rahm / Scheffler,Winner w/o McIlroy / Rahm / Scheffler,SINGLE,1,2414|3|0|42.585619788,0,42.585619788,51766,Wyndham Clark,51766,51766,Wyndham Clark,Wyndham Clark,W. Clark,,-350,-350,0.7777777777777778,UP,2026-06-21T19:03:00Z,0.6629244906772237,,UP,
R2026026,R2026026,2414,Player Props,Player Props,PLAYER_PROPS,fanduel,Winner w/o McIlroy / Rahm / Scheffler,Winner w/o McIlroy / Rahm / Scheffler,SINGLE,1,2414|3|0|42.585619788,0,42.585619788,27644,Brian Harman,27644,27644,Brian Harman,Brian Harman,B. Harman,,+75000,75000,0.0013315579227696406,DOWN,2026-06-21T19:03:00Z,0.0011349287456905105,,DOWN,
R2026026,R2026026,2414,Player Props,Player Props,PLAYER_PROPS,fanduel,Winner w/o McIlroy / Rahm / Scheffler,Winner w/o McIlroy / Rahm / Scheffler,SINGLE,1,2414|3|0|42.585619788,0,42.585619788,39975,Michael Kim,39975,39975,Michael Kim,Michael Kim,M. Kim,,+75000,75000,0.0013315579227696406,DOWN,2026-06-21T19:03:00Z,0.0011349287456905105,,DOWN,
R2026026,R2026026,2414,Player Props,Player Props,PLAYER_PROPS,fanduel,Winner w/o McIlroy / Rahm / Scheffler,Winner w/o McIlroy / Rahm / Scheffler,SINGLE,1,2414|3|0|42.585619788,0,42.585619788,49771,J.T. Poston,49771,49771,J.T. Poston,J.T. Poston,J.T. Poston,,+30000,30000,0.0033222591362126247,UP,2026-06-21T19:03:00Z,0.002831666073134795,,UP,
R2026026,R2026026,2414,Player Props,Player Props,PLAYER_PROPS,fanduel,Winner w/o McIlroy / Rahm / Scheffler,Winner w/o McIlroy / Rahm / Scheffler,SINGLE,1,2414|3|0|42.585619788,0,42.585619788,34363,Tyrrell Hatton,34363,34363,Tyrrell Hatton,Tyrrell Hatton,T. Hatton,,+75000,75000,0.0013315579227696406,DOWN,2026-06-21T19:03:00Z,0.0011349287456905105,,DOWN,
R2026026,R2026026,2414,Player Props,Player Props,PLAYER_PROPS,fanduel,Winner w/o McIlroy / Rahm / Scheffler,Winner w/o McIlroy / Rahm / Scheffler,SINGLE,1,2414|3|0|42.585619788,0,42.585619788,31646,Emiliano Grillo,31646,31646,Emiliano Grillo,Emiliano Grillo,E. Grillo,,+12500,12500,0.007936507936507936,UP,2026-06-21T19:03:00Z,0.006764535619155344,,UP,
R2026026,R2026026,2414,Player Props,Player Props,PLAYER_PROPS,fanduel,Winner w/o McIlroy / Rahm / Scheffler,Winner w/o McIlroy / Rahm / Scheffler,SINGLE,1,2414|3|0|42.585619788,0,42.585619788,39997,Corey Conners,39997,39997,Corey Conners,Corey Conners,C. Conners,,+75000,75000,0.0013315579227696406,DOWN,2026-06-21T19:03:00Z,0.0011349287456905105,,DOWN,
R2026026,R2026026,2414,Player Props,Player Props,PLAYER_PROPS,fanduel,Winner w/o McIlroy / Rahm / Scheffler,Winner w/o McIlroy / Rahm / Scheffler,SINGLE,1,2414|3|0|42.585619788,0,42.585619788,39546,Keith Mitchell,39546,39546,Keith Mitchell,Keith Mitchell,K. Mitchell,,+4000,4000,0.024390243902439025,UP,2026-06-21T19:03:00Z,0.02078857287837984,,UP,
R2026026,R2026026,2414,Player Props,Player Props,PLAYER_PROPS,fanduel,Winner w/o McIlroy / Rahm / Scheffler,Winner w/o McIlroy / Rahm / Scheffler,SINGLE,1,2414|3|0|42.585619788,0,42.585619788,28723,John Parry,28723,28723,John Parry,John Parry,J. Parry,,+75000,75000,0.0013315579227696406,DOWN,2026-06-21T19:03:00Z,0.0011349287456905105,,DOWN,
R2026026,R2026026,2414,Player Props,Player Props,PLAYER_PROPS,fanduel,Winner w/o McIlroy / Rahm / Scheffler,Winner w/o McIlroy / Rahm / Scheffler,SINGLE,1,2414|3|0|42.585619788,0,42.585619788,46414,Aaron Rai,46414,46414,Aaron Rai,Aaron Rai,A. Rai,,+75000,75000,0.0013315579227696406,DOWN,2026-06-21T19:03:00Z,0.0011349287456905105,,DOWN,
R2026026,R2026026,2414,Player Props,Player Props,PLAYER_PROPS,fanduel,Winner w/o McIlroy / Rahm / Scheffler,Winner w/o McIlroy / Rahm / Scheffler,SINGLE,1,2414|3|0|42.585619788,0,42.585619788,46442,Maverick McNealy,46442,46442,Maverick McNealy,Maverick McNealy,M. McNealy,,+75000,75000,0.0013315579227696406,DOWN,2026-06-21T19:03:00Z,0.0011349287456905105,,DOWN,
R2026026,R2026026,2414,Player Props,Player Props,PLAYER_PROPS,fanduel,Winner w/o McIlroy / Rahm / Scheffler,Winner w/o McIlroy / Rahm / Scheffler,SINGLE,1,2414|3|0|42.585619788,0,42.585619788,31323,Gary Woodland,31323,31323,Gary Woodland,Gary Woodland,G. Woodland,,+75000,75000,0.0013315579227696406,DOWN,2026-06-21T19:03:00Z,0.0011349287456905105,,DOWN,
R2026026,R2026026,2414,Player Props,Player Props,PLAYER_PROPS,fanduel,Winner w/o McIlroy / Rahm / Scheffler,Winner w/o McIlroy / Rahm / Scheffler,SINGLE,1,2414|3|0|42.585619788,0,42.585619788,30911,Tommy Fleetwood,30911,30911,Tommy Fleetwood,Tommy Fleetwood,T. Fleetwood,,+1700,1700,0.05555555555555555,DOWN,2026-06-21T19:03:00Z,0.0473517493340874,,DOWN,
R2026026,R2026026,2414,Player Props,Player Props,PLAYER_PROPS,fanduel,Winner w/o McIlroy / Rahm / Scheffler,Winner w/o McIlroy / Rahm / Scheffler,SINGLE,1,2414|3|0|42.585619788,0,42.585619788,30925,Dustin Johnson,30925,30925,Dustin Johnson,Dustin Johnson,D. Johnson,,+75000,75000,0.0013315579227696406,DOWN,2026-06-21T19:03:00Z,0.0011349287456905105,,DOWN,
R2026026,R2026026,2414,Player Props,Player Props,PLAYER_PROPS,fanduel,Winner w/o McIlroy / Rahm / Scheffler,Winner w/o McIlroy / Rahm / Scheffler,SINGLE,1,2414|3|0|42.585619788,0,42.585619788,47504,Sam Burns,47504,47504,Sam Burns,Sam Burns,S. Burns,,+750,750,0.11764705882352941,UP,2026-06-21T19:03:00Z,0.10027429270747922,,UP,
R2026026,R2026026,2414,Player Props,Player Props,PLAYER_PROPS,fanduel,Winner w/o McIlroy / Rahm / Scheffler,Winner w/o McIlroy / Rahm / Scheffler,SINGLE,1,2414|3|0|42.585619788,0,42.585619788,33141,Keegan Bradley,33141,33141,Keegan Bradley,Keegan Bradley,K. Bradley,,+75000,75000,0.0013315579227696406,DOWN,2026-06-21T19:03:00Z,0.0011349287456905105,,DOWN,
R2026026,R2026026,2414,Player Props,Player Props,PLAYER_PROPS,fanduel,Winner w/o McIlroy / Rahm / Scheffler,Winner w/o McIlroy / Rahm / Scheffler,SINGLE,1,2414|3|0|42.585619788,0,42.585619788,50525,Collin Morikawa,50525,50525,Collin Morikawa,Collin Morikawa,C. Morikawa,,+10000,10000,0.009900990099009901,DOWN,2026-06-21T19:03:00Z,0.008438925623896766,,DOWN,
R2026026,R2026026,2414,Player Props,Player Props,PLAYER_PROPS,fanduel,Winner w/o McIlroy / Rahm / Scheffler,Winner w/o McIlroy / Rahm / Scheffler,SINGLE,1,2414|3|0|42.585619788,0,42.585619788,39971,Sungjae Im,39971,39971,Sungjae Im,Sungjae Im,S. Im,,+75000,75000,0.0013315579227696406,DOWN,2026-06-21T19:03:00Z,0.0011349287456905105,,DOWN,
R2026026,R2026026,2414,Player Props,Player Props,PLAYER_PROPS,fanduel,Winner w/o McIlroy / Rahm / Scheffler,Winner w/o McIlroy / Rahm / Scheffler,SINGLE,1,2414|3|0|42.585619788,0,42.585619788,51287,Ryo Hisatsune,51287,51287,Ryo Hisatsune,Ryo Hisatsune,R. Hisatsune,,+75000,75000,0.0013315579227696406,DOWN,2026-06-21T19:03:00Z,0.0011349287456905105,,DOWN,
R2026026,R2026026,2414,Player Props,Player Props,PLAYER_PROPS,fanduel,Winner w/o McIlroy / Rahm / Scheffler,Winner w/o McIlroy / Rahm / Scheffler,SINGLE,1,2414|3|0|42.585619788,0,42.585619788,40098,Matt Fitzpatrick,40098,40098,Matt Fitzpatrick,Matt Fitzpatrick,M. Fitzpatrick,,+25000,25000,0.00398406374501992,DOWN,2026-06-21T19:03:00Z,0.003395742980133758,,DOWN,
R2026026,R2026026,2414,Player Props,Player Props,PLAYER_PROPS,fanduel,Winner w/o McIlroy / Rahm / Scheffler,Winner w/o McIlroy / Rahm / Scheffler,SINGLE,1,2414|3|0|42.585619788,0,42.585619788,55721,Alex Fitzpatrick,55721,55721,Alex Fitzpatrick,Alex Fitzpatrick,A. Fitzpatrick,,+75000,75000,0.0013315579227696406,DOWN,2026-06-21T19:03:00Z,0.0011349287456905105,,DOWN,
R2026026,R2026026,2414,Player Props,Player Props,PLAYER_PROPS,fanduel,Winner w/o McIlroy / Rahm / Scheffler,Winner w/o McIlroy / Rahm / Scheffler,SINGLE,1,2414|3|0|42.585619788,0,42.585619788,48081,Xander Schauffele,48081,48081,Xander Schauffele,Xander Schauffele,X. Schauffele,,+3300,3300,0.029411764705882353,DOWN,2026-06-21T19:03:00Z,0.025068573176869804,,DOWN,
R2026026,R2026026,2414,Player Props,Player Props,PLAYER_PROPS,fanduel,Winner w/o McIlroy / Rahm / Scheffler,Winner w/o McIlroy / Rahm / Scheffler,SINGLE,1,2414|3|0|42.585619788,0,42.585619788,54591,Ben Griffin,54591,54591,Ben Griffin,Ben Griffin,B. Griffin,,+75000,75000,0.0013315579227696406,DOWN,2026-06-21T19:03:00Z,0.0011349287456905105,,DOWN,
R2026026,R2026026,2414,Player Props,Player Props,PLAYER_PROPS,fanduel,Winner w/o McIlroy / Rahm / Scheffler,Winner w/o McIlroy / Rahm / Scheffler,SINGLE,1,2414|3|0|42.585619788,0,42.585619788,56630,Akshay Bhatia,56630,56630,Akshay Bhatia,Akshay Bhatia,A. Bhatia,,+75000,75000,0.0013315579227696406,DOWN,2026-06-21T19:03:00Z,0.0011349287456905105,,DOWN,
R2026026,R2026026,2414,Player Props,Player Props,PLAYER_PROPS,fanduel,Winner w/o McIlroy / Rahm / Scheffler,Winner w/o McIlroy / Rahm / Scheffler,SINGLE,1,2414|3|0|42.585619788,0,42.585619788,55893,Sam Stevens,55893,55893,Sam Stevens,Sam Stevens,S. Stevens,,+4500,4500,0.021739130434782608,UP,2026-06-21T19:03:00Z,0.01852894539159942,,UP,
R2026026,R2026026,2414,Player Props,Player Props,PLAYER_PROPS,fanduel,Winner w/o McIlroy / Rahm / Scheffler,Winner w/o McIlroy / Rahm / Scheffler,SINGLE,1,2414|3|0|42.585619788,0,42.585619788,59836,Pierceson Coody,59836,59836,Pierceson Coody,Pierceson Coody,Pi. Coody,,+75000,75000,0.0013315579227696406,DOWN,2026-06-21T19:03:00Z,0.0011349287456905105,,DOWN,
R2026026,R2026026,2414,Player Props,Player Props,PLAYER_PROPS,fanduel,Winner w/o McIlroy / Rahm / Scheffler,Winner w/o McIlroy / Rahm / Scheffler,SINGLE,1,2414|3|0|42.585619788,0,42.585619788,51634,Sahith Theegala,51634,51634,Sahith Theegala,Sahith Theegala,S. Theegala,,+1900,1900,0.05,UP,2026-06-21T19:03:00Z,0.04261657440067867,,UP,
R2026026,R2026026,2414,Player Props,Player Props,PLAYER_PROPS,fanduel,Winner w/o McIlroy / Rahm / Scheffler,Winner w/o McIlroy / Rahm / Scheffler,SINGLE,1,2414|3|0|42.585619788,0,42.585619788,55182,Tom Kim,55182,55182,Tom Kim,Tom Kim,T. Kim,,+2000,2000,0.047619047619047616,UP,2026-06-21T19:03:00Z,0.04058721371493206,,UP,
R2026026,R2026026,2414,Player Props,Player Props,PLAYER_PROPS,fanduel,Winner w/o McIlroy / Rahm / Scheffler,Winner w/o McIlroy / Rahm / Scheffler,SINGLE,1,2414|3|0|42.585619788,0,42.585619788,70695,Ryder Cowan,70695,70695,Ryder Cowan,Ryder Cowan,R. Cowan,,+75000,75000,0.0013315579227696406,CONSTANT,2026-06-21T19:03:00Z,0.0011349287456905105,,CONSTANT,
R2026026,R2026026,2417,Nationality,Nationality,NATIONALITY,fanduel,Top Asian,Top Asian,SINGLE,1,2417|0|0|42.585804824,0,42.585804824,39971,Sungjae Im,39971,39971,Sungjae Im,Sungjae Im,S. Im,,+1900,1900,0.05,DOWN,2026-06-21T19:03:00Z,0.04843871028315247,,DOWN,
R2026026,R2026026,2417,Nationality,Nationality,NATIONALITY,fanduel,Top Asian,Top Asian,SINGLE,1,2417|0|0|42.585804824,0,42.585804824,51287,Ryo Hisatsune,51287,51287,Ryo Hisatsune,Ryo Hisatsune,R. Hisatsune,,+15000,15000,0.006622516556291391,DOWN,2026-06-21T19:03:00Z,0.006415723216311585,,DOWN,
R2026026,R2026026,2417,Nationality,Nationality,NATIONALITY,fanduel,Top Asian,Top Asian,SINGLE,1,2417|0|0|42.585804824,0,42.585804824,55182,Tom Kim,55182,55182,Tom Kim,Tom Kim,T. Kim,,-4000,-4000,0.975609756097561,UP,2026-06-21T19:03:00Z,0.9451455665005358,,UP,
R2026026,R2026026,2417,Nationality,Nationality,NATIONALITY,fanduel,Top English Player,Top English Player,SINGLE,1,2417|1|0|42.585804803,0,42.585804803,34363,Tyrrell Hatton,34363,34363,Tyrrell Hatton,Tyrrell Hatton,T. Hatton,,+1000,1000,0.09090909090909091,DOWN,2026-06-21T19:03:00Z,0.07960737677275068,,DOWN,
R2026026,R2026026,2417,Nationality,Nationality,NATIONALITY,fanduel,Top English Player,Top English Player,SINGLE,1,2417|1|0|42.585804803,0,42.585804803,28723,John Parry,28723,28723,John Parry,John Parry,J. Parry,,+1400,1400,0.06666666666666667,UP,2026-06-21T19:03:00Z,0.05837874296668383,,UP,
R2026026,R2026026,2417,Nationality,Nationality,NATIONALITY,fanduel,Top English Player,Top English Player,SINGLE,1,2417|1|0|42.585804803,0,42.585804803,46414,Aaron Rai,46414,46414,Aaron Rai,Aaron Rai,A. Rai,,+2200,2200,0.043478260869565216,DOWN,2026-06-21T19:03:00Z,0.038073093239141625,,DOWN,
R2026026,R2026026,2417,Nationality,Nationality,NATIONALITY,fanduel,Top English Player,Top English Player,SINGLE,1,2417|1|0|42.585804803,0,42.585804803,30911,Tommy Fleetwood,30911,30911,Tommy Fleetwood,Tommy Fleetwood,T. Fleetwood,,-290,-290,0.7435897435897436,UP,2026-06-21T19:03:00Z,0.6511475177053196,,UP,
R2026026,R2026026,2417,Nationality,Nationality,NATIONALITY,fanduel,Top English Player,Top English Player,SINGLE,1,2417|1|0|42.585804803,0,42.585804803,40098,Matt Fitzpatrick,40098,40098,Matt Fitzpatrick,Matt Fitzpatrick,M. Fitzpatrick,,+550,550,0.15384615384615385,DOWN,2026-06-21T19:03:00Z,0.13472017607696268,,DOWN,
R2026026,R2026026,2417,Nationality,Nationality,NATIONALITY,fanduel,Top English Player,Top English Player,SINGLE,1,2417|1|0|42.585804803,0,42.585804803,55721,Alex Fitzpatrick,55721,55721,Alex Fitzpatrick,Alex Fitzpatrick,A. Fitzpatrick,,+2200,2200,0.043478260869565216,DOWN,2026-06-21T19:03:00Z,0.038073093239141625,,DOWN,
R2026026,R2026026,2417,Nationality,Nationality,NATIONALITY,fanduel,Top European Player,Top European Player,SINGLE,1,2417|2|0|42.585804817,0,42.585804817,34363,Tyrrell Hatton,34363,34363,Tyrrell Hatton,Tyrrell Hatton,T. Hatton,,+1000,1000,0.09090909090909091,UP,2026-06-21T19:03:00Z,0.07891972981426898,,UP,
R2026026,R2026026,2417,Nationality,Nationality,NATIONALITY,fanduel,Top European Player,Top European Player,SINGLE,1,2417|2|0|42.585804817,0,42.585804817,28723,John Parry,28723,28723,John Parry,John Parry,J. Parry,,+1400,1400,0.06666666666666667,UP,2026-06-21T19:03:00Z,0.05787446853046392,,UP,
R2026026,R2026026,2417,Nationality,Nationality,NATIONALITY,fanduel,Top European Player,Top European Player,SINGLE,1,2417|2|0|42.585804817,0,42.585804817,46414,Aaron Rai,46414,46414,Aaron Rai,Aaron Rai,A. Rai,,+2200,2200,0.043478260869565216,CONSTANT,2026-06-21T19:03:00Z,0.037744218606824295,,CONSTANT,
R2026026,R2026026,2417,Nationality,Nationality,NATIONALITY,fanduel,Top European Player,Top European Player,SINGLE,1,2417|2|0|42.585804817,0,42.585804817,30911,Tommy Fleetwood,30911,30911,Tommy Fleetwood,Tommy Fleetwood,T. Fleetwood,,-290,-290,0.7435897435897436,UP,2026-06-21T19:03:00Z,0.6455229182244053,,UP,
R2026026,R2026026,2417,Nationality,Nationality,NATIONALITY,fanduel,Top European Player,Top European Player,SINGLE,1,2417|2|0|42.585804817,0,42.585804817,40098,Matt Fitzpatrick,40098,40098,Matt Fitzpatrick,Matt Fitzpatrick,M. Fitzpatrick,,+550,550,0.15384615384615385,UP,2026-06-21T19:03:00Z,0.13355646583953212,,UP,
R2026026,R2026026,2417,Nationality,Nationality,NATIONALITY,fanduel,Top European Player,Top European Player,SINGLE,1,2417|2|0|42.585804817,0,42.585804817,55721,Alex Fitzpatrick,55721,55721,Alex Fitzpatrick,Alex Fitzpatrick,A. Fitzpatrick,,+2200,2200,0.043478260869565216,UP,2026-06-21T19:03:00Z,0.037744218606824295,,UP,
R2026026,R2026026,2417,Nationality,Nationality,NATIONALITY,fanduel,Top European Player,Top European Player,SINGLE,1,2417|2|0|42.585804817,0,42.585804817,28237,Rory McIlroy,28237,28237,Rory McIlroy,Rory McIlroy,R. McIlroy,,+20000,20000,0.004975124378109453,DOWN,2026-06-21T19:03:00Z,0.004318990188840591,,DOWN,
R2026026,R2026026,2417,Nationality,Nationality,NATIONALITY,fanduel,Top European Player,Top European Player,SINGLE,1,2417|2|0|42.585804817,0,42.585804817,52955,Ludvig Åberg,52955,52955,Ludvig Åberg,Ludvig Åberg,L. Åberg,,+20000,20000,0.004975124378109453,DOWN,2026-06-21T19:03:00Z,0.004318990188840591,,DOWN,
R2026026,R2026026,2417,Nationality,Nationality,NATIONALITY,fanduel,Top Korean Player,Top Korean Player,SINGLE,1,2417|3|0|42.585804802,0,42.585804802,39971,Sungjae Im,39971,39971,Sungjae Im,Sungjae Im,S. Im,,+1700,1700,0.05555555555555555,DOWN,2026-06-21T19:03:00Z,0.05362776025236594,,DOWN,
R2026026,R2026026,2417,Nationality,Nationality,NATIONALITY,fanduel,Top Korean Player,Top Korean Player,SINGLE,1,2417|3|0|42.585804802,0,42.585804802,55182,Tom Kim,55182,55182,Tom Kim,Tom Kim,T. Kim,,-5000,-5000,0.9803921568627451,UP,2026-06-21T19:03:00Z,0.9463722397476342,,UP,
R2026026,R2026026,2417,Nationality,Nationality,NATIONALITY,fanduel,Top North American Player,Top North American Player,SINGLE,1,2417|4|0|42.585804820,0,42.585804820,40058,Zac Blair,40058,40058,Zac Blair,Zac Blair,Z. Blair,,+20000,20000,0.004975124378109453,CONSTANT,2026-06-21T19:03:00Z,0.0022838505058792842,,CONSTANT,
R2026026,R2026026,2417,Nationality,Nationality,NATIONALITY,fanduel,Top North American Player,Top North American Player,SINGLE,1,2417|4|0|42.585804820,0,42.585804820,51766,Wyndham Clark,51766,51766,Wyndham Clark,Wyndham Clark,W. Clark,,-320,-320,0.7619047619047619,UP,2026-06-21T19:03:00Z,0.34975539175751325,,UP,
R2026026,R2026026,2417,Nationality,Nationality,NATIONALITY,fanduel,Top North American Player,Top North American Player,SINGLE,1,2417|4|0|42.585804820,0,42.585804820,27644,Brian Harman,27644,27644,Brian Harman,Brian Harman,B. Harman,,+20000,20000,0.004975124378109453,DOWN,2026-06-21T19:03:00Z,0.0022838505058792842,,DOWN,
R2026026,R2026026,2417,Nationality,Nationality,NATIONALITY,fanduel,Top North American Player,Top North American Player,SINGLE,1,2417|4|0|42.585804820,0,42.585804820,49771,J.T. Poston,49771,49771,J.T. Poston,J.T. Poston,J.T. Poston,,+15000,15000,0.006622516556291391,DOWN,2026-06-21T19:03:00Z,0.003040092395243286,,DOWN,
R2026026,R2026026,2417,Nationality,Nationality,NATIONALITY,fanduel,Top North American Player,Top North American Player,SINGLE,1,2417|4|0|42.585804820,0,42.585804820,39997,Corey Conners,39997,39997,Corey Conners,Corey Conners,C. Conners,,+20000,20000,0.004975124378109453,DOWN,2026-06-21T19:03:00Z,0.0022838505058792842,,DOWN,
R2026026,R2026026,2417,Nationality,Nationality,NATIONALITY,fanduel,Top North American Player,Top North American Player,SINGLE,1,2417|4|0|42.585804820,0,42.585804820,39546,Keith Mitchell,39546,39546,Keith Mitchell,Keith Mitchell,K. Mitchell,,+4000,4000,0.024390243902439025,UP,2026-06-21T19:03:00Z,0.011196437845896004,,UP,
R2026026,R2026026,2417,Nationality,Nationality,NATIONALITY,fanduel,Top North American Player,Top North American Player,SINGLE,1,2417|4|0|42.585804820,0,42.585804820,31323,Gary Woodland,31323,31323,Gary Woodland,Gary Woodland,G. Woodland,,0,0,1.0,UP,2026-06-21T19:03:00Z,0.4590539516817361,,UP,
R2026026,R2026026,2417,Nationality,Nationality,NATIONALITY,fanduel,Top North American Player,Top North American Player,SINGLE,1,2417|4|0|42.585804820,0,42.585804820,47504,Sam Burns,47504,47504,Sam Burns,Sam Burns,S. Burns,,+700,700,0.125,UP,2026-06-21T19:03:00Z,0.057381743960217016,,UP,
R2026026,R2026026,2417,Nationality,Nationality,NATIONALITY,fanduel,Top North American Player,Top North American Player,SINGLE,1,2417|4|0|42.585804820,0,42.585804820,33141,Keegan Bradley,33141,33141,Keegan Bradley,Keegan Bradley,K. Bradley,,+20000,20000,0.004975124378109453,DOWN,2026-06-21T19:03:00Z,0.0022838505058792842,,DOWN,
R2026026,R2026026,2417,Nationality,Nationality,NATIONALITY,fanduel,Top North American Player,Top North American Player,SINGLE,1,2417|4|0|42.585804820,0,42.585804820,50525,Collin Morikawa,50525,50525,Collin Morikawa,Collin Morikawa,C. Morikawa,,+7500,7500,0.013157894736842105,DOWN,2026-06-21T19:03:00Z,0.006040183574759686,,DOWN,
R2026026,R2026026,2417,Nationality,Nationality,NATIONALITY,fanduel,Top North American Player,Top North American Player,SINGLE,1,2417|4|0|42.585804820,0,42.585804820,46046,Scottie Scheffler,46046,46046,Scottie Scheffler,Scottie Scheffler,S. Scheffler,,+850,850,0.10526315789473684,DOWN,2026-06-21T19:03:00Z,0.04832146859807749,,DOWN,
R2026026,R2026026,2417,Nationality,Nationality,NATIONALITY,fanduel,Top North American Player,Top North American Player,SINGLE,1,2417|4|0|42.585804820,0,42.585804820,48081,Xander Schauffele,48081,48081,Xander Schauffele,Xander Schauffele,X. Schauffele,,+3000,3000,0.03225806451612903,DOWN,2026-06-21T19:03:00Z,0.014808191989733424,,DOWN,
R2026026,R2026026,2417,Nationality,Nationality,NATIONALITY,fanduel,Top North American Player,Top North American Player,SINGLE,1,2417|4|0|42.585804820,0,42.585804820,56630,Akshay Bhatia,56630,56630,Akshay Bhatia,Akshay Bhatia,A. Bhatia,,+20000,20000,0.004975124378109453,DOWN,2026-06-21T19:03:00Z,0.0022838505058792842,,DOWN,
R2026026,R2026026,2417,Nationality,Nationality,NATIONALITY,fanduel,Top North American Player,Top North American Player,SINGLE,1,2417|4|0|42.585804820,0,42.585804820,55893,Sam Stevens,55893,55893,Sam Stevens,Sam Stevens,S. Stevens,,+4000,4000,0.024390243902439025,UP,2026-06-21T19:03:00Z,0.011196437845896004,,UP,
R2026026,R2026026,2417,Nationality,Nationality,NATIONALITY,fanduel,Top North American Player,Top North American Player,SINGLE,1,2417|4|0|42.585804820,0,42.585804820,51634,Sahith Theegala,51634,51634,Sahith Theegala,Sahith Theegala,S. Theegala,,+1700,1700,0.05555555555555555,UP,2026-06-21T19:03:00Z,0.025502997315652007,,UP,
R2026026,R2026026,2417,Nationality,Nationality,NATIONALITY,fanduel,Top North American Player,Top North American Player,SINGLE,1,2417|4|0|42.585804820,0,42.585804820,70695,Ryder Cowan,70695,70695,Ryder Cowan,Ryder Cowan,R. Cowan,,+20000,20000,0.004975124378109453,CONSTANT,2026-06-21T19:03:00Z,0.0022838505058792842,,CONSTANT,
R2026026,R2026026,2417,Nationality,Nationality,NATIONALITY,fanduel,Top Rest of the World Player,Top Rest of the World Player,SINGLE,1,2417|5|0|42.585804798,0,42.585804798,31646,Emiliano Grillo,31646,31646,Emiliano Grillo,Emiliano Grillo,E. Grillo,,+380,380,0.20833333333333334,UP,2026-06-21T19:03:00Z,0.18541972906344073,,UP,
R2026026,R2026026,2417,Nationality,Nationality,NATIONALITY,fanduel,Top Rest of the World Player,Top Rest of the World Player,SINGLE,1,2417|5|0|42.585804798,0,42.585804798,39997,Corey Conners,39997,39997,Corey Conners,Corey Conners,C. Conners,,+4000,4000,0.024390243902439025,DOWN,2026-06-21T19:03:00Z,0.02170767559767111,,DOWN,
R2026026,R2026026,2417,Nationality,Nationality,NATIONALITY,fanduel,Top Rest of the World Player,Top Rest of the World Player,SINGLE,1,2417|5|0|42.585804798,0,42.585804798,45486,Joaquin Niemann,45486,45486,Joaquin Niemann,Joaquin Niemann,J. Niemann,,+500,500,0.16666666666666666,UP,2026-06-21T19:03:00Z,0.14833578325075256,,UP,
R2026026,R2026026,2417,Nationality,Nationality,NATIONALITY,fanduel,Top Rest of the World Player,Top Rest of the World Player,SINGLE,1,2417|5|0|42.585804798,0,42.585804798,39971,Sungjae Im,39971,39971,Sungjae Im,Sungjae Im,S. Im,,+10000,10000,0.009900990099009901,DOWN,2026-06-21T19:03:00Z,0.00881202672776748,,DOWN,
R2026026,R2026026,2417,Nationality,Nationality,NATIONALITY,fanduel,Top Rest of the World Player,Top Rest of the World Player,SINGLE,1,2417|5|0|42.585804798,0,42.585804798,55182,Tom Kim,55182,55182,Tom Kim,Tom Kim,T. Kim,,-250,-250,0.7142857142857143,UP,2026-06-21T19:03:00Z,0.6357247853603681,,UP,
R2026026,R2026026,2417,Nationality,Nationality,NATIONALITY,fanduel,Top South American Player,Top South American Player,SINGLE,1,2417|6|0|42.585804799,0,42.585804799,31646,Emiliano Grillo,31646,31646,Emiliano Grillo,Emiliano Grillo,E. Grillo,,+140,140,0.4166666666666667,UP,2026-06-21T19:03:00Z,0.3808353808353809,,UP,
R2026026,R2026026,2417,Nationality,Nationality,NATIONALITY,fanduel,Top South American Player,Top South American Player,SINGLE,1,2417|6|0|42.585804799,0,42.585804799,45486,Joaquin Niemann,45486,45486,Joaquin Niemann,Joaquin Niemann,J. Niemann,,-210,-210,0.6774193548387096,UP,2026-06-21T19:03:00Z,0.6191646191646192,,UP,
R2026026,R2026026,2417,Nationality,Nationality,NATIONALITY,fanduel,Top UK and Ireland,Top UK and Ireland,SINGLE,1,2417|7|0|42.585804804,0,42.585804804,34363,Tyrrell Hatton,34363,34363,Tyrrell Hatton,Tyrrell Hatton,T. Hatton,,+1000,1000,0.09090909090909091,DOWN,2026-06-21T19:03:00Z,0.0792620618818841,,DOWN,
R2026026,R2026026,2417,Nationality,Nationality,NATIONALITY,fanduel,Top UK and Ireland,Top UK and Ireland,SINGLE,1,2417|7|0|42.585804804,0,42.585804804,28723,John Parry,28723,28723,John Parry,John Parry,J. Parry,,+1400,1400,0.06666666666666667,UP,2026-06-21T19:03:00Z,0.05812551204671501,,UP,
R2026026,R2026026,2417,Nationality,Nationality,NATIONALITY,fanduel,Top UK and Ireland,Top UK and Ireland,SINGLE,1,2417|7|0|42.585804804,0,42.585804804,46414,Aaron Rai,46414,46414,Aaron Rai,Aaron Rai,A. Rai,,+2200,2200,0.043478260869565216,DOWN,2026-06-21T19:03:00Z,0.03790794263916196,,DOWN,
R2026026,R2026026,2417,Nationality,Nationality,NATIONALITY,fanduel,Top UK and Ireland,Top UK and Ireland,SINGLE,1,2417|7|0|42.585804804,0,42.585804804,30911,Tommy Fleetwood,30911,30911,Tommy Fleetwood,Tommy Fleetwood,T. Fleetwood,,-290,-290,0.7435897435897436,UP,2026-06-21T19:03:00Z,0.6483230189825905,,UP,
R2026026,R2026026,2417,Nationality,Nationality,NATIONALITY,fanduel,Top UK and Ireland,Top UK and Ireland,SINGLE,1,2417|7|0|42.585804804,0,42.585804804,40098,Matt Fitzpatrick,40098,40098,Matt Fitzpatrick,Matt Fitzpatrick,M. Fitzpatrick,,+550,550,0.15384615384615385,DOWN,2026-06-21T19:03:00Z,0.1341357970308808,,DOWN,
R2026026,R2026026,2417,Nationality,Nationality,NATIONALITY,fanduel,Top UK and Ireland,Top UK and Ireland,SINGLE,1,2417|7|0|42.585804804,0,42.585804804,55721,Alex Fitzpatrick,55721,55721,Alex Fitzpatrick,Alex Fitzpatrick,A. Fitzpatrick,,+2200,2200,0.043478260869565216,DOWN,2026-06-21T19:03:00Z,0.03790794263916196,,DOWN,
R2026026,R2026026,2417,Nationality,Nationality,NATIONALITY,fanduel,Top UK and Ireland,Top UK and Ireland,SINGLE,1,2417|7|0|42.585804804,0,42.585804804,28237,Rory McIlroy,28237,28237,Rory McIlroy,Rory McIlroy,R. McIlroy,,+20000,20000,0.004975124378109453,DOWN,2026-06-21T19:03:00Z,0.004337724779605597,,DOWN,
R2026026,R2026026,2417,Nationality,Nationality,NATIONALITY,fanduel,Top USA,Top USA,SINGLE,1,2417|8|0|42.585804826,0,42.585804826,40058,Zac Blair,40058,40058,Zac Blair,Zac Blair,Z. Blair,,+20000,20000,0.004975124378109453,CONSTANT,2026-06-21T19:03:00Z,0.0022890784187840217,,CONSTANT,
R2026026,R2026026,2417,Nationality,Nationality,NATIONALITY,fanduel,Top USA,Top USA,SINGLE,1,2417|8|0|42.585804826,0,42.585804826,51766,Wyndham Clark,51766,51766,Wyndham Clark,Wyndham Clark,W. Clark,,-320,-320,0.7619047619047619,UP,2026-06-21T19:03:00Z,0.3505560092766387,,UP,
R2026026,R2026026,2417,Nationality,Nationality,NATIONALITY,fanduel,Top USA,Top USA,SINGLE,1,2417|8|0|42.585804826,0,42.585804826,27644,Brian Harman,27644,27644,Brian Harman,Brian Harman,B. Harman,,+20000,20000,0.004975124378109453,DOWN,2026-06-21T19:03:00Z,0.0022890784187840217,,DOWN,
R2026026,R2026026,2417,Nationality,Nationality,NATIONALITY,fanduel,Top USA,Top USA,SINGLE,1,2417|8|0|42.585804826,0,42.585804826,49771,J.T. Poston,49771,49771,J.T. Poston,J.T. Poston,J.T. Poston,,+15000,15000,0.006622516556291391,DOWN,2026-06-21T19:03:00Z,0.0030470514051363466,,DOWN,
R2026026,R2026026,2417,Nationality,Nationality,NATIONALITY,fanduel,Top USA,Top USA,SINGLE,1,2417|8|0|42.585804826,0,42.585804826,39546,Keith Mitchell,39546,39546,Keith Mitchell,Keith Mitchell,K. Mitchell,,+4000,4000,0.024390243902439025,UP,2026-06-21T19:03:00Z,0.011222067370136302,,UP,
R2026026,R2026026,2417,Nationality,Nationality,NATIONALITY,fanduel,Top USA,Top USA,SINGLE,1,2417|8|0|42.585804826,0,42.585804826,31323,Gary Woodland,31323,31323,Gary Woodland,Gary Woodland,G. Woodland,,0,0,1.0,UP,2026-06-21T19:03:00Z,0.4601047621755884,,UP,
R2026026,R2026026,2417,Nationality,Nationality,NATIONALITY,fanduel,Top USA,Top USA,SINGLE,1,2417|8|0|42.585804826,0,42.585804826,47504,Sam Burns,47504,47504,Sam Burns,Sam Burns,S. Burns,,+700,700,0.125,UP,2026-06-21T19:03:00Z,0.05751309527194855,,UP,
R2026026,R2026026,2417,Nationality,Nationality,NATIONALITY,fanduel,Top USA,Top USA,SINGLE,1,2417|8|0|42.585804826,0,42.585804826,33141,Keegan Bradley,33141,33141,Keegan Bradley,Keegan Bradley,K. Bradley,,+20000,20000,0.004975124378109453,DOWN,2026-06-21T19:03:00Z,0.0022890784187840217,,DOWN,
R2026026,R2026026,2417,Nationality,Nationality,NATIONALITY,fanduel,Top USA,Top USA,SINGLE,1,2417|8|0|42.585804826,0,42.585804826,50525,Collin Morikawa,50525,50525,Collin Morikawa,Collin Morikawa,C. Morikawa,,+7500,7500,0.013157894736842105,DOWN,2026-06-21T19:03:00Z,0.0060540100286261625,,DOWN,
R2026026,R2026026,2417,Nationality,Nationality,NATIONALITY,fanduel,Top USA,Top USA,SINGLE,1,2417|8|0|42.585804826,0,42.585804826,46046,Scottie Scheffler,46046,46046,Scottie Scheffler,Scottie Scheffler,S. Scheffler,,+850,850,0.10526315789473684,DOWN,2026-06-21T19:03:00Z,0.0484320802290093,,DOWN,
R2026026,R2026026,2417,Nationality,Nationality,NATIONALITY,fanduel,Top USA,Top USA,SINGLE,1,2417|8|0|42.585804826,0,42.585804826,48081,Xander Schauffele,48081,48081,Xander Schauffele,Xander Schauffele,X. Schauffele,,+3000,3000,0.03225806451612903,DOWN,2026-06-21T19:03:00Z,0.014842089102438333,,DOWN,
R2026026,R2026026,2417,Nationality,Nationality,NATIONALITY,fanduel,Top USA,Top USA,SINGLE,1,2417|8|0|42.585804826,0,42.585804826,56630,Akshay Bhatia,56630,56630,Akshay Bhatia,Akshay Bhatia,A. Bhatia,,+20000,20000,0.004975124378109453,DOWN,2026-06-21T19:03:00Z,0.0022890784187840217,,DOWN,
R2026026,R2026026,2417,Nationality,Nationality,NATIONALITY,fanduel,Top USA,Top USA,SINGLE,1,2417|8|0|42.585804826,0,42.585804826,55893,Sam Stevens,55893,55893,Sam Stevens,Sam Stevens,S. Stevens,,+4000,4000,0.024390243902439025,UP,2026-06-21T19:03:00Z,0.011222067370136302,,UP,
R2026026,R2026026,2417,Nationality,Nationality,NATIONALITY,fanduel,Top USA,Top USA,SINGLE,1,2417|8|0|42.585804826,0,42.585804826,51634,Sahith Theegala,51634,51634,Sahith Theegala,Sahith Theegala,S. Theegala,,+1700,1700,0.05555555555555555,UP,2026-06-21T19:03:00Z,0.025561375676421572,,UP,
R2026026,R2026026,2417,Nationality,Nationality,NATIONALITY,fanduel,Top USA,Top USA,SINGLE,1,2417|8|0|42.585804826,0,42.585804826,70695,Ryder Cowan,70695,70695,Ryder Cowan,Ryder Cowan,R. Cowan,,+20000,20000,0.004975124378109453,CONSTANT,2026-06-21T19:03:00Z,0.0022890784187840217,,CONSTANT,
R2026026,R2026026,2418,Tournament Props,Tournament Props,TOURNAMENT_PROPS,fanduel,Round 4 - Bogey Free Round,Round 4 - Bogey Free Round,SINGLE,1,2418|0|0|42.587093198,0,42.587093198,39546,Keith Mitchell,39546,39546,Keith Mitchell,Keith Mitchell,K. Mitchell,,+1800,1800,0.05263157894736842,UP,2026-06-21T19:03:00Z,0.3333333333333333,,UP,
R2026026,R2026026,2418,Tournament Props,Tournament Props,TOURNAMENT_PROPS,fanduel,Round 4 - Bogey Free Round,Round 4 - Bogey Free Round,SINGLE,1,2418|0|0|42.587093198,0,42.587093198,30911,Tommy Fleetwood,30911,30911,Tommy Fleetwood,Tommy Fleetwood,T. Fleetwood,,+850,850,0.10526315789473684,UP,2026-06-21T19:03:00Z,0.6666666666666666,,UP,
R2026026,R2026026,2418,Tournament Props,Tournament Props,TOURNAMENT_PROPS,fanduel,Top Lefty Player,Top Lefty Player,SINGLE,1,2418|1|0|42.586035073,0,42.586035073,27644,Brian Harman,27644,27644,Brian Harman,Brian Harman,B. Harman,,-145,-145,0.5918367346938775,UP,2026-06-21T19:03:00Z,0.5257983041674184,,UP,
R2026026,R2026026,2418,Tournament Props,Tournament Props,TOURNAMENT_PROPS,fanduel,Top Lefty Player,Top Lefty Player,SINGLE,1,2418|1|0|42.586035073,0,42.586035073,52215,Robert MacIntyre,52215,52215,Robert MacIntyre,Robert MacIntyre,R. MacIntyre,,+20000,20000,0.004975124378109453,DOWN,2026-06-21T19:03:00Z,0.004419989175536713,,DOWN,
R2026026,R2026026,2418,Tournament Props,Tournament Props,TOURNAMENT_PROPS,fanduel,Top Lefty Player,Top Lefty Player,SINGLE,1,2418|1|0|42.586035073,0,42.586035073,56630,Akshay Bhatia,56630,56630,Akshay Bhatia,Akshay Bhatia,A. Bhatia,,-110,-110,0.5238095238095238,UP,2026-06-21T19:03:00Z,0.4653617174815082,,UP,
R2026026,R2026026,2418,Tournament Props,Tournament Props,TOURNAMENT_PROPS,fanduel,Top Lefty Player,Top Lefty Player,SINGLE,1,2418|1|0|42.586035073,0,42.586035073,66290,Miles Russell,66290,66290,Miles Russell,Miles Russell,M. Russell,,+20000,20000,0.004975124378109453,DOWN,2026-06-21T19:03:00Z,0.004419989175536713,,DOWN,
