recommendation_id,run_id,recommended_at,tournament_id,recommendation_rank,bet_type,market,book,player_name,selection_label,card_id,title,selection_count,priced_legs,unpriced_legs,selection_labels,selection_labels_json,odds_american,book_prob,model_prob,edge_pts,ev_per_1,confidence,corroboration_score,corroborated,group_members,status,stake_units,kelly_fraction,outcome_status,outcome_win,pnl_per_1,roi_pct,closing_odds_american,closing_implied_prob,clv_pts,graded_at,live_score_rank,rounds_complete,is_live_rec
7d8d91561a67d251,2026-05-25T01:00:36Z,2026-05-25T01:00:36Z,R2026019,1,single,top10,draftkings,Jordan Spieth,Jordan Spieth Top10,,,1,1,0,,"[""Jordan Spieth top10""]",1600,0.052885,0.4456,39.2715,6.5752,0.6964,0,False,,priced,1.0,0.0,pending,,,,,,,,6,2,True
288820f61e9ed8df,2026-05-25T01:00:36Z,2026-05-25T01:00:36Z,R2026019,2,single,top10,fanduel,Jordan Spieth,Jordan Spieth Top10,,,1,1,0,,"[""Jordan Spieth top10""]",1700,0.061987,0.4456,38.3613,7.0208,0.6918,0,False,,priced,1.0,0.0,pending,,,,,,,,6,2,True
511f9bfdbedbc1c0,2026-05-25T01:00:36Z,2026-05-25T01:00:36Z,R2026019,3,single,top10,pointsbet,Jordan Spieth,Jordan Spieth Top10,,,1,1,0,,"[""Jordan Spieth top10""]",1300,0.062362,0.4456,38.3238,5.2384,0.6916,0,False,,priced,1.0,0.0,pending,,,,,,,,6,2,True
e0848c4de38dc2b0,2026-05-25T01:00:36Z,2026-05-25T01:00:36Z,R2026019,4,single,top10,bet365,Jordan Spieth,Jordan Spieth Top10,,,1,1,0,,"[""Jordan Spieth top10""]",1400,0.06992,0.4456,37.568,5.684,0.6878,0,False,,priced,1.0,0.0,pending,,,,,,,,6,2,True
e820cf0e6958bb0c,2026-05-25T01:00:36Z,2026-05-25T01:00:36Z,R2026019,5,single,top10,pointsbet,Kensei Hirata,Kensei Hirata Top10,,,1,1,0,,"[""Kensei Hirata top10""]",400,0.174614,0.4817,30.7086,1.4085,0.6535,0,False,,priced,1.0,0.0,pending,,,,,,,,5,2,True
efb29d1b9c6b35ae,2026-05-25T01:00:36Z,2026-05-25T01:00:36Z,R2026019,6,single,top10,draftkings,Kensei Hirata,Kensei Hirata Top10,,,1,1,0,,"[""Kensei Hirata top10""]",395,0.181624,0.4817,30.0076,1.3844,0.65,0,False,,priced,1.0,0.0,pending,,,,,,,,5,2,True
6b0ef62938183f2c,2026-05-25T01:00:36Z,2026-05-25T01:00:36Z,R2026019,7,single,top10,bet365,Kensei Hirata,Kensei Hirata Top10,,,1,1,0,,"[""Kensei Hirata top10""]",400,0.20976,0.4817,27.194,1.4085,0.636,0,False,,priced,1.0,0.0,pending,,,,,,,,5,2,True
7321d90ece0e7b45,2026-05-25T01:00:36Z,2026-05-25T01:00:36Z,R2026019,8,single,top10,fanduel,Kensei Hirata,Kensei Hirata Top10,,,1,1,0,,"[""Kensei Hirata top10""]",430,0.210523,0.4817,27.1177,1.553,0.6356,0,False,,priced,1.0,0.0,pending,,,,,,,,5,2,True
eeea417b236da341,2026-05-25T01:00:36Z,2026-05-25T01:00:36Z,R2026019,9,single,top10,draftkings,Tyler Duncan,Tyler Duncan Top10,,,1,1,0,,"[""Tyler Duncan top10""]",4300,0.020433,0.2876,26.7167,11.6544,0.6336,0,False,,priced,1.0,0.0,pending,,,,,,,,11,2,True
e6c7aea967f6d16e,2026-05-25T01:00:36Z,2026-05-25T01:00:36Z,R2026019,10,single,top10,fanduel,Tyler Duncan,Tyler Duncan Top10,,,1,1,0,,"[""Tyler Duncan top10""]",4000,0.027214,0.2876,26.0386,10.7916,0.6302,0,False,,priced,1.0,0.0,pending,,,,,,,,11,2,True
70804e1b79378e6e,2026-05-25T01:00:36Z,2026-05-25T01:00:36Z,R2026019,11,single,top10,bet365,Tyler Duncan,Tyler Duncan Top10,,,1,1,0,,"[""Tyler Duncan top10""]",3500,0.029133,0.2876,25.8467,9.3536,0.6292,0,False,,priced,1.0,0.0,pending,,,,,,,,11,2,True
af09b4392fdef276,2026-05-25T01:00:36Z,2026-05-25T01:00:36Z,R2026019,12,single,top10,pointsbet,Tyler Duncan,Tyler Duncan Top10,,,1,1,0,,"[""Tyler Duncan top10""]",2800,0.030106,0.2876,25.7494,7.3404,0.6287,0,False,,priced,1.0,0.0,pending,,,,,,,,11,2,True
6493565c4c603e87,2026-05-25T01:00:36Z,2026-05-25T01:00:36Z,R2026019,13,single,top5,draftkings,Jordan Spieth,Jordan Spieth Top5,,,1,1,0,,"[""Jordan Spieth top5""]",14000,0.0064,0.2479,24.15,33.9539,0.6207,0,False,,priced,1.0,0.0,pending,,,,,,,,6,2,True
044ebb521eea4912,2026-05-25T01:00:36Z,2026-05-25T01:00:36Z,R2026019,14,single,top5,bet365,Jordan Spieth,Jordan Spieth Top5,,,1,1,0,,"[""Jordan Spieth top5""]",11000,0.007837,0.2479,24.0063,26.5169,0.62,0,False,,priced,1.0,0.0,pending,,,,,,,,6,2,True
b42149be17d6d14c,2026-05-25T01:00:36Z,2026-05-25T01:00:36Z,R2026019,15,single,top5,caesars,Jordan Spieth,Jordan Spieth Top5,,,1,1,0,,"[""Jordan Spieth top5""]",9000,0.009506,0.2479,23.8394,21.5589,0.6192,0,False,,priced,1.0,0.0,pending,,,,,,,,6,2,True
bfa99fc1283efab2,2026-05-25T01:00:36Z,2026-05-25T01:00:36Z,R2026019,16,single,top5,pointsbet,Jordan Spieth,Jordan Spieth Top5,,,1,1,0,,"[""Jordan Spieth top5""]",7000,0.011289,0.2479,23.6611,16.6009,0.6183,0,False,,priced,1.0,0.0,pending,,,,,,,,6,2,True
e6b8abb023af9964,2026-05-25T01:00:36Z,2026-05-25T01:00:36Z,R2026019,17,single,top5,draftkings,Kensei Hirata,Kensei Hirata Top5,,,1,1,0,,"[""Kensei Hirata top5""]",2200,0.039235,0.2742,23.4965,5.3066,0.6175,0,False,,priced,1.0,0.0,pending,,,,,,,,5,2,True
00c510520451728f,2026-05-25T01:00:36Z,2026-05-25T01:00:36Z,R2026019,18,single,top5,caesars,Kensei Hirata,Kensei Hirata Top5,,,1,1,0,,"[""Kensei Hirata top5""]",2000,0.041191,0.2742,23.3009,4.7582,0.6165,0,False,,priced,1.0,0.0,pending,,,,,,,,5,2,True
9a4ad69af183379b,2026-05-25T01:00:36Z,2026-05-25T01:00:36Z,R2026019,19,single,top5,bet365,Kensei Hirata,Kensei Hirata Top5,,,1,1,0,,"[""Kensei Hirata top5""]",2000,0.041423,0.2742,23.2777,4.7582,0.6164,0,False,,priced,1.0,0.0,pending,,,,,,,,5,2,True
ee7291039ba06fd5,2026-05-25T01:00:36Z,2026-05-25T01:00:36Z,R2026019,20,single,top5,fanduel,Kensei Hirata,Kensei Hirata Top5,,,1,1,0,,"[""Kensei Hirata top5""]",2000,0.04346,0.2742,23.074,4.7582,0.6154,0,False,,priced,1.0,0.0,pending,,,,,,,,5,2,True
59989cae5e0b7e3a,2026-05-25T01:00:36Z,2026-05-25T01:00:36Z,R2026019,21,single,top5,pointsbet,Kensei Hirata,Kensei Hirata Top5,,,1,1,0,,"[""Kensei Hirata top5""]",1500,0.050095,0.2742,22.4105,3.3872,0.6121,0,False,,priced,1.0,0.0,pending,,,,,,,,5,2,True
9dcfd636e97cc36c,2026-05-25T01:00:36Z,2026-05-25T01:00:36Z,R2026019,22,single,top5,bovada,Kensei Hirata,Kensei Hirata Top5,,,1,1,0,,"[""Kensei Hirata top5""]",1400,0.052914,0.2742,22.1286,3.113,0.6106,0,False,,priced,1.0,0.0,pending,,,,,,,,5,2,True
b5becab870fd6d1c,2026-05-25T01:00:36Z,2026-05-25T01:00:36Z,R2026019,23,single,top5,betmgm,Kensei Hirata,Kensei Hirata Top5,,,1,1,0,,"[""Kensei Hirata top5""]",1400,0.055516,0.2742,21.8684,3.113,0.6093,0,False,,priced,1.0,0.0,pending,,,,,,,,5,2,True
c0cb3166d836e81c,2026-05-25T01:00:36Z,2026-05-25T01:00:36Z,R2026019,24,single,top10,betmgm,Kensei Hirata,Kensei Hirata Top10,,,1,1,0,,"[""Kensei Hirata top10""]",275,0.265525,0.4817,21.6175,0.8064,0.6081,0,False,,priced,1.0,0.0,pending,,,,,,,,5,2,True
de8d90d8edff0370,2026-05-25T01:00:36Z,2026-05-25T01:00:36Z,R2026019,25,single,top10,bovada,Kensei Hirata,Kensei Hirata Top10,,,1,1,0,,"[""Kensei Hirata top10""]",275,0.283088,0.4817,19.8612,0.8064,0.5993,0,False,,priced,1.0,0.0,pending,,,,,,,,5,2,True
05c4d25468df7ba7,2026-05-25T01:00:36Z,2026-05-25T01:00:36Z,R2026019,26,single,top10,draftkings,Seamus Power,Seamus Power Top10,,,1,1,0,,"[""Seamus Power top10""]",2050,0.041816,0.2383,19.6484,4.1235,0.5982,0,False,,priced,1.0,0.0,pending,,,,,,,,12,2,True
ef7f70617124dbc8,2026-05-25T01:00:36Z,2026-05-25T01:00:36Z,R2026019,27,single,top10,pointsbet,Seamus Power,Seamus Power Top10,,,1,1,0,,"[""Seamus Power top10""]",1700,0.048504,0.2383,18.9796,3.2894,0.5949,0,False,,priced,1.0,0.0,pending,,,,,,,,12,2,True
02949473b24fdf88,2026-05-25T01:00:36Z,2026-05-25T01:00:36Z,R2026019,28,single,top10,fanduel,Seamus Power,Seamus Power Top10,,,1,1,0,,"[""Seamus Power top10""]",2200,0.048512,0.2383,18.9788,4.4809,0.5949,0,False,,priced,1.0,0.0,pending,,,,,,,,12,2,True
4c91c290fa58a925,2026-05-25T01:00:36Z,2026-05-25T01:00:36Z,R2026019,29,single,top10,bet365,Seamus Power,Seamus Power Top10,,,1,1,0,,"[""Seamus Power top10""]",2000,0.049943,0.2383,18.8357,4.0043,0.5942,0,False,,priced,1.0,0.0,pending,,,,,,,,12,2,True
8b2125c580f5e424,2026-05-25T01:00:36Z,2026-05-25T01:00:36Z,R2026019,30,single,top10,draftkings,Mac Meissner,Mac Meissner Top10,,,1,1,0,,"[""Mac Meissner top10""]",3200,0.027244,0.2149,18.7656,6.0917,0.5938,0,False,,priced,1.0,0.0,pending,,,,,,,,15,2,True
d7e25bf5a8aa707b,2026-05-25T01:00:36Z,2026-05-25T01:00:36Z,R2026019,31,single,top10,bet365,Mac Meissner,Mac Meissner Top10,,,1,1,0,,"[""Mac Meissner top10""]",3300,0.030847,0.2149,18.4053,6.3066,0.592,0,False,,priced,1.0,0.0,pending,,,,,,,,15,2,True
209cffcc0f3b0245,2026-05-25T01:00:36Z,2026-05-25T01:00:36Z,R2026019,32,single,top10,fanduel,Mac Meissner,Mac Meissner Top10,,,1,1,0,,"[""Mac Meissner top10""]",3500,0.030994,0.2149,18.3906,6.7364,0.592,0,False,,priced,1.0,0.0,pending,,,,,,,,15,2,True
ecf3638faf3fc227,2026-05-25T01:00:36Z,2026-05-25T01:00:36Z,R2026019,33,single,top10,pointsbet,Mac Meissner,Mac Meissner Top10,,,1,1,0,,"[""Mac Meissner top10""]",2500,0.03358,0.2149,18.132,4.5874,0.5907,0,False,,priced,1.0,0.0,pending,,,,,,,,15,2,True
200d3dcd27c8f697,2026-05-25T01:00:36Z,2026-05-25T01:00:36Z,R2026019,34,single,top10,draftkings,Luke Clanton,Luke Clanton Top10,,,1,1,0,,"[""Luke Clanton top10""]",6800,0.01303,0.1739,16.087,10.9991,0.5804,0,False,,priced,1.0,0.0,pending,,,,,,,,18,2,True
bd0f33002ef0c660,2026-05-25T01:00:36Z,2026-05-25T01:00:36Z,R2026019,35,single,top10,fanduel,Luke Clanton,Luke Clanton Top10,,,1,1,0,,"[""Luke Clanton top10""]",5500,0.019925,0.1739,15.3975,8.7384,0.577,0,False,,priced,1.0,0.0,pending,,,,,,,,18,2,True
89f0d539b1bbe461,2026-05-25T01:00:36Z,2026-05-25T01:00:36Z,R2026019,36,single,top10,bet365,Luke Clanton,Luke Clanton Top10,,,1,1,0,,"[""Luke Clanton top10""]",4500,0.0228,0.1739,15.11,6.9994,0.5755,0,False,,priced,1.0,0.0,pending,,,,,,,,18,2,True
064e197ddf8f0039,2026-05-25T01:00:36Z,2026-05-25T01:00:36Z,R2026019,37,single,top10,pointsbet,Luke Clanton,Luke Clanton Top10,,,1,1,0,,"[""Luke Clanton top10""]",3500,0.024252,0.1739,14.9648,5.2604,0.5748,0,False,,priced,1.0,0.0,pending,,,,,,,,18,2,True
66329d16f0b006b9,2026-05-25T01:00:36Z,2026-05-25T01:00:36Z,R2026019,38,single,top10,draftkings,Chan Kim,Chan Kim Top10,,,1,1,0,,"[""Chan Kim top10""]",3000,0.029001,0.1773,14.8299,4.4963,0.5741,0,False,,priced,1.0,0.0,pending,,,,,,,,16,2,True
e99191cf7b554536,2026-05-25T01:00:36Z,2026-05-25T01:00:36Z,R2026019,39,single,top10,fanduel,Chan Kim,Chan Kim Top10,,,1,1,0,,"[""Chan Kim top10""]",3000,0.035993,0.1773,14.1307,4.4963,0.5707,0,False,,priced,1.0,0.0,pending,,,,,,,,16,2,True
cf6086c7527ec2cf,2026-05-25T01:00:36Z,2026-05-25T01:00:36Z,R2026019,40,single,top10,pointsbet,Chan Kim,Chan Kim Top10,,,1,1,0,,"[""Chan Kim top10""]",2200,0.03796,0.1773,13.934,3.0779,0.5697,0,False,,priced,1.0,0.0,pending,,,,,,,,16,2,True
8192ba6ec7d852fc,2026-05-25T01:00:36Z,2026-05-25T01:00:36Z,R2026019,41,single,top10,bet365,Chan Kim,Chan Kim Top10,,,1,1,0,,"[""Chan Kim top10""]",2500,0.040339,0.1773,13.6961,3.6098,0.5685,0,False,,priced,1.0,0.0,pending,,,,,,,,16,2,True
e9f7d65cf2cd330d,2026-05-25T01:00:36Z,2026-05-25T01:00:36Z,R2026019,42,single,top5,draftkings,Tyler Duncan,Tyler Duncan Top5,,,1,1,0,,"[""Tyler Duncan top5""]",45000,0.002001,0.1302,12.8199,57.7202,0.5641,0,False,,priced,1.0,0.0,pending,,,,,,,,11,2,True
8dd0676dfe3443de,2026-05-25T01:00:36Z,2026-05-25T01:00:36Z,R2026019,43,single,top5,pointsbet,Si Woo Kim,Si Woo Kim Top5,,,1,1,0,,"[""Si Woo Kim top5""]",-1664,0.756083,0.8824,12.6317,-0.0646,0.5632,0,False,,priced,1.0,0.0,pending,,,,,,,,1,2,True
c71bd92011167e8f,2026-05-25T01:00:36Z,2026-05-25T01:00:36Z,R2026019,44,single,top5,bet365,Tyler Duncan,Tyler Duncan Top5,,,1,1,0,,"[""Tyler Duncan top5""]",20000,0.004328,0.1302,12.5872,25.1702,0.5629,0,False,,priced,1.0,0.0,pending,,,,,,,,11,2,True
b633a64d5e489c00,2026-05-25T01:00:36Z,2026-05-25T01:00:36Z,R2026019,45,single,top5,caesars,Tyler Duncan,Tyler Duncan Top5,,,1,1,0,,"[""Tyler Duncan top5""]",17500,0.004915,0.1302,12.5285,21.9152,0.5626,0,False,,priced,1.0,0.0,pending,,,,,,,,11,2,True
0c789965fd936faa,2026-05-25T01:00:36Z,2026-05-25T01:00:36Z,R2026019,46,single,top5,pointsbet,Tyler Duncan,Tyler Duncan Top5,,,1,1,0,,"[""Tyler Duncan top5""]",8000,0.009895,0.1302,12.0305,9.5462,0.5602,0,False,,priced,1.0,0.0,pending,,,,,,,,11,2,True
f9016dc1a596dffd,2026-05-25T01:00:36Z,2026-05-25T01:00:36Z,R2026019,47,single,top10,pointsbet,Pierceson Coody,Pierceson Coody Top10,,,1,1,0,,"[""Pierceson Coody top10""]",1200,0.067159,0.1756,10.8441,1.2828,0.5542,0,False,,priced,1.0,0.0,pending,,,,,,,,20,2,True
24a5757acad8e666,2026-05-25T01:00:36Z,2026-05-25T01:00:36Z,R2026019,48,single,top5,bovada,Si Woo Kim,Si Woo Kim Top5,,,1,1,0,,"[""Si Woo Kim top5""]",-4000,0.774345,0.8824,10.8055,-0.0955,0.554,0,False,,priced,1.0,0.0,pending,,,,,,,,1,2,True
ee2a0438491cf3e5,2026-05-25T01:00:36Z,2026-05-25T01:00:36Z,R2026019,49,single,top10,fanduel,Pierceson Coody,Pierceson Coody Top10,,,1,1,0,,"[""Pierceson Coody top10""]",1400,0.074385,0.1756,10.1215,1.634,0.5506,0,False,,priced,1.0,0.0,pending,,,,,,,,20,2,True
951b74331004a07b,2026-05-25T01:00:36Z,2026-05-25T01:00:36Z,R2026019,50,single,top10,draftkings,Pierceson Coody,Pierceson Coody Top10,,,1,1,0,,"[""Pierceson Coody top10""]",1100,0.07492,0.1756,10.068,1.1072,0.5503,0,False,,priced,1.0,0.0,pending,,,,,,,,20,2,True
3269f20a6f80b5a7,2026-05-25T01:00:36Z,2026-05-25T01:00:36Z,R2026019,51,single,top10,bet365,Chad Ramey,Chad Ramey Top10,,,1,1,0,,"[""Chad Ramey top10""]",25000,0.004178,0.1011,9.6922,24.3761,0.5485,0,False,,priced,1.0,0.0,pending,,,,,,,,32,2,True
dc7b716fa4c46e03,2026-05-25T01:00:36Z,2026-05-25T01:00:36Z,R2026019,52,single,top10,bet365,Pierceson Coody,Pierceson Coody Top10,,,1,1,0,,"[""Pierceson Coody top10""]",1200,0.080677,0.1756,9.4923,1.2828,0.5475,0,False,,priced,1.0,0.0,pending,,,,,,,,20,2,True
5a4bbb49a253ca2a,2026-05-25T01:00:36Z,2026-05-25T01:00:36Z,R2026019,53,single,top5,draftkings,Seamus Power,Seamus Power Top5,,,1,1,0,,"[""Seamus Power top5""]",18500,0.004852,0.0994,9.4548,17.4884,0.5473,0,False,,priced,1.0,0.0,pending,,,,,,,,12,2,True
3aa0fe7b219692b2,2026-05-25T01:00:36Z,2026-05-25T01:00:36Z,R2026019,54,single,top5,caesars,Seamus Power,Seamus Power Top5,,,1,1,0,,"[""Seamus Power top5""]",15000,0.005729,0.0994,9.3671,14.0094,0.5468,0,False,,priced,1.0,0.0,pending,,,,,,,,12,2,True
560f69542ceca589,2026-05-25T01:00:36Z,2026-05-25T01:00:36Z,R2026019,55,single,top5,bet365,Seamus Power,Seamus Power Top5,,,1,1,0,,"[""Seamus Power top5""]",15000,0.005761,0.0994,9.3639,14.0094,0.5468,0,False,,priced,1.0,0.0,pending,,,,,,,,12,2,True
4c5f332e8143c3dc,2026-05-25T01:00:36Z,2026-05-25T01:00:36Z,R2026019,56,single,top10,draftkings,Emiliano Grillo,Emiliano Grillo Top10,,,1,1,0,,"[""Emiliano Grillo top10""]",5600,0.015773,0.1086,9.2827,5.1902,0.5464,0,False,,priced,1.0,0.0,pending,,,,,,,,29,2,True
bda842e224256ba9,2026-05-25T01:00:36Z,2026-05-25T01:00:36Z,R2026019,57,single,top10,pointsbet,Si Woo Kim,Si Woo Kim Top10,,,1,1,0,,"[""Si Woo Kim top10""]",-14925,0.867258,0.9595,9.2242,-0.0341,0.5461,0,False,,priced,1.0,0.0,pending,,,,,,,,1,2,True
a65f55875d3f5b6a,2026-05-25T01:00:36Z,2026-05-25T01:00:36Z,R2026019,58,single,top10,draftkings,Hank Lebioda,Hank Lebioda Top10,,,1,1,0,,"[""Hank Lebioda top10""]",18500,0.004834,0.0948,8.9966,16.6328,0.545,0,False,,priced,1.0,0.0,pending,,,,,,,,30,2,True
1e6d9722a8dad97b,2026-05-25T01:00:36Z,2026-05-25T01:00:36Z,R2026019,59,single,top10,fanduel,Emiliano Grillo,Emiliano Grillo Top10,,,1,1,0,,"[""Emiliano Grillo top10""]",5500,0.019925,0.1086,8.8675,5.0816,0.5443,0,False,,priced,1.0,0.0,pending,,,,,,,,29,2,True
1559f711d881c834,2026-05-25T01:00:36Z,2026-05-25T01:00:36Z,R2026019,60,single,top5,pointsbet,Seamus Power,Seamus Power Top5,,,1,1,0,,"[""Seamus Power top5""]",6600,0.011963,0.0994,8.7437,5.6598,0.5437,0,False,,priced,1.0,0.0,pending,,,,,,,,12,2,True
9532a393aeaa5db6,2026-05-25T01:00:36Z,2026-05-25T01:00:36Z,R2026019,61,single,top10,pointsbet,Chad Ramey,Chad Ramey Top10,,,1,1,0,,"[""Chad Ramey top10""]",6000,0.014313,0.1011,8.6787,5.1671,0.5434,0,False,,priced,1.0,0.0,pending,,,,,,,,32,2,True
9dd700cb4f10e468,2026-05-25T01:00:36Z,2026-05-25T01:00:36Z,R2026019,62,single,top10,bet365,Hank Lebioda,Hank Lebioda Top10,,,1,1,0,,"[""Hank Lebioda top10""]",12500,0.008324,0.0948,8.6476,10.9448,0.5432,0,False,,priced,1.0,0.0,pending,,,,,,,,30,2,True
a44a1d4dc867de10,2026-05-25T01:00:36Z,2026-05-25T01:00:36Z,R2026019,63,single,top10,bet365,Emiliano Grillo,Emiliano Grillo Top10,,,1,1,0,,"[""Emiliano Grillo top10""]",4500,0.0228,0.1086,8.58,3.9956,0.5429,0,False,,priced,1.0,0.0,pending,,,,,,,,29,2,True
0b4ef2d1efc75006,2026-05-25T01:00:36Z,2026-05-25T01:00:36Z,R2026019,64,single,top10,draftkings,Jordan Smith,Jordan Smith Top10,,,1,1,0,,"[""Jordan Smith top10""]",8600,0.010334,0.0951,8.4766,7.2737,0.5424,0,False,,priced,1.0,0.0,pending,,,,,,,,34,2,True
288420be781c459f,2026-05-25T01:00:36Z,2026-05-25T01:00:36Z,R2026019,65,single,top10,pointsbet,Emiliano Grillo,Emiliano Grillo Top10,,,1,1,0,,"[""Emiliano Grillo top10""]",3500,0.024252,0.1086,8.4348,2.9096,0.5422,0,False,,priced,1.0,0.0,pending,,,,,,,,29,2,True
18b43b82c4138395,2026-05-25T01:00:36Z,2026-05-25T01:00:36Z,R2026019,66,single,top5,draftkings,Tony Finau,Tony Finau Top5,,,1,1,0,,"[""Tony Finau top5""]",1175,0.070777,0.155,8.4223,0.9763,0.5421,0,False,,priced,1.0,0.0,pending,,,,,,,,9,2,True
ac7f498a20d726a8,2026-05-25T01:00:36Z,2026-05-25T01:00:36Z,R2026019,67,single,top5,draftkings,Mac Meissner,Mac Meissner Top5,,,1,1,0,,"[""Mac Meissner top5""]",33000,0.002726,0.0859,8.3174,27.4329,0.5416,0,False,,priced,1.0,0.0,pending,,,,,,,,15,2,True
521364176fd2e572,2026-05-25T01:00:36Z,2026-05-25T01:00:36Z,R2026019,68,single,top5,caesars,Tony Finau,Tony Finau Top5,,,1,1,0,,"[""Tony Finau top5""]",1100,0.072085,0.155,8.2915,0.86,0.5415,0,False,,priced,1.0,0.0,pending,,,,,,,,9,2,True
2706e488f3b0900b,2026-05-25T01:00:36Z,2026-05-25T01:00:36Z,R2026019,69,single,top5,bet365,Tony Finau,Tony Finau Top5,,,1,1,0,,"[""Tony Finau top5""]",1100,0.072489,0.155,8.2511,0.86,0.5413,0,False,,priced,1.0,0.0,pending,,,,,,,,9,2,True
1bfdf3791f44fc07,2026-05-25T01:00:36Z,2026-05-25T01:00:36Z,R2026019,70,single,top5,bet365,Mac Meissner,Mac Meissner Top5,,,1,1,0,,"[""Mac Meissner top5""]",25000,0.003466,0.0859,8.2434,20.5609,0.5412,0,False,,priced,1.0,0.0,pending,,,,,,,,15,2,True
1ed0b3b075f56af3,2026-05-25T01:00:36Z,2026-05-25T01:00:36Z,R2026019,71,single,top5,pointsbet,Tony Finau,Tony Finau Top5,,,1,1,0,,"[""Tony Finau top5""]",1000,0.072866,0.155,8.2134,0.705,0.5411,0,False,,priced,1.0,0.0,pending,,,,,,,,9,2,True
a42be21d72eb99a0,2026-05-25T01:00:36Z,2026-05-25T01:00:36Z,R2026019,72,single,top5,caesars,Mac Meissner,Mac Meissner Top5,,,1,1,0,,"[""Mac Meissner top5""]",20000,0.004304,0.0859,8.1596,16.2659,0.5408,0,False,,priced,1.0,0.0,pending,,,,,,,,15,2,True
7e125850aca1259a,2026-05-25T01:00:36Z,2026-05-25T01:00:36Z,R2026019,73,single,top10,fanduel,Jordan Smith,Jordan Smith Top10,,,1,1,0,,"[""Jordan Smith top10""]",8000,0.013775,0.0951,8.1325,6.7031,0.5407,0,False,,priced,1.0,0.0,pending,,,,,,,,34,2,True
93549685f9eb5c10,2026-05-25T01:00:36Z,2026-05-25T01:00:36Z,R2026019,74,single,top10,pointsbet,Hank Lebioda,Hank Lebioda Top10,,,1,1,0,,"[""Hank Lebioda top10""]",6000,0.014313,0.0948,8.0487,4.7828,0.5402,0,False,,priced,1.0,0.0,pending,,,,,,,,30,2,True
986261a60e15dfa9,2026-05-25T01:00:36Z,2026-05-25T01:00:36Z,R2026019,75,single,top10,bet365,Jordan Smith,Jordan Smith Top10,,,1,1,0,,"[""Jordan Smith top10""]",7000,0.014772,0.0951,8.0328,5.7521,0.5402,0,False,,priced,1.0,0.0,pending,,,,,,,,34,2,True
31f3a991c2fd045b,2026-05-25T01:00:36Z,2026-05-25T01:00:36Z,R2026019,76,single,top5,fanduel,Tony Finau,Tony Finau Top5,,,1,1,0,,"[""Tony Finau top5""]",1100,0.076055,0.155,7.8945,0.86,0.5395,0,False,,priced,1.0,0.0,pending,,,,,,,,9,2,True
0f53bce32dd69957,2026-05-25T01:00:36Z,2026-05-25T01:00:36Z,R2026019,77,single,top10,pointsbet,Jordan Smith,Jordan Smith Top10,,,1,1,0,,"[""Jordan Smith top10""]",5000,0.017119,0.0951,7.7981,3.8501,0.539,0,False,,priced,1.0,0.0,pending,,,,,,,,34,2,True
1bdb265c2a34c73a,2026-05-25T01:00:36Z,2026-05-25T01:00:36Z,R2026019,78,single,top10,bet365,Taylor Pendrith,Taylor Pendrith Top10,,,1,1,0,,"[""Taylor Pendrith top10""]",12500,0.008324,0.0823,7.3976,9.3698,0.537,0,False,,priced,1.0,0.0,pending,,,,,,,,36,2,True
d26d43fc83720f0f,2026-05-25T01:00:36Z,2026-05-25T01:00:36Z,R2026019,79,single,top5,betmgm,Si Woo Kim,Si Woo Kim Top5,,,1,1,0,,"[""Si Woo Kim top5""]",-3333,0.808483,0.8824,7.3917,-0.0911,0.537,0,False,,priced,1.0,0.0,pending,,,,,,,,1,2,True
379554698056d99b,2026-05-25T01:00:36Z,2026-05-25T01:00:36Z,R2026019,80,single,top5,pointsbet,Mac Meissner,Mac Meissner Top5,,,1,1,0,,"[""Mac Meissner top5""]",6000,0.01314,0.0859,7.276,4.2399,0.5364,0,False,,priced,1.0,0.0,pending,,,,,,,,15,2,True
e8fd1a824f7fbf3b,2026-05-25T01:00:36Z,2026-05-25T01:00:36Z,R2026019,81,single,top10,draftkings,Patrick Rodgers,Patrick Rodgers Top10,,,1,1,0,,"[""Patrick Rodgers top10""]",1650,0.051374,0.1233,7.1926,1.1578,0.536,0,False,,priced,1.0,0.0,pending,,,,,,,,23,2,True
5b724659174149d3,2026-05-25T01:00:36Z,2026-05-25T01:00:36Z,R2026019,82,single,top10,pointsbet,Tony Finau,Tony Finau Top10,,,1,1,0,,"[""Tony Finau top10""]",230,0.264566,0.3359,7.1334,0.1085,0.5357,0,False,,priced,1.0,0.0,pending,,,,,,,,9,2,True
688f6d418cd10110,2026-05-25T01:00:36Z,2026-05-25T01:00:36Z,R2026019,83,single,top10,fanduel,Mark Hubbard,Mark Hubbard Top10,,,1,1,0,,"[""Mark Hubbard top10""]",2700,0.039849,0.1108,7.0951,2.1024,0.5355,0,False,,priced,1.0,0.0,pending,,,,,,,,26,2,True
242107cf696a51c0,2026-05-25T01:00:36Z,2026-05-25T01:00:36Z,R2026019,84,single,top10,draftkings,Mark Hubbard,Mark Hubbard Top10,,,1,1,0,,"[""Mark Hubbard top10""]",2150,0.039957,0.1108,7.0843,1.493,0.5354,0,False,,priced,1.0,0.0,pending,,,,,,,,26,2,True
bfeea2b3e14fe986,2026-05-25T01:00:36Z,2026-05-25T01:00:36Z,R2026019,85,single,top10,fanduel,Patrick Rodgers,Patrick Rodgers Top10,,,1,1,0,,"[""Patrick Rodgers top10""]",2000,0.053132,0.1233,7.0168,1.5893,0.5351,0,False,,priced,1.0,0.0,pending,,,,,,,,23,2,True
b41254083520d116,2026-05-25T01:00:36Z,2026-05-25T01:00:36Z,R2026019,86,single,top10,pointsbet,Taylor Pendrith,Taylor Pendrith Top10,,,1,1,0,,"[""Taylor Pendrith top10""]",6600,0.013031,0.0823,6.9269,4.5141,0.5346,0,False,,priced,1.0,0.0,pending,,,,,,,,36,2,True
00a7025bc469eb99,2026-05-25T01:00:36Z,2026-05-25T01:00:36Z,R2026019,87,single,top10,pointsbet,Mark Hubbard,Mark Hubbard Top10,,,1,1,0,,"[""Mark Hubbard top10""]",2000,0.041575,0.1108,6.9225,1.3268,0.5346,0,False,,priced,1.0,0.0,pending,,,,,,,,26,2,True
c02caf70cc967f1e,2026-05-25T01:00:36Z,2026-05-25T01:00:36Z,R2026019,88,single,top10,pointsbet,Patrick Rodgers,Patrick Rodgers Top10,,,1,1,0,,"[""Patrick Rodgers top10""]",1500,0.054567,0.1233,6.8733,0.9728,0.5344,0,False,,priced,1.0,0.0,pending,,,,,,,,23,2,True
e0c8299e77aa1063,2026-05-25T01:00:36Z,2026-05-25T01:00:36Z,R2026019,89,single,top10,bet365,Patrick Rodgers,Patrick Rodgers Top10,,,1,1,0,,"[""Patrick Rodgers top10""]",1800,0.0552,0.1233,6.81,1.3427,0.534,0,False,,priced,1.0,0.0,pending,,,,,,,,23,2,True
50e32ef3fe6f9e30,2026-05-25T01:00:36Z,2026-05-25T01:00:36Z,R2026019,90,single,top10,draftkings,Si Woo Kim,Si Woo Kim Top10,,,1,1,0,,"[""Si Woo Kim top10""]",-12500,0.891903,0.9595,6.7597,-0.0328,0.5338,0,False,,priced,1.0,0.0,pending,,,,,,,,1,2,True
fe10aae3ab34a04a,2026-05-25T01:00:36Z,2026-05-25T01:00:36Z,R2026019,91,single,top10,draftkings,Tony Finau,Tony Finau Top10,,,1,1,0,,"[""Tony Finau top10""]",235,0.26837,0.3359,6.753,0.1253,0.5338,0,False,,priced,1.0,0.0,pending,,,,,,,,9,2,True
9a3b78856bd7871e,2026-05-25T01:00:36Z,2026-05-25T01:00:36Z,R2026019,92,single,top5,pointsbet,Keith Mitchell,Keith Mitchell Top5,,,1,1,0,,"[""Keith Mitchell top5""]",350,0.178116,0.2451,6.6984,0.103,0.5335,0,False,,priced,1.0,0.0,pending,,,,,,,,7,2,True
d85cb3534e6e1ba2,2026-05-25T01:00:36Z,2026-05-25T01:00:36Z,R2026019,93,single,top5,bovada,Tony Finau,Tony Finau Top5,,,1,1,0,,"[""Tony Finau top5""]",800,0.088189,0.155,6.6811,0.395,0.5334,0,False,,priced,1.0,0.0,pending,,,,,,,,9,2,True
c046275e63fc82dd,2026-05-25T01:00:36Z,2026-05-25T01:00:36Z,R2026019,94,single,top10,draftkings,A.J. Ewart,A.J. Ewart Top10,,,1,1,0,,"[""A.J. Ewart top10""]",6000,0.014738,0.0805,6.5762,3.9105,0.5329,0,False,,priced,1.0,0.0,pending,,,,,,,,33,2,True
ad4cbe5f4ee41471,2026-05-25T01:00:36Z,2026-05-25T01:00:36Z,R2026019,95,single,top10,bet365,Mark Hubbard,Mark Hubbard Top10,,,1,1,0,,"[""Mark Hubbard top10""]",2200,0.0456,0.1108,6.52,1.5484,0.5326,0,False,,priced,1.0,0.0,pending,,,,,,,,26,2,True
fbfb63eec7e680be,2026-05-25T01:00:36Z,2026-05-25T01:00:36Z,R2026019,96,single,top5,pointsbet,Jackson Suber,Jackson Suber Top5,,,1,1,0,,"[""Jackson Suber top5""]",750,0.094297,0.1591,6.4803,0.3523,0.5324,0,False,,priced,1.0,0.0,pending,,,,,,,,8,2,True
5c21469218b27a89,2026-05-25T01:00:36Z,2026-05-25T01:00:36Z,R2026019,97,single,top10,fanduel,A.J. Ewart,A.J. Ewart Top10,,,1,1,0,,"[""A.J. Ewart top10""]",7000,0.015715,0.0805,6.4785,4.7155,0.5324,0,False,,priced,1.0,0.0,pending,,,,,,,,33,2,True
fed6636ad2206dcb,2026-05-25T01:00:36Z,2026-05-25T01:00:36Z,R2026019,98,single,top10,draftkings,Luke List,Luke List Top10,,,1,1,0,,"[""Luke List top10""]",4100,0.021406,0.0861,6.4694,2.6162,0.5323,0,False,,priced,1.0,0.0,pending,,,,,,,,24,2,True
a97ac3f9ddba86ed,2026-05-25T01:00:36Z,2026-05-25T01:00:36Z,R2026019,99,single,top5,fanduel,Jackson Suber,Jackson Suber Top5,,,1,1,0,,"[""Jackson Suber top5""]",850,0.09607,0.1591,6.303,0.5114,0.5315,0,False,,priced,1.0,0.0,pending,,,,,,,,8,2,True
13e912a8df48a8b1,2026-05-25T01:00:36Z,2026-05-25T01:00:36Z,R2026019,100,single,top5,caesars,Jackson Suber,Jackson Suber Top5,,,1,1,0,,"[""Jackson Suber top5""]",800,0.096113,0.1591,6.2987,0.4319,0.5315,0,False,,priced,1.0,0.0,pending,,,,,,,,8,2,True
cc2606f3bd908baa,2026-05-25T01:00:36Z,2026-05-25T01:00:36Z,R2026019,101,single,top5,betmgm,Tony Finau,Tony Finau Top5,,,1,1,0,,"[""Tony Finau top5""]",800,0.092527,0.155,6.2473,0.395,0.5312,0,False,,priced,1.0,0.0,pending,,,,,,,,9,2,True
d7bd7c76f3573009,2026-05-25T01:00:36Z,2026-05-25T01:00:36Z,R2026019,102,single,top10,bet365,A.J. Ewart,A.J. Ewart Top10,,,1,1,0,,"[""A.J. Ewart top10""]",5500,0.018729,0.0805,6.1771,3.508,0.5309,0,False,,priced,1.0,0.0,pending,,,,,,,,33,2,True
b4aaecc638ababfe,2026-05-25T01:00:36Z,2026-05-25T01:00:36Z,R2026019,103,single,top10,pointsbet,A.J. Ewart,A.J. Ewart Top10,,,1,1,0,,"[""A.J. Ewart top10""]",4500,0.01898,0.0805,6.152,2.703,0.5308,0,False,,priced,1.0,0.0,pending,,,,,,,,33,2,True
6291800d13f3b734,2026-05-25T01:00:36Z,2026-05-25T01:00:36Z,R2026019,104,single,top10,fanduel,Luke List,Luke List Top10,,,1,1,0,,"[""Luke List top10""]",4000,0.027214,0.0861,5.8886,2.5301,0.5294,0,False,,priced,1.0,0.0,pending,,,,,,,,24,2,True
51510b0fe50cdeed,2026-05-25T01:00:36Z,2026-05-25T01:00:36Z,R2026019,105,single,top5,caesars,Si Woo Kim,Si Woo Kim Top5,,,1,1,0,,"[""Si Woo Kim top5""]",-2000,0.823828,0.8824,5.8572,-0.0735,0.5293,0,False,,priced,1.0,0.0,pending,,,,,,,,1,2,True
4c2a9e7539305691,2026-05-25T01:00:36Z,2026-05-25T01:00:36Z,R2026019,106,single,top5,fanduel,Taylor Moore,Taylor Moore Top5,,,1,1,0,,"[""Taylor Moore top5""]",2500,0.035102,0.0936,5.8498,1.4336,0.5292,0,False,,priced,1.0,0.0,pending,,,,,,,,14,2,True
1a7b4dd5f7c86818,2026-05-25T01:00:36Z,2026-05-25T01:00:36Z,R2026019,107,single,top10,draftkings,Rasmus Hojgaard,Rasmus Hojgaard Top10,,,1,1,0,,"[""Rasmus Hojgaard top10""]",6500,0.013622,0.0715,5.7878,3.719,0.5289,0,False,,priced,1.0,0.0,pending,,,,,,,,43,2,True
f8e6bbb5730f67d5,2026-05-25T01:00:36Z,2026-05-25T01:00:36Z,R2026019,108,single,top5,draftkings,Chan Kim,Chan Kim Top5,,,1,1,0,,"[""Chan Kim top5""]",30000,0.002998,0.0606,5.7602,17.2406,0.5288,0,False,,priced,1.0,0.0,pending,,,,,,,,16,2,True
16c4cc95f865b641,2026-05-25T01:00:36Z,2026-05-25T01:00:36Z,R2026019,109,single,top5,caesars,Keith Mitchell,Keith Mitchell Top5,,,1,1,0,,"[""Keith Mitchell top5""]",360,0.188048,0.2451,5.7052,0.1275,0.5285,0,False,,priced,1.0,0.0,pending,,,,,,,,7,2,True
9fe3e4b76bb5a68c,2026-05-25T01:00:36Z,2026-05-25T01:00:36Z,R2026019,110,single,top10,bet365,Luke List,Luke List Top10,,,1,1,0,,"[""Luke List top10""]",3500,0.029133,0.0861,5.6967,2.0996,0.5285,0,False,,priced,1.0,0.0,pending,,,,,,,,24,2,True
30acd765b5e4145b,2026-05-25T01:00:36Z,2026-05-25T01:00:36Z,R2026019,111,single,top5,draftkings,Taylor Moore,Taylor Moore Top5,,,1,1,0,,"[""Taylor Moore top5""]",2350,0.036833,0.0936,5.6767,1.2932,0.5284,0,False,,priced,1.0,0.0,pending,,,,,,,,14,2,True
3e99beefaed1c568,2026-05-25T01:00:36Z,2026-05-25T01:00:36Z,R2026019,112,single,top5,bet365,Jackson Suber,Jackson Suber Top5,,,1,1,0,,"[""Jackson Suber top5""]",750,0.102338,0.1591,5.6762,0.3523,0.5284,0,False,,priced,1.0,0.0,pending,,,,,,,,8,2,True
cd1c7512d911d0c2,2026-05-25T01:00:36Z,2026-05-25T01:00:36Z,R2026019,113,single,top5,bet365,Chan Kim,Chan Kim Top5,,,1,1,0,,"[""Chan Kim top5""]",22500,0.003849,0.0606,5.6751,12.6956,0.5284,0,False,,priced,1.0,0.0,pending,,,,,,,,16,2,True
da6c1753fbb5fbd7,2026-05-25T01:00:36Z,2026-05-25T01:00:36Z,R2026019,114,single,top5,draftkings,Jackson Suber,Jackson Suber Top5,,,1,1,0,,"[""Jackson Suber top5""]",780,0.102546,0.1591,5.6554,0.4001,0.5283,0,False,,priced,1.0,0.0,pending,,,,,,,,8,2,True
52f8613ff6926724,2026-05-25T01:00:36Z,2026-05-25T01:00:36Z,R2026019,115,single,top5,caesars,Chan Kim,Chan Kim Top5,,,1,1,0,,"[""Chan Kim top5""]",20000,0.004304,0.0606,5.6296,11.1806,0.5281,0,False,,priced,1.0,0.0,pending,,,,,,,,16,2,True
b246316971f74554,2026-05-25T01:00:36Z,2026-05-25T01:00:36Z,R2026019,116,single,top5,bet365,Keith Mitchell,Keith Mitchell Top5,,,1,1,0,,"[""Keith Mitchell top5""]",360,0.189103,0.2451,5.5997,0.1275,0.528,0,False,,priced,1.0,0.0,pending,,,,,,,,7,2,True
288f5a918ef636fc,2026-05-25T01:00:36Z,2026-05-25T01:00:36Z,R2026019,117,single,top10,pointsbet,Luke List,Luke List Top10,,,1,1,0,,"[""Luke List top10""]",2800,0.030106,0.0861,5.5994,1.4969,0.528,0,False,,priced,1.0,0.0,pending,,,,,,,,24,2,True
a54425a099b00ff7,2026-05-25T01:00:36Z,2026-05-25T01:00:36Z,R2026019,118,single,top5,caesars,Taylor Moore,Taylor Moore Top5,,,1,1,0,,"[""Taylor Moore top5""]",2200,0.03761,0.0936,5.599,1.1528,0.528,0,False,,priced,1.0,0.0,pending,,,,,,,,14,2,True
48ba7c5027498a4e,2026-05-25T01:00:36Z,2026-05-25T01:00:36Z,R2026019,119,single,top10,fanduel,Rasmus Hojgaard,Rasmus Hojgaard Top10,,,1,1,0,,"[""Rasmus Hojgaard top10""]",7000,0.015715,0.0715,5.5785,4.0765,0.5279,0,False,,priced,1.0,0.0,pending,,,,,,,,43,2,True
005c1cd5b50ac355,2026-05-25T01:00:36Z,2026-05-25T01:00:36Z,R2026019,120,single,top5,bet365,Taylor Moore,Taylor Moore Top5,,,1,1,0,,"[""Taylor Moore top5""]",2200,0.037821,0.0936,5.5779,1.1528,0.5279,0,False,,priced,1.0,0.0,pending,,,,,,,,14,2,True
3f70284a139e65cf,2026-05-25T01:00:36Z,2026-05-25T01:00:36Z,R2026019,121,single,top5,fanduel,Keith Mitchell,Keith Mitchell Top5,,,1,1,0,,"[""Keith Mitchell top5""]",380,0.190138,0.2451,5.4962,0.1765,0.5275,0,False,,priced,1.0,0.0,pending,,,,,,,,7,2,True
5677e5ce213491b0,2026-05-25T01:00:36Z,2026-05-25T01:00:36Z,R2026019,122,single,top10,draftkings,John Parry,John Parry Top10,,,1,1,0,,"[""John Parry top10""]",11000,0.008099,0.0622,5.4101,5.9042,0.5271,0,False,,priced,1.0,0.0,pending,,,,,,,,41,2,True
86cb593fd149dd5d,2026-05-25T01:00:36Z,2026-05-25T01:00:36Z,R2026019,123,single,top5,bet365,Si Woo Kim,Si Woo Kim Top5,,,1,1,0,,"[""Si Woo Kim top5""]",-2000,0.82845,0.8824,5.395,-0.0735,0.527,0,False,,priced,1.0,0.0,pending,,,,,,,,1,2,True
361ed61d10e2d249,2026-05-25T01:00:36Z,2026-05-25T01:00:36Z,R2026019,124,single,top5,bet365,Pierceson Coody,Pierceson Coody Top5,,,1,1,0,,"[""Pierceson Coody top5""]",8000,0.010739,0.0645,5.3761,4.2245,0.5269,0,False,,priced,1.0,0.0,pending,,,,,,,,20,2,True
ee3f8a7b3461a59e,2026-05-25T01:00:36Z,2026-05-25T01:00:36Z,R2026019,125,single,top5,draftkings,Luke Clanton,Luke Clanton Top5,,,1,1,0,,"[""Luke Clanton top5""]",49000,0.001838,0.0554,5.3562,26.2014,0.5268,0,False,,priced,1.0,0.0,pending,,,,,,,,18,2,True
c0cfb4126492a843,2026-05-25T01:00:36Z,2026-05-25T01:00:36Z,R2026019,126,single,top5,draftkings,Pierceson Coody,Pierceson Coody Top5,,,1,1,0,,"[""Pierceson Coody top5""]",8000,0.011141,0.0645,5.3359,4.2245,0.5267,0,False,,priced,1.0,0.0,pending,,,,,,,,20,2,True
a1a45877ce7437d9,2026-05-25T01:00:36Z,2026-05-25T01:00:36Z,R2026019,127,single,top5,fanduel,Pierceson Coody,Pierceson Coody Top5,,,1,1,0,,"[""Pierceson Coody top5""]",8000,0.011267,0.0645,5.3233,4.2245,0.5266,0,False,,priced,1.0,0.0,pending,,,,,,,,20,2,True
06365a2890d35f95,2026-05-25T01:00:36Z,2026-05-25T01:00:36Z,R2026019,128,single,top5,caesars,Pierceson Coody,Pierceson Coody Top5,,,1,1,0,,"[""Pierceson Coody top5""]",7500,0.011382,0.0645,5.3118,3.902,0.5266,0,False,,priced,1.0,0.0,pending,,,,,,,,20,2,True
a6a0798ac8ab0851,2026-05-25T01:00:36Z,2026-05-25T01:00:36Z,R2026019,129,single,top10,bet365,Rasmus Hojgaard,Rasmus Hojgaard Top10,,,1,1,0,,"[""Rasmus Hojgaard top10""]",5500,0.018729,0.0715,5.2771,3.004,0.5264,0,False,,priced,1.0,0.0,pending,,,,,,,,43,2,True
d6af757bf97a492e,2026-05-25T01:00:36Z,2026-05-25T01:00:36Z,R2026019,130,single,top10,pointsbet,Rasmus Hojgaard,Rasmus Hojgaard Top10,,,1,1,0,,"[""Rasmus Hojgaard top10""]",4500,0.01898,0.0715,5.252,2.289,0.5263,0,False,,priced,1.0,0.0,pending,,,,,,,,43,2,True
a5ae15d52e8314af,2026-05-25T01:00:36Z,2026-05-25T01:00:36Z,R2026019,131,single,top5,bet365,Luke Clanton,Luke Clanton Top5,,,1,1,0,,"[""Luke Clanton top5""]",25000,0.003466,0.0554,5.1934,12.9054,0.526,0,False,,priced,1.0,0.0,pending,,,,,,,,18,2,True
f20d92338cb69fb9,2026-05-25T01:00:36Z,2026-05-25T01:00:36Z,R2026019,132,single,top5,caesars,Luke Clanton,Luke Clanton Top5,,,1,1,0,,"[""Luke Clanton top5""]",22500,0.003828,0.0554,5.1572,11.5204,0.5258,0,False,,priced,1.0,0.0,pending,,,,,,,,18,2,True
f081ce8328bb4556,2026-05-25T01:00:36Z,2026-05-25T01:00:36Z,R2026019,133,single,top10,bet365,John Parry,John Parry Top10,,,1,1,0,,"[""John Parry top10""]",9000,0.011525,0.0622,5.0675,4.6602,0.5253,0,False,,priced,1.0,0.0,pending,,,,,,,,41,2,True
62f164956fe406a9,2026-05-25T01:00:36Z,2026-05-25T01:00:36Z,R2026019,134,single,top10,pointsbet,John Parry,John Parry Top10,,,1,1,0,,"[""John Parry top10""]",6600,0.013031,0.0622,4.9169,3.1674,0.5246,0,False,,priced,1.0,0.0,pending,,,,,,,,41,2,True
35bce2038c7aa0e0,2026-05-25T01:00:36Z,2026-05-25T01:00:36Z,R2026019,135,single,top5,pointsbet,Taylor Moore,Taylor Moore Top5,,,1,1,0,,"[""Taylor Moore top5""]",1700,0.044529,0.0936,4.9071,0.6848,0.5245,0,False,,priced,1.0,0.0,pending,,,,,,,,14,2,True
4a3f2bbc08996161,2026-05-25T01:00:36Z,2026-05-25T01:00:36Z,R2026019,136,single,top5,draftkings,Keith Mitchell,Keith Mitchell Top5,,,1,1,0,,"[""Keith Mitchell top5""]",360,0.196176,0.2451,4.8924,0.1275,0.5245,0,False,,priced,1.0,0.0,pending,,,,,,,,7,2,True
478c2deb7cd46e23,2026-05-25T01:00:36Z,2026-05-25T01:00:36Z,R2026019,137,single,top5,pointsbet,Pierceson Coody,Pierceson Coody Top5,,,1,1,0,,"[""Pierceson Coody top5""]",5000,0.015716,0.0645,4.8784,2.2895,0.5244,0,False,,priced,1.0,0.0,pending,,,,,,,,20,2,True
ce180adb0242f6db,2026-05-25T01:00:36Z,2026-05-25T01:00:36Z,R2026019,138,single,top5,pointsbet,Chan Kim,Chan Kim Top5,,,1,1,0,,"[""Chan Kim top5""]",6600,0.011963,0.0606,4.8637,3.0602,0.5243,0,False,,priced,1.0,0.0,pending,,,,,,,,16,2,True
10f0ef184efd8653,2026-05-25T01:00:36Z,2026-05-25T01:00:36Z,R2026019,139,single,top5,betonline,Jackson Suber,Jackson Suber Top5,,,1,1,0,,"[""Jackson Suber top5""]",800,0.111165,0.1591,4.7935,0.4319,0.524,0,False,,priced,1.0,0.0,pending,,,,,,,,8,2,True
59a3baf2b5bbf131,2026-05-25T01:00:36Z,2026-05-25T01:00:36Z,R2026019,140,single,top5,bovada,Taylor Moore,Taylor Moore Top5,,,1,1,0,,"[""Taylor Moore top5""]",1600,0.046688,0.0936,4.6912,0.5912,0.5235,0,False,,priced,1.0,0.0,pending,,,,,,,,14,2,True
104fda3819a68d67,2026-05-25T01:00:36Z,2026-05-25T01:00:36Z,R2026019,141,single,top10,pointsbet,Chris Kirk,Chris Kirk Top10,,,1,1,0,,"[""Chris Kirk top10""]",1000,0.07937,0.1253,4.593,0.3783,0.523,0,False,,priced,1.0,0.0,pending,,,,,,,,22,2,True
928598eba5bb52d8,2026-05-25T01:00:36Z,2026-05-25T01:00:36Z,R2026019,142,single,top5,bovada,Jackson Suber,Jackson Suber Top5,,,1,1,0,,"[""Jackson Suber top5""]",600,0.113386,0.1591,4.5714,0.1137,0.5229,0,False,,priced,1.0,0.0,pending,,,,,,,,8,2,True
4e58d7ddda6ac23b,2026-05-25T01:00:36Z,2026-05-25T01:00:36Z,R2026019,143,single,top5,pointsbet,Luke Clanton,Luke Clanton Top5,,,1,1,0,,"[""Luke Clanton top5""]",8000,0.009895,0.0554,4.5505,3.4874,0.5228,0,False,,priced,1.0,0.0,pending,,,,,,,,18,2,True
7907fdcf72a46167,2026-05-25T01:00:36Z,2026-05-25T01:00:36Z,R2026019,144,single,top10,pointsbet,Taylor Moore,Taylor Moore Top10,,,1,1,0,,"[""Taylor Moore top10""]",400,0.174614,0.2193,4.4686,0.0965,0.5223,0,False,,priced,1.0,0.0,pending,,,,,,,,14,2,True
f5c2c03bd5abfa16,2026-05-25T01:00:36Z,2026-05-25T01:00:36Z,R2026019,145,single,top5,fanduel,Rasmus Neergaard-Petersen,Rasmus Neergaard-Petersen Top5,,,1,1,0,,"[""Rasmus Neergaard-Petersen top5""]",2500,0.035102,0.0783,4.3198,1.0358,0.5216,0,False,,priced,1.0,0.0,pending,,,,,,,,17,2,True
62769b2bf5e70437,2026-05-25T01:00:36Z,2026-05-25T01:00:36Z,R2026019,146,single,top10,bet365,Lanto Griffin,Lanto Griffin Top10,,,1,1,0,,"[""Lanto Griffin top10""]",25000,0.004178,0.0472,4.3022,10.8472,0.5215,0,False,,priced,1.0,0.0,pending,,,,,,,,40,2,True
49382b26ab72bccf,2026-05-25T01:00:36Z,2026-05-25T01:00:36Z,R2026019,147,single,top10,draftkings,Taylor Moore,Taylor Moore Top10,,,1,1,0,,"[""Taylor Moore top10""]",410,0.176282,0.2193,4.3018,0.1184,0.5215,0,False,,priced,1.0,0.0,pending,,,,,,,,14,2,True
494ec93f07c1c645,2026-05-25T01:00:36Z,2026-05-25T01:00:36Z,R2026019,148,single,top10,draftkings,Camilo Villegas,Camilo Villegas Top10,,,1,1,0,,"[""Camilo Villegas top10""]",2000,0.042811,0.0842,4.1389,0.7682,0.5207,0,False,,priced,1.0,0.0,pending,,,,,,,,25,2,True
7dcbe9a844aba5fe,2026-05-25T01:00:36Z,2026-05-25T01:00:36Z,R2026019,149,single,top5,caesars,Rasmus Neergaard-Petersen,Rasmus Neergaard-Petersen Top5,,,1,1,0,,"[""Rasmus Neergaard-Petersen top5""]",2200,0.03761,0.0783,4.069,0.8009,0.5203,0,False,,priced,1.0,0.0,pending,,,,,,,,17,2,True
ec3431e64d927ec6,2026-05-25T01:00:36Z,2026-05-25T01:00:36Z,R2026019,150,single,top5,bet365,Rasmus Neergaard-Petersen,Rasmus Neergaard-Petersen Top5,,,1,1,0,,"[""Rasmus Neergaard-Petersen top5""]",2200,0.037821,0.0783,4.0479,0.8009,0.5202,0,False,,priced,1.0,0.0,pending,,,,,,,,17,2,True
14f363897034e039,2026-05-25T01:00:36Z,2026-05-25T01:00:36Z,R2026019,151,single,top5,draftkings,Rasmus Neergaard-Petersen,Rasmus Neergaard-Petersen Top5,,,1,1,0,,"[""Rasmus Neergaard-Petersen top5""]",2250,0.0384,0.0783,3.99,0.84,0.5199,0,False,,priced,1.0,0.0,pending,,,,,,,,17,2,True
073bcf0d7d9ce6a6,2026-05-25T01:00:36Z,2026-05-25T01:00:36Z,R2026019,152,single,top10,bet365,Mackenzie Hughes,Mackenzie Hughes Top10,,,1,1,0,,"[""Mackenzie Hughes top10""]",25000,0.004178,0.0438,3.9622,9.9938,0.5198,0,False,,priced,1.0,0.0,pending,,,,,,,,46,2,True
99acf91ddb96d389,2026-05-25T01:00:36Z,2026-05-25T01:00:36Z,R2026019,153,single,top5,draftkings,Emiliano Grillo,Emiliano Grillo Top5,,,1,1,0,,"[""Emiliano Grillo top5""]",49000,0.001838,0.0406,3.8762,18.9346,0.5194,0,False,,priced,1.0,0.0,pending,,,,,,,,29,2,True
8cb0b701c7ce1cad,2026-05-25T01:00:36Z,2026-05-25T01:00:36Z,R2026019,154,single,top10,pointsbet,Rasmus Neergaard-Petersen,Rasmus Neergaard-Petersen Top10,,,1,1,0,,"[""Rasmus Neergaard-Petersen top10""]",425,0.166299,0.2042,3.7901,0.072,0.519,0,False,,priced,1.0,0.0,pending,,,,,,,,17,2,True
b509eca7646c18fc,2026-05-25T01:00:36Z,2026-05-25T01:00:36Z,R2026019,155,single,top5,caesars,Emiliano Grillo,Emiliano Grillo Top5,,,1,1,0,,"[""Emiliano Grillo top5""]",25000,0.003446,0.0406,3.7154,9.1906,0.5186,0,False,,priced,1.0,0.0,pending,,,,,,,,29,2,True
60263d5c6f0131d4,2026-05-25T01:00:36Z,2026-05-25T01:00:36Z,R2026019,156,single,top5,bet365,Emiliano Grillo,Emiliano Grillo Top5,,,1,1,0,,"[""Emiliano Grillo top5""]",25000,0.003466,0.0406,3.7134,9.1906,0.5186,0,False,,priced,1.0,0.0,pending,,,,,,,,29,2,True
ddf5c30eaf3362df,2026-05-25T01:00:36Z,2026-05-25T01:00:36Z,R2026019,157,single,top5,caesars,Patrick Rodgers,Patrick Rodgers Top5,,,1,1,0,,"[""Patrick Rodgers top5""]",15000,0.005729,0.0422,3.6471,5.3722,0.5182,0,False,,priced,1.0,0.0,pending,,,,,,,,23,2,True
b5288c6116138ac4,2026-05-25T01:00:36Z,2026-05-25T01:00:36Z,R2026019,158,single,top5,bet365,Patrick Rodgers,Patrick Rodgers Top5,,,1,1,0,,"[""Patrick Rodgers top5""]",15000,0.005761,0.0422,3.6439,5.3722,0.5182,0,False,,priced,1.0,0.0,pending,,,,,,,,23,2,True
7fedf79733408b3b,2026-05-25T01:00:36Z,2026-05-25T01:00:36Z,R2026019,159,single,top10,pointsbet,Lanto Griffin,Lanto Griffin Top10,,,1,1,0,,"[""Lanto Griffin top10""]",8000,0.010779,0.0472,3.6421,2.8232,0.5182,0,False,,priced,1.0,0.0,pending,,,,,,,,40,2,True
df7e721773a4ea99,2026-05-25T01:00:36Z,2026-05-25T01:00:36Z,R2026019,160,single,top5,draftkings,Mark Hubbard,Mark Hubbard Top5,,,1,1,0,,"[""Mark Hubbard top5""]",19500,0.004604,0.0408,3.6196,6.9968,0.5181,0,False,,priced,1.0,0.0,pending,,,,,,,,26,2,True
7bad228948c55ac0,2026-05-25T01:00:36Z,2026-05-25T01:00:36Z,R2026019,161,single,top5,pointsbet,Rasmus Neergaard-Petersen,Rasmus Neergaard-Petersen Top5,,,1,1,0,,"[""Rasmus Neergaard-Petersen top5""]",1800,0.042185,0.0783,3.6115,0.4877,0.5181,0,False,,priced,1.0,0.0,pending,,,,,,,,17,2,True
b0bf2515d18bbd6d,2026-05-25T01:00:36Z,2026-05-25T01:00:36Z,R2026019,162,single,top10,fanduel,Patrick Fishburn,Patrick Fishburn Top10,,,1,1,0,,"[""Patrick Fishburn top10""]",3300,0.032817,0.0687,3.5883,1.3358,0.5179,0,False,,priced,1.0,0.0,pending,,,,,,,,39,2,True
6f5d89e6e33cddfc,2026-05-25T01:00:36Z,2026-05-25T01:00:36Z,R2026019,163,single,top5,bet365,Mark Hubbard,Mark Hubbard Top5,,,1,1,0,,"[""Mark Hubbard top5""]",17500,0.004942,0.0408,3.5858,6.1808,0.5179,0,False,,priced,1.0,0.0,pending,,,,,,,,26,2,True
51f190448ba68d12,2026-05-25T01:00:36Z,2026-05-25T01:00:36Z,R2026019,164,single,top10,pointsbet,Camilo Villegas,Camilo Villegas Top10,,,1,1,0,,"[""Camilo Villegas top10""]",1700,0.048504,0.0842,3.5696,0.5156,0.5178,0,False,,priced,1.0,0.0,pending,,,,,,,,25,2,True
a7afb29c0bcfd3a3,2026-05-25T01:00:36Z,2026-05-25T01:00:36Z,R2026019,165,single,top10,fanduel,Camilo Villegas,Camilo Villegas Top10,,,1,1,0,,"[""Camilo Villegas top10""]",2200,0.048512,0.0842,3.5688,0.9366,0.5178,0,False,,priced,1.0,0.0,pending,,,,,,,,25,2,True
65b6bc87bc2b2268,2026-05-25T01:00:36Z,2026-05-25T01:00:36Z,R2026019,166,single,top5,draftkings,Patrick Rodgers,Patrick Rodgers Top5,,,1,1,0,,"[""Patrick Rodgers top5""]",13500,0.006635,0.0422,3.5565,4.7392,0.5178,0,False,,priced,1.0,0.0,pending,,,,,,,,23,2,True
6e6dcb0a5b8bc932,2026-05-25T01:00:36Z,2026-05-25T01:00:36Z,R2026019,167,single,top10,draftkings,Patrick Fishburn,Patrick Fishburn Top10,,,1,1,0,,"[""Patrick Fishburn top10""]",2600,0.033298,0.0687,3.5402,0.8549,0.5177,0,False,,priced,1.0,0.0,pending,,,,,,,,39,2,True
b96278bbaf9d10d4,2026-05-25T01:00:36Z,2026-05-25T01:00:36Z,R2026019,168,single,top5,caesars,Mark Hubbard,Mark Hubbard Top5,,,1,1,0,,"[""Mark Hubbard top5""]",15000,0.005729,0.0408,3.5071,5.1608,0.5175,0,False,,priced,1.0,0.0,pending,,,,,,,,26,2,True
004e3ad27e9dea76,2026-05-25T01:00:36Z,2026-05-25T01:00:36Z,R2026019,169,single,top10,draftkings,Doug Ghim,Doug Ghim Top10,,,1,1,0,,"[""Doug Ghim top10""]",3600,0.024298,0.0593,3.5002,1.1941,0.5175,0,False,,priced,1.0,0.0,pending,,,,,,,,44,2,True
f746153a5a4b59e8,2026-05-25T01:00:36Z,2026-05-25T01:00:36Z,R2026019,170,single,top10,bet365,Patrick Fishburn,Patrick Fishburn Top10,,,1,1,0,,"[""Patrick Fishburn top10""]",3000,0.033832,0.0687,3.4868,1.1297,0.5174,0,False,,priced,1.0,0.0,pending,,,,,,,,39,2,True
cc0efe5e69a98f1f,2026-05-25T01:00:36Z,2026-05-25T01:00:36Z,R2026019,171,single,top10,bet365,Camilo Villegas,Camilo Villegas Top10,,,1,1,0,,"[""Camilo Villegas top10""]",2000,0.049943,0.0842,3.4257,0.7682,0.5171,0,False,,priced,1.0,0.0,pending,,,,,,,,25,2,True
98fa7542ba331a85,2026-05-25T01:00:36Z,2026-05-25T01:00:36Z,R2026019,172,single,top5,bovada,Keith Mitchell,Keith Mitchell Top5,,,1,1,0,,"[""Keith Mitchell top5""]",275,0.211654,0.2451,3.3446,-0.0809,0.5167,0,False,,priced,1.0,0.0,pending,,,,,,,,7,2,True
6c356d99f71d5fab,2026-05-25T01:00:36Z,2026-05-25T01:00:36Z,R2026019,173,single,top10,fanduel,Chris Kirk,Chris Kirk Top10,,,1,1,0,,"[""Chris Kirk top10""]",1100,0.092981,0.1253,3.2319,0.5036,0.5162,0,False,,priced,1.0,0.0,pending,,,,,,,,22,2,True
f69d2517043e6ede,2026-05-25T01:00:36Z,2026-05-25T01:00:36Z,R2026019,174,single,top10,fanduel,Doug Ghim,Doug Ghim Top10,,,1,1,0,,"[""Doug Ghim top10""]",4000,0.027214,0.0593,3.2086,1.4313,0.516,0,False,,priced,1.0,0.0,pending,,,,,,,,44,2,True
374296b382c5c4ef,2026-05-25T01:00:36Z,2026-05-25T01:00:36Z,R2026019,175,single,top5,bovada,Rasmus Neergaard-Petersen,Rasmus Neergaard-Petersen Top5,,,1,1,0,,"[""Rasmus Neergaard-Petersen top5""]",1600,0.046688,0.0783,3.1612,0.3311,0.5158,0,False,,priced,1.0,0.0,pending,,,,,,,,17,2,True
c5bab591d2377153,2026-05-25T01:00:36Z,2026-05-25T01:00:36Z,R2026019,176,single,top5,draftkings,Jordan Smith,Jordan Smith Top5,,,1,1,0,,"[""Jordan Smith top5""]",50000,0.001801,0.0332,3.1399,15.6332,0.5157,0,False,,priced,1.0,0.0,pending,,,,,,,,34,2,True
af5713a445d2bb66,2026-05-25T01:00:36Z,2026-05-25T01:00:36Z,R2026019,177,single,top5,betmgm,Jackson Suber,Jackson Suber Top5,,,1,1,0,,"[""Jackson Suber top5""]",550,0.128114,0.1591,3.0986,0.0341,0.5155,0,False,,priced,1.0,0.0,pending,,,,,,,,8,2,True
d469a3ccbb420f86,2026-05-25T01:00:36Z,2026-05-25T01:00:36Z,R2026019,178,single,top5,fanduel,Chris Kirk,Chris Kirk Top5,,,1,1,0,,"[""Chris Kirk top5""]",7000,0.012854,0.0438,3.0946,2.1098,0.5155,0,False,,priced,1.0,0.0,pending,,,,,,,,22,2,True
8d9ea80f9611997c,2026-05-25T01:00:36Z,2026-05-25T01:00:36Z,R2026019,179,single,top10,pointsbet,Mackenzie Hughes,Mackenzie Hughes Top10,,,1,1,0,,"[""Mackenzie Hughes top10""]",6600,0.013031,0.0438,3.0769,1.9346,0.5154,0,False,,priced,1.0,0.0,pending,,,,,,,,46,2,True
11f7f41851c2e359,2026-05-25T01:00:36Z,2026-05-25T01:00:36Z,R2026019,180,single,top10,pointsbet,Patrick Fishburn,Patrick Fishburn Top10,,,1,1,0,,"[""Patrick Fishburn top10""]",2200,0.03796,0.0687,3.074,0.5801,0.5154,0,False,,priced,1.0,0.0,pending,,,,,,,,39,2,True
9a2bf195fe6ba723,2026-05-25T01:00:36Z,2026-05-25T01:00:36Z,R2026019,181,single,top5,pointsbet,Patrick Rodgers,Patrick Rodgers Top5,,,1,1,0,,"[""Patrick Rodgers top5""]",6600,0.011963,0.0422,3.0237,1.8274,0.5151,0,False,,priced,1.0,0.0,pending,,,,,,,,23,2,True
0714e3b92dc1b4d2,2026-05-25T01:00:36Z,2026-05-25T01:00:36Z,R2026019,182,single,top10,bet365,Doug Ghim,Doug Ghim Top10,,,1,1,0,,"[""Doug Ghim top10""]",3500,0.029133,0.0593,3.0167,1.1348,0.5151,0,False,,priced,1.0,0.0,pending,,,,,,,,44,2,True
