player_name,dg_id,age,country,am,baseline_pred,final_pred,std_deviation,sample_size,course_history_adjustment,course_experience_adjustment,total_course_history_adjustment,driving_accuracy_adjustment,driving_distance_adjustment,timing_adjustment,age_adjustment,country_adjustment,strokes_gained_category_adjustment,cf_approach_comp,cf_short_comp,other_fit_adjustment,total_fit_adjustment,true_sg_adjustments,event_name,course_name,last_updated,fetched_at,course_fit_delta
"Scheffler, Scottie",18417,30,USA,0,2.84519921726088,3.05516942617308,2.87773017613755,150,0.0,-0.0446929382040281,-0.0446929382040281,0.0432964610087045,-0.0207947878311205,-0.0510209418170318,0.0113636511428687,,0.0224349719858665,0.0491129017068973,0.0644620287149983,0.113574930421896,0.13607660359947998,-0.0191911377949552,U.S. Open,Shinnecock Hills Golf Club,2026-06-15 16:29:15 UTC,2026-06-16T11:14:50.911009+00:00,0.20997
"McIlroy, Rory",10091,37,NIR,0,2.10779240215593,2.36382209747042,2.99021806159981,150,-0.0135791547209611,-0.0251547291490662,-0.0387338838700273,-0.0259139617067233,-0.0536848197051677,0.0296732578938732,-0.0196752480489915,,0.2017690485781,0.0353535353802627,0.0363414257206084,0.071694961100871,-0.007903820311020007,-0.096099658927451,U.S. Open,Shinnecock Hills Golf Club,2026-06-15 16:29:15 UTC,2026-06-16T11:14:50.911009+00:00,0.25603
"Schauffele, Xander",19895,32,USA,0,1.71470400563599,2.26041964917377,2.94789228753628,150,0.0370892096861806,-0.0143741309423235,0.0227150787438571,0.0049361281701237,-0.0310156093822544,-0.0127745793597158,4.35820258370967e-05,,0.282724592488166,0.0360065795590182,0.0250833122926346,0.0610898918516528,0.035010410639522094,-0.0320034409998806,U.S. Open,Shinnecock Hills Golf Club,2026-06-15 16:29:15 UTC,2026-06-16T11:14:50.911009+00:00,0.54572
"Rahm, Jon",19195,31,ESP,0,2.0845594267104,2.25927292456682,2.88086423238202,150,-0.0322543052512053,-0.0251547291490662,-0.0574090344002714,0.0095354330871213,-0.0338772490161174,0.0052445021728546,0.0044255442646878,,0.0989761063463225,0.0395602966926161,0.0378341035482678,0.077394400240884,0.0530525843118879,-0.0295762048390702,U.S. Open,Shinnecock Hills Golf Club,2026-06-15 16:29:15 UTC,2026-06-16T11:14:50.911009+00:00,0.17471
"Fitzpatrick, Matt",17646,31,ENG,0,1.82267108053933,2.22774906325137,2.84097102635438,150,0.021238234337377,-0.0143741309423235,0.0068641033950535,0.0370617057825951,-0.0033999614080486,0.0506663892674577,0.0036952172248794,,0.110930092897483,0.0391756374064074,0.0497524605327056,0.088928097939113,0.12258984231365949,-0.0176676623864944,U.S. Open,Shinnecock Hills Golf Club,2026-06-15 16:29:15 UTC,2026-06-16T11:14:50.911009+00:00,0.40508
"Fleetwood, Tommy",12294,35,ENG,0,1.81707486075073,2.20718783685241,2.85599282401004,150,0.0345100390046971,-0.0143741309423235,0.0201359080623735,0.06838567160363,8.45949631165158e-05,0.0779745760018615,-0.0123719776509068,,0.0621536545467177,0.0295563320733225,0.0452866346677723,0.0748429667410948,0.1433132333078413,-0.0070924181662077,U.S. Open,Shinnecock Hills Golf Club,2026-06-15 16:29:15 UTC,2026-06-16T11:14:50.911009+00:00,0.39011
"Aberg, Ludvig",23950,26,SWE,0,1.70792335751394,1.95302717564272,2.99132674870064,150,0.0,-0.0446929382040281,-0.0446929382040281,0.009901109742887,-0.0331516944822545,-0.0180360246813651,0.0263353554589423,,0.0547132639790762,0.0342861656152781,0.0306343270114791,0.0649204926267572,0.041669907887389696,0.125114253688765,U.S. Open,Shinnecock Hills Golf Club,2026-06-15 16:29:15 UTC,2026-06-16T11:14:50.911009+00:00,0.2451
"Young, Cameron",26651,29,USA,0,1.82243117789308,1.90417250597623,2.97541679879938,150,0.0,-0.0446929382040281,-0.0446929382040281,0.0065216650839132,-0.0266750422830685,-0.0635527027529408,0.0153804498618153,,0.008164610144345,0.0301734275210342,0.0353001819980417,0.0654736095190759,0.04532023231992059,0.0541216767140367,U.S. Open,Shinnecock Hills Golf Club,2026-06-15 16:29:15 UTC,2026-06-16T11:14:50.911009+00:00,0.08174
"Kim, Si Woo",14609,30,KOR,0,1.6968299190768,1.89631574827055,2.8434196852693,150,-0.0015066599632621,-0.0251547291490662,-0.0266613891123283,0.0756487694302321,0.0063747371856419,-0.0152309446544485,0.0073468524239221,,0.160602855541407,0.032564665515872,0.0316159025739842,0.0641805680898562,0.1462040747057302,-0.0537756197105379,U.S. Open,Shinnecock Hills Golf Club,2026-06-15 16:29:15 UTC,2026-06-16T11:14:50.911009+00:00,0.19949
"Henley, Russell",14578,37,USA,0,1.70422028891651,1.8255082405908,2.81076635295743,150,0.0105830511695603,-0.0143741309423235,-0.0037910797727632,0.0949241306984206,0.0234817387124922,-0.0109846117419974,-0.0200404115688957,,-0.021015449363461,0.0288548975822914,0.0357196673298819,0.0645745649121733,0.18298043432308608,-0.0898609302016742,U.S. Open,Shinnecock Hills Golf Club,2026-06-15 16:29:15 UTC,2026-06-16T11:14:50.911009+00:00,0.12129
"Burns, Sam",19483,29,USA,0,1.56419958460348,1.67237549586406,2.93165071961251,150,0.0250103069426223,-0.0143741309423235,0.0106361760002988,-0.0083662615133209,-0.021023052965147,0.0886126158127027,0.012093978182677,,-0.0981494048452376,0.0208691930682881,0.0539935093525395,0.0748627024208276,0.045473387942359694,0.0005091581677758,U.S. Open,Shinnecock Hills Golf Club,2026-06-15 16:29:15 UTC,2026-06-16T11:14:50.911009+00:00,0.10818
"Morikawa, Collin",22085,29,USA,0,1.39298243224489,1.66223575643169,2.87448111039248,150,0.0,-0.0446929382040281,-0.0446929382040281,0.0592082485666135,0.0012263110775864,0.118227212375566,0.0142849593021024,,-0.0761370787283814,0.0343224626670011,0.0174259465433826,0.0517484092103837,0.11218296885458359,0.0063882005869564,U.S. Open,Shinnecock Hills Golf Club,2026-06-15 16:29:15 UTC,2026-06-16T11:14:50.911009+00:00,0.26925
"Cantlay, Patrick",15466,34,USA,0,1.5735616584775,1.64400584454141,2.85412138426726,150,-0.0057522148624716,-0.0143741309423235,-0.0201263458047952,0.0065566714271033,-0.009470907176129,0.0483947735231294,-0.0072596883722475,,-0.0256229712122732,0.033669582104504,0.0298999051164499,0.0635694872209539,0.060655251471928205,-0.0265968335418263,U.S. Open,Shinnecock Hills Golf Club,2026-06-15 16:29:15 UTC,2026-06-16T11:14:50.911009+00:00,0.07044
"Hovland, Viktor",18841,28,NOR,0,1.23624553586189,1.57120621892397,2.89041505625551,150,0.0,-0.0446929382040281,-0.0446929382040281,0.0403292581141324,-0.0004781154304376,0.118570782342144,0.016841103941432,,0.013401996228916,0.0334332198062253,0.0229518225021393,0.0563850423083646,0.0962361849920594,0.0136035537615502,U.S. Open,Shinnecock Hills Golf Club,2026-06-15 16:29:15 UTC,2026-06-16T11:14:50.911009+00:00,0.33496
"Spaun, J.J.",17536,35,USA,0,1.4684495099734,1.54179570179174,2.86807141474539,150,0.0,-0.0446929382040281,-0.0446929382040281,0.0456145885597711,-0.0015338874551039,-0.0195589198257446,-0.0141977952504282,,0.0161550850477621,0.0416555337054201,0.0023230463580345,0.0439785800634547,0.08805928116812191,0.0045814788826559,U.S. Open,Shinnecock Hills Golf Club,2026-06-15 16:29:15 UTC,2026-06-16T11:14:50.911009+00:00,0.07335
"DeChambeau, Bryson",19841,32,USA,0,1.26166584912937,1.48428329606462,3.02600987444179,150,0.0039416374692767,-0.0143741309423235,-0.0104324934730467,-0.0156551839094589,-0.0494978621518619,0.0044333099499669,-0.0006867450139713,,0.143257889295159,0.0177503786538835,0.0086432973901663,0.0263936760440499,-0.0387593700172709,-0.0251951438055904,U.S. Open,Shinnecock Hills Golf Club,2026-06-15 16:29:15 UTC,2026-06-16T11:14:50.911009+00:00,0.22262
"Reed, Patrick",14838,35,USA,0,1.09296692307002,1.44735700505149,2.8042303263664,150,0.0284742329540381,-0.0143741309423235,0.0141001020117146,0.0104432244404595,0.0076040406501433,0.107563999611674,-0.014197795250428,,-0.0338674893032865,0.0273983240236678,0.0310671886504256,0.0584655126740935,0.0765127777646963,0.0022784871470975,U.S. Open,Shinnecock Hills Golf Club,2026-06-15 16:29:15 UTC,2026-06-16T11:14:50.911009+00:00,0.35439
"Thomas, Justin",14139,33,USA,0,1.2501787270364,1.42742332328929,2.97040196489276,150,-0.0062356695398176,-0.0143741309423235,-0.0206098004821412,-0.0091005583456458,-0.0128161285113646,0.0472736259324793,-0.0021473990935883,,0.145260788650588,0.0229289550535476,0.0455592003829245,0.0684881554364722,0.0465714685794618,0.0198959126660923,U.S. Open,Shinnecock Hills Golf Club,2026-06-15 16:29:15 UTC,2026-06-16T11:14:50.911009+00:00,0.17724
"Lee, Min Woo",16841,27,AUS,0,1.11851360489793,1.42396182849555,2.9451436273532,150,0.0,-0.0446929382040281,-0.0446929382040281,-0.006702679188267,-0.0343829387602725,-0.0285728495479178,0.0208579026603788,,0.254757466518117,0.0144887658896989,0.0376257344739411,0.05211450036364,0.0110288824151005,0.072069759755967,U.S. Open,Shinnecock Hills Golf Club,2026-06-15 16:29:15 UTC,2026-06-16T11:14:50.911009+00:00,0.30545
"Hatton, Tyrrell",14796,34,ENG,0,1.010006942683,1.37786890043245,2.94005674418813,150,0.0365149352207538,-0.0143741309423235,0.0221408042784303,-0.0079182655032626,-0.0130249380300615,0.167170799002943,-0.0090855059717684,,0.0500129954885814,0.0281090819332195,0.0158548504932811,0.0439639324265006,0.023020728893176502,-0.0153978639419114,U.S. Open,Shinnecock Hills Golf Club,2026-06-15 16:29:15 UTC,2026-06-16T11:14:50.911009+00:00,0.36786
"MacIntyre, Robert",23323,29,SCO,0,1.12286300105903,1.36780984821762,2.87220860336649,150,0.0,-0.0446929382040281,-0.0446929382040281,0.0157959758939747,-0.0090815211392817,0.018642544766297,0.0120939781826768,,0.0720687504928884,0.0065239481342714,0.0422331535256689,0.0487571016599403,0.055471556414633305,0.0523629555061242,U.S. Open,Shinnecock Hills Golf Club,2026-06-15 16:29:15 UTC,2026-06-16T11:14:50.911009+00:00,0.24495
"Gotterup, Chris",27774,26,USA,0,1.36576944929907,1.3581837720307,3.00412744580289,150,0.0,-0.0446929382040281,-0.0446929382040281,-0.0448523729201447,-0.0434807408397553,-0.0304784497890009,0.0248747013793253,,-0.0414152523998312,0.0197636301896258,0.0312801752020787,0.0510438053917045,-0.037289308368195495,0.0884155701133615,U.S. Open,Shinnecock Hills Golf Club,2026-06-15 16:29:15 UTC,2026-06-16T11:14:50.911009+00:00,-0.00759
"Griffin, Ben",24968,30,USA,0,1.19834084257215,1.32845288562989,2.83020305473347,150,0.0,-0.0446929382040281,-0.0446929382040281,0.0012667854312493,-0.0020296774419518,-0.0664965529743402,0.0109984876229641,,0.125951154411874,0.012113597998877,0.0609105460002625,0.0730241439991395,0.07226125198843701,0.0210906402128388,U.S. Open,Shinnecock Hills Golf Club,2026-06-15 16:29:15 UTC,2026-06-16T11:14:50.911009+00:00,0.13011
"Kitayama, Kurt",21891,33,USA,0,1.18559942632955,1.3090390637998,2.97966297853349,150,0.0,-0.0446929382040281,-0.0446929382040281,0.0031667127696119,-0.0276620125321607,0.0010541669031771,-0.0036080531732052,,0.0680548934376496,0.0297895090720895,0.0052316524741578,0.0350211615462473,0.0105258617836985,0.0611057067229501,U.S. Open,Shinnecock Hills Golf Club,2026-06-15 16:29:15 UTC,2026-06-16T11:14:50.911009+00:00,0.12344
"Clark, Wyndham",23604,32,USA,0,1.30586788615042,1.3026226410211,2.96800205970613,150,0.0,-0.0446929382040281,-0.0446929382040281,-0.0253501594538888,-0.0168424299448617,0.216970459796664,0.0004087455457415,,-0.17611715575871,0.02252560783187,0.0513572752416331,0.0738828830735032,0.031690293674752706,-0.0255046501837441,U.S. Open,Shinnecock Hills Golf Club,2026-06-15 16:29:15 UTC,2026-06-16T11:14:50.911009+00:00,-0.00325
"McNealy, Maverick",18634,30,USA,0,1.45491897497479,1.29812563972525,2.93031965516338,150,0.0,-0.0446929382040281,-0.0446929382040281,-0.0182426067285723,-0.0140603778426008,0.0001399948907654,0.0088075065035389,,-0.215560581572162,0.0110271905794938,0.065694391685452,0.0767215822649458,0.044418597693772696,0.0360940854385712,U.S. Open,Shinnecock Hills Golf Club,2026-06-15 16:29:15 UTC,2026-06-16T11:14:50.911009+00:00,-0.15679
"Koepka, Brooks",16243,36,USA,0,0.66866425283699,1.2954719285154,2.97297775510682,150,0.0433339244900375,-0.0143741309423235,0.028959793547714,-0.0137574986111731,-0.0181037820112494,0.346456560409785,-0.0152932858101407,,-0.0002191778013996,0.0227704910988364,0.0053932328293014,0.0281637239281379,-0.0036975566942845997,-0.0323986579732669,U.S. Open,Shinnecock Hills Golf Club,2026-06-15 16:29:15 UTC,2026-06-16T11:14:50.911009+00:00,0.62681
"English, Harris",14577,36,USA,0,1.32854617555099,1.28642867008103,2.81820896949336,150,0.0,-0.0446929382040281,-0.0446929382040281,0.0292222609304587,-0.0020724680550948,-0.0118794843293388,-0.0185797574892788,,-0.124500022566826,0.0053596408505605,0.049446027480146,0.0548056683307065,0.08195546120607039,-0.0264207640865561,U.S. Open,Shinnecock Hills Golf Club,2026-06-15 16:29:15 UTC,2026-06-16T11:14:50.911009+00:00,-0.04212
"Lowry, Shane",13900,39,IRL,0,1.179946802022,1.26202820427585,2.86685319703701,150,-0.0200127710836192,-0.0251547291490662,-0.0451675002326853,0.025806800168596,0.0021489491547563,0.128090464424671,-0.0288043360465977,,-0.112347654420349,0.0306330898964309,0.0105219264904526,0.0411550163868834,0.0691107657102357,-0.0628003371814303,U.S. Open,Shinnecock Hills Golf Club,2026-06-15 16:29:15 UTC,2026-06-16T11:14:50.911009+00:00,0.08208
"Rai, Aaron",18554,31,ENG,0,0.954242466660035,1.26157217601955,2.80311461579186,150,0.0,-0.0446929382040281,-0.0446929382040281,0.0971775119902369,0.0259322491104314,0.135715873715737,0.0058861983443051,,-0.0120277639057686,0.0308412023934943,0.0032376803607474,0.0340788827542418,0.1571886438549101,0.0112596955543607,U.S. Open,Shinnecock Hills Golf Club,2026-06-15 16:29:15 UTC,2026-06-16T11:14:50.911009+00:00,0.30733
"Spieth, Jordan",14636,32,USA,0,0.979565436760081,1.26047579262476,2.89606498673751,150,-0.0101771815279227,-0.0251547291490662,-0.0353319106769889,0.0023708066630993,-0.0171965418888842,0.0030923889986724,-0.0010519085338754,,0.186574201320213,0.0145819659983979,0.0263391726042324,0.0409211386026303,0.026095403376845402,-0.0454678186201887,U.S. Open,Shinnecock Hills Golf Club,2026-06-15 16:29:15 UTC,2026-06-16T11:14:50.911009+00:00,0.28091
"Scott, Adam",6430,45,AUS,0,1.25709516121243,1.23958503804569,2.92451396343839,150,-0.0408668791748859,-0.0143741309423235,-0.0552410101172094,-0.0058741096896775,-0.0203257643709703,0.0323212970016411,-0.0583825811588408,,0.0263951602102224,0.0322471053888605,0.0008846633168911,0.0331317687057517,0.006931894645103902,-0.0625348837476614,U.S. Open,Shinnecock Hills Golf Club,2026-06-15 16:29:15 UTC,2026-06-16T11:14:50.911009+00:00,-0.01751
"Cauley, Bud",14502,36,USA,0,0.998370227146031,1.2264718874881,2.8826867406403,150,0.0,-0.0446929382040281,-0.0446929382040281,0.02313438431403,-0.0004212849008459,0.157738255656937,-0.0160236128499491,,0.0765319068975155,0.0243756594465201,0.02229631494482,0.0466719743913402,0.0693850738045243,0.0011629750370654,U.S. Open,Shinnecock Hills Golf Club,2026-06-15 16:29:15 UTC,2026-06-16T11:14:50.911009+00:00,0.2281
"Matsuyama, Hideki",13562,34,JPN,0,1.06867556327663,1.20625987671982,2.88205683323454,150,0.011210295966617,-0.0143741309423235,-0.0031638349757065,-0.0109309315294396,0.0008099949950827,0.0420967438524453,-0.0072596883722475,,-0.0550742835058701,0.0227521830075824,0.0406239118038641,0.0633760948114465,0.0532551582770896,-0.0692697818325203,U.S. Open,Shinnecock Hills Golf Club,2026-06-15 16:29:15 UTC,2026-06-16T11:14:50.911009+00:00,0.13758
"Rose, Justin",6093,45,ENG,0,1.0986041944783,1.20260020910116,2.9704532179426,150,-0.0324179172068008,-0.0035935327355808,-0.0360114499423817,0.0151789112810477,-0.0048182852516571,0.106510878799411,-0.0580174176389365,,-0.0376410018179266,0.0276343992854021,0.0067191184139077,0.0343535176993099,0.0447141437287005,-0.097559138506004,U.S. Open,Shinnecock Hills Golf Club,2026-06-15 16:29:15 UTC,2026-06-16T11:14:50.911009+00:00,0.104
"Fitzpatrick, Alex",25362,27,ENG,0,1.02795603801623,1.1934850728393,2.88621409866696,150,0.0,-0.0446929382040281,-0.0446929382040281,0.0439995875921165,0.0010726123408084,0.0884198995355931,0.0226837202599,,0.0524923676384986,0.0228693629483164,0.016561330041847,0.0394306929901634,0.0845028929230883,0.0031230926700147,U.S. Open,Shinnecock Hills Golf Club,2026-06-15 16:29:15 UTC,2026-06-16T11:14:50.911009+00:00,0.16553
"Gerard, Ryan",29767,26,USA,0,1.17211325730295,1.12921992580221,2.89930174966019,150,0.0,-0.0446929382040281,-0.0446929382040281,0.0285037175502255,-0.0001275054961778,-0.0156826451061589,0.0252398648992298,,-0.0841268186642404,0.0290721736832741,0.0151853976926121,0.0442575713758862,0.0726337834299339,0.0087354221445292,U.S. Open,Shinnecock Hills Golf Club,2026-06-15 16:29:15 UTC,2026-06-16T11:14:50.911009+00:00,-0.04289
"Reitan, Kristoffer",21407,28,NOR,0,1.02073362424152,1.11809660726739,3.01144799513033,150,-9.91248902147213e-07,-0.0251547291490662,-0.0251557203979683,0.0073148730567738,-0.0230206621717821,0.0067982115396829,0.0190320850608576,,0.0933436654024392,0.0172261614024931,0.0108615264105187,0.0280876878130118,0.012381898698003501,0.0319628427228531,U.S. Open,Shinnecock Hills Golf Club,2026-06-15 16:29:15 UTC,2026-06-16T11:14:50.911009+00:00,0.09736
"Niemann, Joaquin",18079,27,CHI,0,0.803933369400584,1.10862385869805,2.95299507290702,150,0.0,-0.0446929382040281,-0.0446929382040281,0.0022301408183519,-0.0312527793402533,0.0731357296691467,0.0219533932200916,,0.316228812621927,0.0224075806169732,-0.0027363178063293,0.0196712628106439,-0.0093513757112575,-0.009583132298411,U.S. Open,Shinnecock Hills Golf Club,2026-06-15 16:29:15 UTC,2026-06-16T11:14:50.911009+00:00,0.30469
"Noren, Alex",10419,43,SWE,0,1.15248457500195,1.09391269546263,2.83684387013262,150,0.0049085502816523,-0.0143741309423235,-0.0094655806606711,0.0422932824724751,0.0206763772501905,0.0334991054302751,-0.049618656681139,,-0.0818578860704048,0.0147213385681978,0.0402646192684225,0.0549859578366203,0.11795561755928591,-0.0770844791166709,U.S. Open,Shinnecock Hills Golf Club,2026-06-15 16:29:15 UTC,2026-06-16T11:14:50.911009+00:00,-0.05857
"Hojgaard, Nicolai",23602,25,DEN,0,0.966711946314935,1.06236989328728,2.96410226723524,150,0.0,-0.0446929382040281,-0.0446929382040281,-0.0446390735519091,-0.0420499031883737,0.0081845118573763,0.0321779717774102,,0.134412000008149,0.0251339871121823,0.0125002572817523,0.0376342443939345,-0.04905473234634831,-0.0273688661202092,U.S. Open,Shinnecock Hills Golf Club,2026-06-15 16:29:15 UTC,2026-06-16T11:14:50.911009+00:00,0.09566
"Bridgeman, Jacob",29433,26,USA,0,0.939920283244024,1.02444213768372,2.91106553305785,150,0.0,-0.0446929382040281,-0.0446929382040281,0.0086546700386103,-0.0052670014018446,0.0780054521595082,0.0267005189788465,,0.0032556013911055,0.0172809581107143,0.0353553629310898,0.0526363210418041,0.0560239896785698,0.0502292304356959,U.S. Open,Shinnecock Hills Golf Club,2026-06-15 16:29:15 UTC,2026-06-16T11:14:50.911009+00:00,0.08452
"Smalley, Alex",18474,29,USA,0,1.02435035980538,0.966779838119508,2.91900094395829,150,0.0,-0.0446929382040281,-0.0446929382040281,0.0139741622895941,-0.0050318245610832,-0.0395365687117323,0.0128243052224857,,-0.118439587467964,0.0206914731296013,0.0223482974645333,0.0430397705941346,0.0519821083226455,0.0742921591527194,U.S. Open,Shinnecock Hills Golf Club,2026-06-15 16:29:15 UTC,2026-06-16T11:14:50.911009+00:00,-0.05757
"Puig, David",28984,24,ESP,0,0.955268246912835,0.95332630161959,2.9947262785733,150,0.0,-0.0446929382040281,-0.0446929382040281,-0.0345875086929032,-0.0415044136927539,0.048493829492199,0.0354644434565483,,0.0215767201998621,-0.0010611011568865,0.0375466858115858,0.0364855846546992,-0.0396063377309579,0.0018223374931309,U.S. Open,Shinnecock Hills Golf Club,2026-06-15 16:29:15 UTC,2026-06-16T11:14:50.911009+00:00,-0.00194
"Knapp, Jake",19396,32,USA,0,1.23707069663643,0.939590289910508,2.99979050483626,150,0.0,-0.0446929382040281,-0.0446929382040281,-0.0184001203756429,-0.0354615523350379,-0.191715777702628,0.0025997266651667,,-0.043474977839748,0.0118355624074674,0.0246994776855723,0.0365350400930398,-0.017326632617641002,0.0521301929729574,U.S. Open,Shinnecock Hills Golf Club,2026-06-15 16:29:15 UTC,2026-06-16T11:14:50.911009+00:00,-0.29748
"Straka, Sepp",17511,33,AUT,0,0.821690816456414,0.887904801084763,2.92028455581397,150,0.0,-0.0446929382040281,-0.0446929382040281,0.0247328075993633,0.0014847669681906,-0.0170995196532037,-0.002147399093588,,0.091203812807464,0.0315223556038591,-0.0015926723257598,0.0299296832780993,0.0561472578456532,-0.0121972290739492,U.S. Open,Shinnecock Hills Golf Club,2026-06-15 16:29:15 UTC,2026-06-16T11:14:50.911009+00:00,0.06621
"Bradley, Keegan",13872,40,USA,0,0.985219874201051,0.886788381206308,2.90083535244334,150,-0.0273251964979905,-0.0251547291490662,-0.0524799256470567,-0.0014728090274235,-0.0116885867143782,-0.0268799205107055,-0.03245597124564,,-0.0136041356085837,0.0127173391014171,0.031449859277528,0.0441671983789451,0.031005802637143403,-0.0270173426199002,U.S. Open,Shinnecock Hills Golf Club,2026-06-15 16:29:15 UTC,2026-06-16T11:14:50.911009+00:00,-0.09843
"Poston, J.T.",21554,33,USA,0,0.902055069941402,0.886618370896877,2.85104544304698,150,0.0,-0.0446929382040281,-0.0446929382040281,0.0365477799688232,0.0107617631674589,0.0523632703040903,-0.0017822355736839,,-0.0557723749570595,0.0197594897504477,0.0152587149504574,0.0350182047009051,0.0823277478371872,-0.0308801684510307,U.S. Open,Shinnecock Hills Golf Club,2026-06-15 16:29:15 UTC,2026-06-16T11:14:50.911009+00:00,-0.01544
"Hall, Harry",27194,28,ENG,0,0.853733351687039,0.857489101346962,2.81611658791094,150,0.0,-0.0446929382040281,-0.0446929382040281,-0.0150958211813305,0.0030434577094439,0.0266907307416598,0.0164759404215279,,-0.0003774909791741,0.0135048651827704,0.0565173560015862,0.0700222211843567,0.05796985771247011,-0.0003103500325319,U.S. Open,Shinnecock Hills Golf Club,2026-06-15 16:29:15 UTC,2026-06-16T11:14:50.911009+00:00,0.00376
"Woodland, Gary",12577,42,USA,0,0.858212386388918,0.851481325667935,2.95552918280068,150,0.0083956641345012,-0.0143741309423235,-0.0059784668078222,0.0038094300783691,-0.0330952528295546,0.0458719024194596,-0.0415850592432458,,-0.0136878339987972,0.0111177590982242,-0.008440156401501,0.0026776026967231,-0.0266082200544624,0.0132566169638844,U.S. Open,Shinnecock Hills Golf Club,2026-06-15 16:29:15 UTC,2026-06-16T11:14:50.911009+00:00,-0.00673
"Mitchell, Keith",17365,34,USA,0,0.787258118509475,0.838588687386409,2.94002637805113,150,0.0,-0.0446929382040281,-0.0446929382040281,-0.0069896592978771,-0.0248238116728837,0.0958225036068647,-0.007990015412056,,0.0661009126356134,0.0180787417409467,-0.0072842741380135,0.0107944676029331,-0.0210190033678277,-0.0328908903816328,U.S. Open,Shinnecock Hills Golf Club,2026-06-15 16:29:15 UTC,2026-06-16T11:14:50.911009+00:00,0.05133
"Fox, Ryan",11889,39,NZL,0,0.807265015387145,0.80182402232164,2.8729962107464,150,0.0148958168191183,-0.0143741309423235,0.0005216858767947,-0.0388613479509883,-0.0195383769944847,0.103711486367279,-0.029534663086406,,-0.130578321558282,0.0148194265732496,0.0106925123409226,0.0255119389141722,-0.0328877860313008,0.0163266053664104,U.S. Open,Shinnecock Hills Golf Club,2026-06-15 16:29:15 UTC,2026-06-16T11:14:50.911009+00:00,-0.00544
"Koivun, Jackson",32319,21,USA,0,0.87237369495235,0.785996268665563,2.90898836387429,150,0.0,-0.0446929382040281,-0.0446929382040281,0.0247144356741714,-0.0084561277535634,-0.0441768311290521,0.0508013112925264,,-0.0285917449382433,0.0065674777327611,0.017460402516203,0.0240278802489642,0.040286188169572204,0.0089965885224382,U.S. Open,Shinnecock Hills Golf Club,2026-06-15 16:29:15 UTC,2026-06-16T11:14:50.911009+00:00,-0.08638
"Harman, Brian",8825,39,USA,0,0.604102127314479,0.773855530816084,2.85932440041324,150,0.0081827791698701,-0.0143741309423235,-0.0061913517724534,0.0302203076491528,0.0148519382936397,0.0003027231372347,-0.0298998266063102,,0.0766767518716818,0.0143879451031955,0.0201623345136376,0.0345502796168331,0.0796225255596256,-0.0397574186881735,U.S. Open,Shinnecock Hills Golf Club,2026-06-15 16:29:15 UTC,2026-06-16T11:14:50.911009+00:00,0.16975
"Fowler, Rickie",12965,37,USA,0,0.829237888530782,0.758474136156866,2.93385929544922,150,1.86609291246285e-05,-0.0143741309423235,-0.0143554700131989,0.0263541208574286,0.0001252246727269,-0.146342729274916,-0.0215010656485128,,-0.0380059801456637,0.0067837669669384,0.0147650125861688,0.0215487795531073,0.0480281250832628,-0.0605866323748874,U.S. Open,Shinnecock Hills Golf Club,2026-06-15 16:29:15 UTC,2026-06-16T11:14:50.911009+00:00,-0.07076
"Theegala, Sahith",23014,28,USA,0,0.555963495230151,0.7386936685878,2.94293154326315,150,0.0,-0.0446929382040281,-0.0446929382040281,-0.01931912438327,-0.0104179227493528,0.113306705512058,0.0179365945011449,,0.0813887371449596,0.0127399871077286,0.0278908973797693,0.0406308844874979,0.010893837354875105,-0.0061027629513603,U.S. Open,Shinnecock Hills Golf Club,2026-06-15 16:29:15 UTC,2026-06-16T11:14:50.911009+00:00,0.18273
"Taylor, Nick",13126,38,CAN,0,0.765250651252954,0.716506124149852,2.8166349167181,150,0.0,-0.0446929382040281,-0.0446929382040281,0.0313398346844464,0.0152342332501153,0.0558394802230672,-0.0244223738077466,,-0.116611465642528,0.0116048850672072,0.0283712437018426,0.0399761287690498,0.0865501967036115,-0.0324074263754787,U.S. Open,Shinnecock Hills Golf Club,2026-06-15 16:29:15 UTC,2026-06-16T11:14:50.911009+00:00,-0.04874
"Putnam, Andrew",14704,37,USA,0,0.575076825504377,0.708586672098153,2.74204894913419,150,0.0,-0.0446929382040281,-0.0446929382040281,0.0804290130904785,0.0532563223910661,0.0753074288585717,-0.0207707386087042,,-0.0496269153087759,0.00858957198132,0.0518831585891913,0.0604727305705113,0.1941580660520559,-0.0618650561953441,U.S. Open,Shinnecock Hills Golf Club,2026-06-15 16:29:15 UTC,2026-06-16T11:14:50.911009+00:00,0.13351
"Bhatia, Akshay",26096,24,USA,0,0.943372649775925,0.707439292091005,2.89743221069557,150,0.0,-0.0446929382040281,-0.0446929382040281,-0.017583778344002,0.0012141053551259,-0.0791271427060415,0.0361947704963568,,-0.233288069098545,0.0139370204868543,0.0417163562547798,0.0556533767416341,0.039283703752758,0.0476963180745795,U.S. Open,Shinnecock Hills Golf Club,2026-06-15 16:29:15 UTC,2026-06-16T11:14:50.911009+00:00,-0.23593
"Kim, Tom",24766,24,KOR,0,0.345903244921672,0.676745066422697,2.88117903517758,150,0.0,-0.0446929382040281,-0.0446929382040281,0.0167601320250321,0.007328470245048,0.152534133592671,0.0376554245759737,,0.069426381968326,0.0191201485595249,0.0168493891685103,0.0359695377280351,0.0600581399981152,-0.0091393204300335,U.S. Open,Shinnecock Hills Golf Club,2026-06-15 16:29:15 UTC,2026-06-16T11:14:50.911009+00:00,0.33084
"Johnson, Dustin",12422,41,USA,0,0.560620818066724,0.670050490599292,2.97420813673905,150,0.0233498440295051,-0.0143741309423235,0.0089757130871815,-0.0142061979675173,-0.0184713969507767,0.166585249208004,-0.0408547322034372,,-0.1133044233559,-0.0027400940159812,0.0270161995997433,0.0242761055837621,-0.0084014893345319,-0.0225706448687492,U.S. Open,Shinnecock Hills Golf Club,2026-06-15 16:29:15 UTC,2026-06-16T11:14:50.911009+00:00,0.10943
"Hisatsune, Ryo",22760,23,JPN,0,0.308771147485202,0.632797577820246,2.91374983913213,150,0.0,-0.0446929382040281,-0.0446929382040281,0.0281813640763252,-0.0035550609064406,-0.0253751579163631,0.0387509151356865,,0.312638432092316,0.0138660449680882,-0.0069737456974533,0.0068922992706348,0.031518602440519405,0.0291865767869135,U.S. Open,Shinnecock Hills Golf Club,2026-06-15 16:29:15 UTC,2026-06-16T11:14:50.911009+00:00,0.32403
"Conners, Corey",17576,34,CAN,0,0.406275714163445,0.610181059304613,2.88991233969488,150,0.0,-0.0446929382040281,-0.0446929382040281,0.048772802934382,0.0060613002393949,0.0248156702858427,-0.0079900154120559,,0.110970369351735,0.0181671999872201,-0.0070983057310708,0.0110688942561492,0.0659029974299261,-0.0251007383102527,U.S. Open,Shinnecock Hills Golf Club,2026-06-15 16:29:15 UTC,2026-06-16T11:14:50.911009+00:00,0.20391
"Berger, Daniel",17606,33,USA,0,0.571080638633766,0.606935740386569,2.90422150742761,150,0.0310507398005602,-0.0143741309423235,0.0166766088582366,0.0299225885629477,-0.0040421248155278,-0.0055687902316217,-0.0025125626134924,,0.0436237515823293,0.0207874214150286,-0.0148707566358511,0.0059166647791775,0.0317971285265974,-0.0591610343692469,U.S. Open,Shinnecock Hills Golf Club,2026-06-15 16:29:15 UTC,2026-06-16T11:14:50.911009+00:00,0.03586
"Day, Jason",9771,38,AUS,0,0.662083580783013,0.605557007235223,2.90895290100404,150,-0.0213676029839098,-0.0251547291490662,-0.046522332132976,0.0009897759779023,0.0027238064854684,-0.0927198616298345,-0.0262481914072678,,0.0321317212748821,-0.0058715297955424,0.0476983089875324,0.04182677919199,0.045540361655360705,-0.0997082713079539,U.S. Open,Shinnecock Hills Golf Club,2026-06-15 16:29:15 UTC,2026-06-16T11:14:50.911009+00:00,-0.05653
"Thompson, Davis",27364,27,USA,0,0.456818198170402,0.588643950189107,2.88995110314049,150,0.0,-0.0446929382040281,-0.0446929382040281,0.0116908308429849,-0.0089586005696797,0.0735158145808227,0.0245095378594212,,0.0503106850043437,0.0123473915093767,0.0110409219209256,0.0233883134303023,0.0261205437036075,0.0260621090745383,U.S. Open,Shinnecock Hills Golf Club,2026-06-15 16:29:15 UTC,2026-06-16T11:14:50.911009+00:00,0.13183
"Novak, Andrew",23475,31,USA,0,0.431786320210511,0.574005196994268,2.95287621403527,150,0.0,-0.0446929382040281,-0.0446929382040281,0.0056356254630423,-0.0039941487891184,-0.0284061970291867,0.0062513618642093,,0.194979883143901,0.0208617657484437,-0.0034595679826725,0.0174021977657711,0.019043674439695,0.0550430925691658,U.S. Open,Shinnecock Hills Golf Club,2026-06-15 16:29:15 UTC,2026-06-16T11:14:50.911009+00:00,0.14222
"Stevens, Sam",25569,29,USA,0,0.347141671351717,0.560111752256335,2.88763021061246,150,0.0,-0.0446929382040281,-0.0446929382040281,0.0028712004155258,-0.0157949068691171,-0.0295989765353052,0.0117288146627729,,0.246428225795626,0.0151272844415725,-0.0061351529508233,0.0089921314907491,-0.0039315749628421985,0.0310365301483941,U.S. Open,Shinnecock Hills Golf Club,2026-06-15 16:29:15 UTC,2026-06-16T11:14:50.911009+00:00,0.21297
"McCarty, Matt",28635,28,USA,0,0.631220304579522,0.558557201445709,2.88753366829522,150,0.0,-0.0446929382040281,-0.0446929382040281,0.0237622912974282,0.0101089409297645,-0.0712794214196149,0.0179365945011448,,-0.0325343373156073,0.0108824344670177,0.0188252812846277,0.0297077157516455,0.0635789479788382,0.062328051325454,U.S. Open,Shinnecock Hills Golf Club,2026-06-15 16:29:15 UTC,2026-06-16T11:14:50.911009+00:00,-0.07266
"Yellamaraju, Sudarshan",29925,24,CAN,0,0.508059472142973,0.558373790028274,2.94386160824855,150,0.0,-0.0446929382040281,-0.0446929382040281,0.0119973502779922,-0.0198589289806327,0.0448533488277048,0.0336386258570271,,0.0611030385145622,0.008627283392312,-8.75316107956295e-05,0.0085397517815164,0.0006781730788758995,0.0407340698111585,U.S. Open,Shinnecock Hills Golf Club,2026-06-15 16:29:15 UTC,2026-06-16T11:14:50.911009+00:00,0.05031
"Schaper, Jayden",26991,25,RSA,0,0.589947086083178,0.551777332759013,2.84507223641639,150,0.0,-0.0446929382040281,-0.0446929382040281,0.0524521734795494,0.0137620758856844,-0.0981897243222243,0.0321779717774101,,0.162054008430248,0.0092813550786134,0.0107350965683284,0.0200164516469418,0.08623070101217559,-0.0311659488987315,U.S. Open,Shinnecock Hills Golf Club,2026-06-15 16:29:15 UTC,2026-06-16T11:14:50.911009+00:00,-0.03817
"Kim, Michael",17543,32,USA,0,0.592138720617144,0.541992680961151,2.89279084618499,150,0.0,-0.0446929382040281,-0.0446929382040281,-0.0194232902445853,0.0047891465002735,-0.0009334740918497,-0.0014170720537797,,-0.0280419425279105,0.0109382465104205,0.0346374934932059,0.0455757400036264,0.030941596259314603,-0.0270022090377388,U.S. Open,Shinnecock Hills Golf Club,2026-06-15 16:29:15 UTC,2026-06-16T11:14:50.911009+00:00,-0.05015
"Im, Sungjae",17488,28,KOR,0,0.318962004120806,0.496891928061102,2.91524670433178,150,0.0022518316844535,-0.0251547291490662,-0.0229028974646126,0.0192891651833972,0.0016166879568351,0.0615337128582506,0.0193972485807619,,0.11952760905822,-0.0106812240402444,0.0429996074805659,0.0323183834403215,0.0532242365805538,0.0001500143271226,U.S. Open,Shinnecock Hills Golf Club,2026-06-15 16:29:15 UTC,2026-06-16T11:14:50.911009+00:00,0.17793
"McGreevy, Max",23505,31,USA,0,0.300213828721965,0.484402272937084,2.85252003281951,150,0.0,-0.0446929382040281,-0.0446929382040281,0.0485944955497539,0.0115658157154256,0.0404557350936155,0.0066165253841135,,0.186220221240531,0.0195696125862883,-0.0134531989579402,0.006116413628348,0.0662767248935275,0.0053121758073592,U.S. Open,Shinnecock Hills Golf Club,2026-06-15 16:29:15 UTC,2026-06-16T11:14:50.911009+00:00,0.18419
"Greyserman, Max",23465,31,USA,0,0.327473663472563,0.48105754936978,2.99881334050578,150,0.0,-0.0446929382040281,-0.0446929382040281,-0.0405748783758339,-0.0199175929995028,0.026606164913266,0.0069816889040177,,0.117805770933512,0.0069726467214264,0.0203749286776855,0.027347575399112,-0.0331448959762247,0.024028095326674,U.S. Open,Shinnecock Hills Golf Club,2026-06-15 16:29:15 UTC,2026-06-16T11:14:50.911009+00:00,0.15358
"Smith, Cameron",15856,32,AUS,0,0.429202673626995,0.475591418272291,2.86009494632469,150,-0.006985512318486,-0.0251547291490662,-0.0321402414675522,-0.056704062251557,0.0088413255834612,0.17660266282862,-0.0010519085338754,,-0.232888173956199,-0.0037262006880483,0.0735395666278731,0.0698133659398248,0.021950629271729007,-0.0060842234974266,U.S. Open,Shinnecock Hills Golf Club,2026-06-15 16:29:15 UTC,2026-06-16T11:14:50.911009+00:00,0.04639
"Coody, Pierceson",28309,26,USA,0,0.548799262464241,0.468798776519169,2.93567879186749,150,0.0,-0.0446929382040281,-0.0446929382040281,-0.0054107644593928,-0.0296571218013411,-0.055251670750463,0.0270656824987509,,0.0235870452636367,0.0033016323833935,0.0005578332620457,0.0038594656454392,-0.031208420615294698,0.0784998158623261,U.S. Open,Shinnecock Hills Golf Club,2026-06-15 16:29:15 UTC,2026-06-16T11:14:50.911009+00:00,-0.08
"Herbert, Lucas",17064,30,AUS,0,0.339788175399396,0.432005066173699,2.98259774215706,150,-0.0164037929100853,-0.0251547291490662,-0.0415585220591515,-0.0266199176193809,-0.0160062043417077,0.0480168683140091,0.0091726700234432,,0.0632480561468801,0.0074368704222936,0.0078271198763252,0.0152639902986189,-0.027362131662469702,-0.0033000499884078,U.S. Open,Shinnecock Hills Golf Club,2026-06-15 16:29:15 UTC,2026-06-16T11:14:50.911009+00:00,0.09222
"Brennan, Michael",29197,24,USA,0,0.263958597276093,0.368394057729376,3.01143495301848,150,0.0,-0.0446929382040281,-0.0446929382040281,-0.0024699467893267,-0.0438535976173649,0.0031418884528787,0.0361947704963568,,0.14251511300824,0.0024684150784127,-0.0243863481011592,-0.0219179330227465,-0.0682414774294381,0.103518104129274,U.S. Open,Shinnecock Hills Golf Club,2026-06-15 16:29:15 UTC,2026-06-16T11:14:50.911009+00:00,0.10444
"Mouw, William",29770,25,USA,0,0.194774082020296,0.312695425161429,2.93010680024635,150,0.0,-0.0446929382040281,-0.0446929382040281,0.0103052316172746,-0.0125050856182662,0.0710582023862607,0.0299869906579848,,0.124725228167508,0.0076938432275091,-0.0064323042036427,0.0012615390238663,-0.0009383149771253001,0.0067821751105329,U.S. Open,Shinnecock Hills Golf Club,2026-06-15 16:29:15 UTC,2026-06-16T11:14:50.911009+00:00,0.11792
"Kohles, Ben",16395,36,USA,0,0.099461925070752,0.295823603004611,2.83141671802432,150,0.0,-0.0446929382040281,-0.0446929382040281,0.0741927270434474,0.0233239427766957,0.119411549721331,-0.0160236128499492,,0.0810604899078723,0.0222829476814886,-0.0312546914870818,-0.0089717438055931,0.08854492601455,0.0020612633440832,U.S. Open,Shinnecock Hills Golf Club,2026-06-15 16:29:15 UTC,2026-06-16T11:14:50.911009+00:00,0.19636
"Keefer, Johnny",32457,25,USA,0,0.140921766440888,0.228111800617107,2.97809260156946,150,0.0,-0.0446929382040281,-0.0446929382040281,-0.0069191785041412,-0.0310015523064816,0.0971341963933872,0.0314476447376017,,0.0880960549414922,0.0141071440231944,-0.0362953141068651,-0.0221881700836707,-0.06010890089429349,0.0613139772020598,U.S. Open,Shinnecock Hills Golf Club,2026-06-15 16:29:15 UTC,2026-06-16T11:14:50.911009+00:00,0.08719
"James, Ben",29827,23,USA,0,0.111927053954285,0.218502327052397,2.91418082960393,150,0.0,-0.0446929382040281,-0.0446929382040281,0.0119832061353947,-0.0063663075351111,0.14111535775153,0.0420373868148246,,0.0181066651681659,0.0132626240837104,-0.0232183753471149,-0.0099557512634045,-0.0043388526631209,0.0123476542307402,U.S. Open,Shinnecock Hills Golf Club,2026-06-15 16:29:15 UTC,2026-06-16T11:14:50.911009+00:00,0.10658
"Suber, Jackson",29279,26,USA,0,0.0796118899722718,0.210320413637931,2.99322906741876,150,0.0,-0.0446929382040281,-0.0446929382040281,-0.0058176517484225,-0.0069523054847777,0.166728990557528,0.0259701919390381,,0.059009933186499,0.0125899611879009,-0.0120477238117357,0.0005422373761651,-0.0122277198570351,0.0059200660436571,U.S. Open,Shinnecock Hills Golf Club,2026-06-15 16:29:15 UTC,2026-06-16T11:14:50.911009+00:00,0.13071
"Schmid, Matti",20722,28,GER,0,0.185410768259888,0.187165576071591,2.99277054355431,150,0.0,-0.0446929382040281,-0.0446929382040281,-0.0330998805352657,-0.0189079158478818,0.0457117263804282,0.0175714309812407,,0.0334167736804079,-0.0018162105394322,0.0122397964274767,0.0104235858880445,-0.041584210495103,0.0063320254687579,U.S. Open,Shinnecock Hills Golf Club,2026-06-15 16:29:15 UTC,2026-06-16T11:14:50.911009+00:00,0.00175
"Grillo, Emiliano",12808,33,ARG,0,-0.0177533926463277,0.146372391478535,2.86836038318597,150,-0.0084875085289944,-0.0251547291490662,-0.0336422376780606,0.0626871394761973,0.0140857388912973,0.0889145033808325,-0.005068707252822,,0.0829566306307629,0.0058552666787933,-0.0188250657386243,-0.012969799059831,0.0638030793076636,-0.0178374842635134,U.S. Open,Shinnecock Hills Golf Club,2026-06-15 16:29:15 UTC,2026-06-16T11:14:50.911009+00:00,0.16413
"Kirk, Chris",12423,41,USA,0,0.232250258338097,0.129298526794847,2.88160512277419,150,0.0,-0.0446929382040281,-0.0446929382040281,0.0127744509170177,0.0027921603225366,-0.0198079867956575,-0.0372030970043949,,0.0530556256686365,0.0130867278344798,-0.016847750590522,-0.0037610227560421,0.0118055884835122,-0.0961089236913175,U.S. Open,Shinnecock Hills Golf Club,2026-06-15 16:29:15 UTC,2026-06-16T11:14:50.911009+00:00,-0.10295
"Rodgers, Patrick",16283,33,USA,0,0.190846302525034,0.0688193084753753,2.92111069239016,150,0.0119478886537286,-0.0143741309423235,-0.0024262422885949,-0.0372286624818084,-0.0125114206852505,0.0095527173678919,-0.0057990342926305,,-0.0787498731273082,-0.0055137486055083,0.0222563644467179,0.0167426158412095,-0.0329974673258494,-0.0226070943831674,U.S. Open,Shinnecock Hills Golf Club,2026-06-15 16:29:15 UTC,2026-06-16T11:14:50.911009+00:00,-0.12203
"Parry, John",13764,39,ENG,0,0.0104525924154388,0.0463806281966385,2.83211713368395,150,0.0,-0.0446929382040281,-0.0446929382040281,0.0239604090955729,0.0147670921042223,0.017336039787774,-0.0306301536461187,,0.0031711433041929,0.0132657316892324,-0.0151907374528725,-0.0019250057636401,0.036802495436155096,0.0299414491032244,U.S. Open,Shinnecock Hills Golf Club,2026-06-15 16:29:15 UTC,2026-06-16T11:14:50.911009+00:00,0.03593
"Kimsey, Nathan",18027,33,ENG,0,-0.0345503397618241,0.0148677872936659,2.90776718355056,150,0.0,-0.0446929382040281,-0.0446929382040281,0.0604502155521095,0.0049342443281211,0.0060736157970958,-0.0028777261333966,,0.151900253906158,-0.0062752304998521,-0.010223977846489,-0.0164992083463411,0.04888525153388951,-0.0178703298442288,U.S. Open,Shinnecock Hills Golf Club,2026-06-15 16:29:15 UTC,2026-06-16T11:14:50.911009+00:00,0.04942
"Dumont De Chassart, Adrien",22002,26,BEL,0,0.0942631245953418,0.0086841899709775,2.93250185667209,150,0.0,-0.0446929382040281,-0.0446929382040281,-0.0390728624576425,-0.0158480523939172,0.0012288807699508,0.0277960095385593,,-0.0079290384972207,-0.0033440761345868,0.0243387876737608,0.0209947115391739,-0.0339262033123858,0.0429443550807601,U.S. Open,Shinnecock Hills Golf Club,2026-06-15 16:29:15 UTC,2026-06-16T11:14:50.911009+00:00,-0.08558
"Ortiz, Carlos",14735,35,MEX,0,0.131459645526391,0.0084176798894525,2.94747563530579,150,0.0,-0.0446929382040281,-0.0446929382040281,-0.0176908562175217,-0.0107594404127225,-0.101878494077671,-0.0109113235712899,,0.109358937713415,0.0068658003857818,-0.0074233719476424,-0.0005575715618606,-0.0290078681921048,0.0080897206947401,U.S. Open,Shinnecock Hills Golf Club,2026-06-15 16:29:15 UTC,2026-06-16T11:14:50.911009+00:00,-0.12304
"Dossey, Cooper",29347,28,USA,0,0.148687178714787,-0.0083063781609732,2.89426233884285,150,0.0,-0.0446929382040281,-0.0446929382040281,0.0300107119224346,0.0047908346867014,-0.0245965369995562,0.0190320850608576,,-0.0243689323846558,-0.0040759084019097,-0.0130867732648079,-0.0171626816667177,0.0176388649424183,-6.09929079586902e-06,U.S. Open,Shinnecock Hills Golf Club,2026-06-15 16:29:15 UTC,2026-06-16T11:14:50.911009+00:00,-0.15699
"Echavarria, Nico",22833,31,COL,0,0.202108807657854,-0.016942670594285,2.94417083620355,150,0.0,-0.0446929382040281,-0.0446929382040281,0.0143469522630899,0.0150669385101484,-0.0241522169526124,0.0033300537049754,,-0.168832925702743,0.0014978836772674,0.006898052212934,0.0083959358902014,0.0378098266634397,0.0104867222388297,U.S. Open,Shinnecock Hills Golf Club,2026-06-15 16:29:15 UTC,2026-06-16T11:14:50.911009+00:00,-0.21905
"Blair, Zac",17639,35,USA,0,-0.0641715253480054,-0.110543166836651,2.78546114363983,150,0.0,-0.0446929382040281,-0.0446929382040281,0.0529886814668685,0.0454060573469545,-0.0213504687986685,-0.014197795250428,,-0.0781257593072672,0.0142465488769971,-0.0138464918328685,0.0004000570441285,0.09879479585795149,0.012200524213795,U.S. Open,Shinnecock Hills Golf Club,2026-06-15 16:29:15 UTC,2026-06-16T11:14:50.911009+00:00,-0.04637
"Horschel, Billy",11276,39,USA,0,0.108369725048025,-0.110706181138509,2.90710428467398,150,0.0,-0.0446929382040281,-0.0446929382040281,-0.0142885479352577,0.0069108325130396,0.0776977768347575,-0.0302649901262144,,-0.178616208582227,0.0044358110498795,0.0019498108984252,0.0063856219483048,-0.0009920934739132995,-0.0722074526349085,U.S. Open,Shinnecock Hills Golf Club,2026-06-15 16:29:15 UTC,2026-06-16T11:14:50.911009+00:00,-0.21908
"Stout, Preston",32089,21,USA,1,-0.0111359702794971,-0.126159201251683,2.97721282816264,150,0.0,-0.0446929382040281,-0.0446929382040281,0.0084477432011292,-0.0219478941569719,-0.01017987835073,0.0467845125735797,,0.0438637914432681,-0.0029315779647148,-0.042466275456872,-0.0453978534215869,-0.0588980043774296,0.0080992859431534,U.S. Open,Shinnecock Hills Golf Club,2026-06-15 16:29:15 UTC,2026-06-16T11:14:50.911009+00:00,-0.11502
"Saddier, Adrien",14792,34,FRA,0,-0.262377706988881,-0.19706876979512,2.95968611707441,150,0.0,-0.0446929382040281,-0.0446929382040281,0.0225819952327689,0.0036422788538208,-0.121533034534172,-0.0065293613324389,,0.239873939172548,-0.0034237735422136,-0.0094031294546037,-0.0128269029968175,0.0133973710897722,0.0557929610020803,U.S. Open,Shinnecock Hills Golf Club,2026-06-15 16:29:15 UTC,2026-06-16T11:14:50.911009+00:00,0.06531
"Roy, Kevin",18424,36,USA,0,-0.138290946876911,-0.259852642863773,2.93225209509673,150,0.0,-0.0446929382040281,-0.0446929382040281,-0.0059987708010419,-0.0018181136278374,0.0240796658439106,-0.0160236128499492,,0.0123235938061048,-0.0112109144612886,0.0190474623106343,0.0078365478493456,1.966342046630029e-05,0.002731931996634,U.S. Open,Shinnecock Hills Golf Club,2026-06-15 16:29:15 UTC,2026-06-16T11:14:50.911009+00:00,-0.12156
"Shipley, Neal",32055,25,USA,0,-0.42451569291707,-0.27542912885443,2.98332808301285,150,0.0,-0.0446929382040281,-0.0446929382040281,0.0266301871261899,-0.0107971343850462,0.0108555776796193,0.0314476447376018,,0.139030228516903,-0.008193425444753,-0.033396996847596,-0.0415904222923491,-0.0257573695512054,0.0502034208837486,U.S. Open,Shinnecock Hills Golf Club,2026-06-15 16:29:15 UTC,2026-06-16T11:14:50.911009+00:00,0.14909
"Du Plessis, Hennie",19421,29,RSA,0,-0.0147605524373087,-0.299231409083734,2.93165285645653,150,0.0,-0.0446929382040281,-0.0446929382040281,-0.0189293581808532,-0.0199804990558601,-0.0810567819130276,0.0128243052224856,,0.0836804625431033,0.0061005757114656,-0.0271715609008944,-0.0210709851894288,-0.0599808424261421,0.0047549381311836,U.S. Open,Shinnecock Hills Golf Club,2026-06-15 16:29:15 UTC,2026-06-16T11:14:50.911009+00:00,-0.28447
"Coussaud, Ugo",20727,33,FRA,0,0.0236251448680027,-0.30975796346286,2.95174069851481,150,0.0,-0.0446929382040281,-0.0446929382040281,-0.0346653595533156,-0.0129818248379739,-0.0699814184320174,-0.0047035437329177,,0.0140072092224416,-0.0062023047749322,0.0018775457623874,-0.0043247590125447,-0.0519719434038342,-0.0060404737805072,U.S. Open,Shinnecock Hills Golf Club,2026-06-15 16:29:15 UTC,2026-06-16T11:14:50.911009+00:00,-0.33338
"Canter, Laurie",14795,36,ENG,0,-0.368044138857003,-0.366469489612075,2.94391472605062,150,0.0,-0.0446929382040281,-0.0446929382040281,0.0293465153997955,-0.0050215499188562,-0.0025580138571089,-0.0174842669295661,,0.195045921656124,0.0050672485829124,-0.04742855571744,-0.0423613071345275,-0.018036341653588202,-0.0066983387682556,U.S. Open,Shinnecock Hills Golf Club,2026-06-15 16:29:15 UTC,2026-06-16T11:14:50.911009+00:00,0.00157
"Wu, Dylan",25002,29,USA,0,-0.424738194504021,-0.378712173910182,2.83372882804054,150,0.0,-0.0446929382040281,-0.0446929382040281,0.0055954092500649,0.0094494942537169,0.0558668547587829,0.0117288146627729,,0.0240509704509463,0.0023309900535123,-0.0150347320470556,-0.0127037419935433,0.0023411615102384986,0.0197311574151264,U.S. Open,Shinnecock Hills Golf Club,2026-06-15 16:29:15 UTC,2026-06-16T11:14:50.911009+00:00,0.04603
"Jordan, Matthew",25601,30,ENG,0,-0.310263433197848,-0.422022077614577,2.92326794163796,150,0.0,-0.0446929382040281,-0.0446929382040281,-0.0072810627107465,0.0030872498806703,-0.0371239897519622,0.0095378335433474,,0.0632887302469877,-0.007594847838463,-0.0031023722327127,-0.0106972200711758,-0.014891032901252,-0.0079355284400439,U.S. Open,Shinnecock Hills Golf Club,2026-06-15 16:29:15 UTC,2026-06-16T11:14:50.911009+00:00,-0.11176
"Phillips, Chandler",27164,29,USA,0,-0.425489450357764,-0.460238231645277,2.89170904798429,150,0.0,-0.0446929382040281,-0.0446929382040281,0.0059548933281678,0.0150897328688527,0.0695541510365752,0.0135546322622941,,-0.0307149132502481,-0.0195945846432963,0.0277046478186698,0.0081100631753735,0.029154689372394002,0.0283955974955004,U.S. Open,Shinnecock Hills Golf Club,2026-06-15 16:29:15 UTC,2026-06-16T11:14:50.911009+00:00,-0.03475
"Stanger, Jimmy",23048,31,USA,0,-0.615132220304162,-0.529751194622196,2.99985527843146,150,0.0,-0.0446929382040281,-0.0446929382040281,-0.0163353171300341,-0.0182169890807795,0.252200542899601,0.0062513618642092,,0.0327947616525775,-0.0253524944536079,0.002017955695759,-0.0233345387578489,-0.057886844968662504,-0.0032858575617312,U.S. Open,Shinnecock Hills Golf Club,2026-06-15 16:29:15 UTC,2026-06-16T11:14:50.911009+00:00,0.08538
"Hammer, Cole",19864,26,USA,0,-0.463396435652077,-0.567120596845692,2.96232345631058,150,0.0,-0.0446929382040281,-0.0446929382040281,0.0017910315615642,-0.0017472793601727,0.0256873516497434,0.0256050284191339,,-0.0148479596337712,-0.0014334501880248,-0.0279853522041286,-0.0294188023921535,-0.029375050190762003,0.0088994067660684,U.S. Open,Shinnecock Hills Golf Club,2026-06-15 16:29:15 UTC,2026-06-16T11:14:50.911009+00:00,-0.10372
"Surratt, Caleb",30463,22,USA,0,-0.414983836359828,-0.570928730202585,3.01180360444651,150,0.0,-0.0446929382040281,-0.0446929382040281,-0.0297200984718592,-0.021773225626721,-0.0618697938856405,0.0453238584939628,,0.0441714782194271,-0.0229872096166533,0.0010299268668216,-0.0219572827498316,-0.07345060684841181,0.0345731083819337,U.S. Open,Shinnecock Hills Golf Club,2026-06-15 16:29:15 UTC,2026-06-16T11:14:50.911009+00:00,-0.15594
"Silverman, Ben",17381,38,CAN,0,-0.4892052775992,-0.640268559146769,2.8885695432171,150,0.0,-0.0446929382040281,-0.0446929382040281,0.0163340144144157,0.023417420052736,0.0844052681785349,-0.0262481914072678,,-0.149473433376455,-0.0142901018700835,0.004485495907296,-0.0098046059627874,0.029946828504364302,0.0179991847572837,U.S. Open,Shinnecock Hills Golf Club,2026-06-15 16:29:15 UTC,2026-06-16T11:14:50.911009+00:00,-0.15106
"Nicholas, James",27598,29,USA,0,-0.623894258528915,-0.766436903299272,3.06902277581217,150,0.0,-0.0446929382040281,-0.0446929382040281,-0.0518461655829112,-0.0185820751707333,0.0960892550374403,0.0146501228220067,,-0.0502282685061761,-0.0115544604023181,-0.0222443246011003,-0.0337987850034184,-0.1042270257570629,0.0038662098374626,U.S. Open,Shinnecock Hills Golf Club,2026-06-15 16:29:15 UTC,2026-06-16T11:14:50.911009+00:00,-0.14254
"Russell, Miles",32064,17,USA,1,-0.517088572215917,-0.772888248159738,2.9753644770136,150,0.0,-0.0446929382040281,-0.0446929382040281,-0.0021004459291316,0.0024352142670599,-0.115967572689725,0.0657730156086,,-0.0284776413459081,-0.0082353504580412,-0.0271638355715982,-0.0353991860296394,-0.0350644176917111,0.0026298783789505,U.S. Open,Shinnecock Hills Golf Club,2026-06-15 16:29:15 UTC,2026-06-16T11:14:50.911009+00:00,-0.2558
"Higgs, Harry",14140,34,USA,0,-0.85673707853821,-0.87519868866664,3.00806014284694,150,0.0,-0.0446929382040281,-0.0446929382040281,-0.019668186330967,-0.0068610721807866,0.0962232241096012,-0.00835517893196,,0.0113507188748079,-0.0148090106092551,-0.0252218026307901,-0.0400308132400452,-0.0665600717517988,0.0075726357749472,U.S. Open,Shinnecock Hills Golf Club,2026-06-15 16:29:15 UTC,2026-06-16T11:14:50.911009+00:00,-0.01846
"Sato, Taihei",14371,32,JPN,0,-0.651714969129366,-0.899743430567877,2.96808071491923,150,0.0,-0.0446929382040281,-0.0446929382040281,-0.0028194250232288,0.0052427919093753,0.0023240883925929,-0.0014170720537796,,-0.0132132380931422,-0.0117067182512114,-0.0117777276323076,-0.023484445883519,-0.0210610789973725,3.1777517219056e-05,U.S. Open,Shinnecock Hills Golf Club,2026-06-15 16:29:15 UTC,2026-06-16T11:14:50.911009+00:00,-0.24803
"Tosti, Alejandro",17032,30,ARG,0,-1.00960961433124,-0.906289396361482,3.13930447627539,150,0.0,-0.0446929382040281,-0.0446929382040281,-0.0378290496142548,-0.0246792191637717,0.0531488692297442,0.0113636511428684,,0.248391560178952,-0.0173085430170164,-0.0361468997834145,-0.053455442800431,-0.1159637115784575,0.0210727872006837,U.S. Open,Shinnecock Hills Golf Club,2026-06-15 16:29:15 UTC,2026-06-16T11:14:50.911009+00:00,0.10332
"Yuan, Carl",17266,29,CHN,0,-0.855851122544586,-0.919016720577495,3.04791065959816,150,0.0,-0.0446929382040281,-0.0446929382040281,-0.0146868984686357,-0.011695160096673,0.129571963922866,0.0146501228220068,,0.0008584685616919,-0.0202764679855307,-0.0250719039645326,-0.0453483719500632,-0.0717304305153719,0.0081772153799261,U.S. Open,Shinnecock Hills Golf Club,2026-06-15 16:29:15 UTC,2026-06-16T11:14:50.911009+00:00,-0.06317
"Norgaard, Niklas",15676,34,DEN,0,-0.710300682790362,-0.938028322085852,3.0366791537715,150,0.0,-0.0446929382040281,-0.0446929382040281,-0.0414051410262076,-0.0275607408862046,-0.0126762309931997,-0.0061641978125348,,0.0637653375945028,-0.0141654906811239,-0.0310033711533774,-0.0451688618345014,-0.1141347437469136,0.030584117178038,U.S. Open,Shinnecock Hills Golf Club,2026-06-15 16:29:15 UTC,2026-06-16T11:14:50.911009+00:00,-0.22773
"Montgomery, Taylor",25442,31,USA,0,-0.687418478460453,-1.01353127522152,3.02053568225968,150,0.0,-0.0446929382040281,-0.0446929382040281,-0.067683391065078,0.015387988382826,-0.0369774738361259,0.0055210348244009,,-0.177271637128125,-0.0219740941749874,0.0446130887235279,0.0226389945485405,-0.029656408133711495,0.009964625716518,U.S. Open,Shinnecock Hills Golf Club,2026-06-15 16:29:15 UTC,2026-06-16T11:14:50.911009+00:00,-0.32611
"Rozo, Marcelo",16591,36,COL,0,-1.01228796182013,-1.04636600117248,2.95962433636645,150,0.0,-0.0446929382040281,-0.0446929382040281,0.0389116399989862,0.023716609162406,0.0672106520729723,-0.0182145939693745,,0.0577899111711349,-0.0009278824555272,-0.0545459669653671,-0.0554738494208943,0.007154399740497905,-0.0033254701635567,U.S. Open,Shinnecock Hills Golf Club,2026-06-15 16:29:15 UTC,2026-06-16T11:14:50.911009+00:00,-0.03408
"Hardy, Nick",19865,30,USA,0,-0.844731763573377,-1.05290895711264,2.94227754898057,150,0.0,-0.0446929382040281,-0.0446929382040281,-0.0354838975125851,-0.0087137126492637,-0.101552718971567,0.0099029970632517,,-0.0446656521071109,-0.012093590699579,-0.0338330777231162,-0.0459266684226952,-0.090124278584544,0.0339553972647342,U.S. Open,Shinnecock Hills Golf Club,2026-06-15 16:29:15 UTC,2026-06-16T11:14:50.911009+00:00,-0.20818
"Harrington, Padraig",5716,54,IRL,0,-1.04800153840608,-1.06510105980899,2.98409480689911,150,-0.0093608439073678,-0.0143741309423235,-0.0237349748496914,-0.0296631915476543,0.0121533308122094,0.169829021007104,-0.0970899142686898,,-0.117514207934736,-0.0052518918284704,-0.0274944184738196,-0.03274631030229,-0.0502561710377349,-0.0073332743191618,U.S. Open,Shinnecock Hills Golf Club,2026-06-15 16:29:15 UTC,2026-06-16T11:14:50.911009+00:00,-0.0171
"McDowell, Graeme",7548,46,NIR,0,-0.914353361273263,-1.08004480587067,2.91229211767955,150,-0.000192335271365,-0.0251547291490662,-0.0253470644204312,0.0213272174019025,0.0368324404371829,-0.0790664709766201,-0.0623993798777874,,-0.0940892009302476,-0.0091484920219625,-0.0315391878147854,-0.040687679836748,0.0174719780023374,-0.000261306394659,U.S. Open,Shinnecock Hills Golf Club,2026-06-15 16:29:15 UTC,2026-06-16T11:14:50.911009+00:00,-0.16569
"Uihlein, Peter",11357,36,USA,0,-0.563549452568379,-1.1962827559128,3.00286949320537,150,-0.0016145531668598,-0.0143741309423235,-0.0159886841091834,-0.131902157060671,-0.0139359623955221,-0.0527000834468281,-0.0182145939693745,,-0.355620956874873,-0.0175346169383241,0.0318112477247616,0.0142766307864375,-0.1315614886697556,-0.0066474962744078,U.S. Open,Shinnecock Hills Golf Club,2026-06-15 16:29:15 UTC,2026-06-16T11:14:50.911009+00:00,-0.63273
"Cowan, Ryder",30035557,-1,USA,1,-1.04629144337491,-1.21074507252758,3.01168618792107,150,0.0,-0.0446929382040281,-0.0446929382040281,-0.0069052201092527,0.0083847873227225,0.0285195755419594,0.0,,-0.0132132380931422,-0.0183145499934296,-0.0182320456174971,-0.0365465956109267,-0.0350670283974569,0.0,U.S. Open,Shinnecock Hills Golf Club,2026-06-15 16:29:15 UTC,2026-06-16T11:14:50.911009+00:00,-0.16445
"Hidalgo Portillo, Angel",24127,28,ESP,0,-1.2009428178066,-1.28307153308703,3.04098300515868,150,0.0,-0.0446929382040281,-0.0446929382040281,0.0096746246678811,0.0086865756346698,0.0448427613548663,0.0197624121006661,,0.0911227710348855,-0.029397079083443,-0.0247732644432405,-0.0541703435266835,-0.035809143224132596,-0.0386533043353909,U.S. Open,Shinnecock Hills Golf Club,2026-06-15 16:29:15 UTC,2026-06-16T11:14:50.911009+00:00,-0.08213
"Leach, Greyson",35062,23,USA,0,-1.53198634294455,-1.37180219905586,3.03030151435157,150,0.0,-0.0446929382040281,-0.0446929382040281,0.0136252863946367,0.0098610908978765,0.29686550214682,0.0405767327352073,,-0.0132132380931422,-0.0214973699660162,-0.0213409220226626,-0.0428382919886788,-0.0193519146961656,0.0,U.S. Open,Shinnecock Hills Golf Club,2026-06-15 16:29:15 UTC,2026-06-16T11:14:50.911009+00:00,0.16018
"Wu, Brandon",25213,29,USA,0,-1.2737472911705,-1.41904452140796,2.9942847628056,150,0.0,-0.0446929382040281,-0.0446929382040281,-0.0316986115687165,0.0254993812910728,0.0758889826712172,0.0142849593021026,,-0.135046600365791,-0.0198267510053679,-0.0009105666018311,-0.0207373176071991,-0.0269365478848428,0.0112049142438799,U.S. Open,Shinnecock Hills Golf Club,2026-06-15 16:29:15 UTC,2026-06-16T11:14:50.911009+00:00,-0.1453
"Celli, Filippo",23549,25,ITA,0,-1.31332556033629,-1.46737391202524,3.05770306506448,150,0.0,-0.0446929382040281,-0.0446929382040281,-0.0234441410981176,-0.0007010307296011,0.0158182657753394,0.0299869906579848,,-0.0214964905384556,-0.0303041788053594,-0.0219376508016137,-0.0522418296069731,-0.07638700143469179,0.0217228220549015,U.S. Open,Shinnecock Hills Golf Club,2026-06-15 16:29:15 UTC,2026-06-16T11:14:50.911009+00:00,-0.15405
"Van Paris, Jackson",31955,22,USA,0,-1.11697200940529,-1.49623489182602,3.02469010551329,150,0.0,-0.0446929382040281,-0.0446929382040281,-0.0112873049437878,0.01202404814334,-0.182962849041056,0.0431328773745374,,-0.0506877732234702,-0.0226137240384933,-0.0224313408542731,-0.0450450648927664,-0.0443083216932142,0.0002561223665003,U.S. Open,Shinnecock Hills Golf Club,2026-06-15 16:29:15 UTC,2026-06-16T11:14:50.911009+00:00,-0.37926
"Repetto Taylor, Rocco Paolo",31235,23,ESP,0,-1.29593324798025,-1.56909844675031,3.12719873946086,150,0.0,-0.0446929382040281,-0.0446929382040281,-0.0476540180639724,-0.0274886302070475,-0.0851899284547271,0.0398464056953989,,0.0752532799343994,-0.0404922633851827,-0.0248855294119467,-0.0653777927971294,-0.14052044106814932,0.0778492388778824,U.S. Open,Shinnecock Hills Golf Club,2026-06-15 16:29:15 UTC,2026-06-16T11:14:50.911009+00:00,-0.27317
"Peacock, Jake",33952,23,USA,0,-1.52963445646154,-1.63146230259057,3.06201691638195,150,0.0,-0.0446929382040281,-0.0446929382040281,-0.01195216216946,0.0078973381663469,0.0984930346065087,0.0420373868148245,,-0.0280050591080584,-0.0252759021418427,-0.02503167099017,-0.0503075731320127,-0.0543623971351258,-0.015297873103155,U.S. Open,Shinnecock Hills Golf Club,2026-06-15 16:29:15 UTC,2026-06-16T11:14:50.911009+00:00,-0.10183
"Lee, Eric",30035245,-1,USA,1,-1.40912245475861,-1.72145207963202,3.08318161305682,150,0.0,-0.0446929382040281,-0.0446929382040281,-0.0107086308755052,0.011309627881545,-0.100955634568656,0.0,,-0.0132132380931422,-0.0271786231780303,-0.0268901878355976,-0.0540688110136279,-0.0534678140075881,0.0,U.S. Open,Shinnecock Hills Golf Club,2026-06-15 16:29:15 UTC,2026-06-16T11:14:50.911009+00:00,-0.31233
"Fang, Ethan",34025,21,USA,1,-1.46168165342663,-1.7441388317826,3.07904278172695,150,0.0,-0.0446929382040281,-0.0446929382040281,-0.0033054127745916,0.0129049697057996,-0.176230574445968,0.0504361477726221,,-0.0065249866660587,-0.0379396669788137,-0.0272552777044783,-0.065194944683292,-0.055595387752083995,0.011150560939545,U.S. Open,Shinnecock Hills Golf Club,2026-06-15 16:29:15 UTC,2026-06-16T11:14:50.911009+00:00,-0.28246
"Howell, Mason",33759,18,USA,1,-1.86353036707591,-1.88158573133731,3.17046425085095,90,0.0,-0.0446929382040281,-0.0446929382040281,-0.0206580083078304,-0.0223340825057842,0.0527121634784984,0.0780383739671473,,0.0693979579428505,-0.0404798702944069,-0.0656305299631731,-0.10611040025758,-0.1491024910711946,0.0385915696253316,U.S. Open,Shinnecock Hills Golf Club,2026-06-15 16:29:15 UTC,2026-06-16T11:14:50.911009+00:00,-0.01806
"Onishi, Kaito",25263,27,JPN,0,-1.67202873538019,-1.90969226088754,3.08067491245058,150,0.0,-0.0446929382040281,-0.0446929382040281,-0.0360376774818491,0.0122758533687163,0.0255172010537701,0.0215882297001873,,-0.0573749270559435,-0.0306465664891657,-0.0178180001759128,-0.0484645666650785,-0.0722263907782113,-0.0104747002231265,U.S. Open,Shinnecock Hills Golf Club,2026-06-15 16:29:15 UTC,2026-06-16T11:14:50.911009+00:00,-0.23766
"Reilly, Logan",30039012,-1,USA,1,-1.88418923799646,-2.03005506435706,3.10870578308455,111,0.0,-0.0446929382040281,-0.0446929382040281,-0.0132832948389884,0.013289556437396,0.0766887876619764,0.0,,-0.0132132380931422,-0.0325337730006395,-0.0321209263231742,-0.0646546993238137,-0.0646484377254061,0.0,U.S. Open,Shinnecock Hills Golf Club,2026-06-15 16:29:15 UTC,2026-06-16T11:14:50.911009+00:00,-0.14587
"Oiwa, Ryuichi",20761,28,JPN,0,-1.75666353009423,-2.04088745070462,3.11095663868894,150,0.0,-0.0446929382040281,-0.0446929382040281,-0.0121550725030055,0.0124219482166559,-0.0119800109181021,0.0179365945011447,,-0.0132132380931422,-0.0315095932625281,-0.0311205404232844,-0.0626301336858126,-0.0623632579721622,8.89300758988298e-05,U.S. Open,Shinnecock Hills Golf Club,2026-06-15 16:29:15 UTC,2026-06-16T11:14:50.911009+00:00,-0.28422
"Puebla, Giuseppe",33280,17,USA,1,-2.1824818003229,-2.19517507989963,3.13824700844042,43,0.0,-0.0446929382040281,-0.0446929382040281,-0.014914501857161,0.0145439622167876,0.0767925224981294,0.139107647467546,,-0.0132132380931422,-0.0353980618526757,-0.0349186717521867,-0.0703167336048624,-0.0706872732452358,0.0,U.S. Open,Shinnecock Hills Golf Club,2026-06-15 16:29:15 UTC,2026-06-16T11:14:50.911009+00:00,-0.01269
"Arni Sveinsson, Gunnlaugur",30036877,-1,ISL,1,-1.99298549733091,-2.40000406505535,3.17266351365667,127,0.0,-0.0446929382040281,-0.0446929382040281,-0.0156954207213518,0.0151444924533325,-0.132585947177169,0.0,,-0.0132132380931422,-0.0382607056436916,-0.0377148103383885,-0.0759755159820801,-0.0765264442500994,0.0,U.S. Open,Shinnecock Hills Golf Club,2026-06-15 16:29:15 UTC,2026-06-16T11:14:50.911009+00:00,-0.40702
"Lee, Bryan",33756,22,USA,1,-2.17559865385227,-2.42015722191795,3.13766174130934,150,0.0,-0.0446929382040281,-0.0446929382040281,-0.0178898204872097,0.028636173292246,-0.0733504734678965,0.0453238584939628,,-0.0259907391910446,-0.0345198803370675,-0.0439824575918406,-0.0785023379289081,-0.06775598512387179,-0.0020922905728038,U.S. Open,Shinnecock Hills Golf Club,2026-06-15 16:29:15 UTC,2026-06-16T11:14:50.911009+00:00,-0.24456
"Herrington, Jackson",35015,-1,USA,1,-2.38049669921127,-2.71288855568825,3.26079510313795,125,0.0,-0.0446929382040281,-0.0446929382040281,-0.0463281867255438,-0.0029746835021797,-0.0522552789401862,0.0,,-0.0281194355348967,-0.0438504549770427,-0.0645151723709703,-0.108365627348013,-0.1576684975757365,0.0173442937778625,U.S. Open,Shinnecock Hills Golf Club,2026-06-15 16:29:15 UTC,2026-06-16T11:14:50.911009+00:00,-0.33239
"Pulcini, Mateo",35013,25,ARG,1,-2.62440551037287,-2.74233282673389,3.24677054369918,150,0.0,-0.0446929382040281,-0.0446929382040281,-0.0473212175491893,0.0024311821773261,0.151057919457687,0.0299869906579846,,-0.0184735120364975,-0.0438664710692954,-0.0581666842621913,-0.102033155331487,-0.1469231907033502,0.0145829338946788,U.S. Open,Shinnecock Hills Golf Club,2026-06-15 16:29:15 UTC,2026-06-16T11:14:50.911009+00:00,-0.11793
"Kyes, Chase",30039832,-1,USA,1,-2.53448724464325,-2.815124238627,3.25292379766936,89,0.0,-0.0446929382040281,-0.0446929382040281,-0.0195941549475251,0.0181426371959306,-0.0296927806888299,0.0,,-0.0132132380931422,-0.0461579419370231,-0.0454285773091301,-0.0915865192461532,-0.0930380369977477,0.0,U.S. Open,Shinnecock Hills Golf Club,2026-06-15 16:29:15 UTC,2026-06-16T11:14:50.911009+00:00,-0.28064
"Higgins, Robbie",33442,23,USA,0,-2.48406759895853,-2.89795419233112,3.34967021951131,150,0.0,-0.0446929382040281,-0.0446929382040281,-0.0777495619618702,-0.0191489557224503,-0.0869405624081883,0.0387509151356866,,-0.0336551699150217,-0.0455831658365939,-0.0448671544601257,-0.0904503202967196,-0.1873488379810401,0.0,U.S. Open,Shinnecock Hills Golf Club,2026-06-15 16:29:15 UTC,2026-06-16T11:14:50.911009+00:00,-0.41389
"Holmes, J.B.",7959,44,USA,0,-2.19505233836069,-2.92783669476743,3.36341388127059,150,0.0,-0.0446929382040281,-0.0446929382040281,-0.0822088408762115,8.82569219334514e-05,-0.404853917657624,-0.0503489837209474,,0.0035827113832418,-0.0518070567763575,-0.0385593931676835,-0.090366449944041,-0.17248703389831904,-0.0759841943090627,U.S. Open,Shinnecock Hills Golf Club,2026-06-15 16:29:15 UTC,2026-06-16T11:14:50.911009+00:00,-0.73278
"Robles, Matt",30039992,-1,USA,1,-2.9264650062545,-3.29431159582439,3.35170661169913,97,0.0,-0.0446929382040281,-0.0446929382040281,-0.02318719166398,0.0209056991325672,-0.0996318099400613,0.0,,-0.0132132380931422,-0.0544748472708067,-0.0535522635304347,-0.108027110801241,-0.1103086033326538,0.0,U.S. Open,Shinnecock Hills Golf Club,2026-06-15 16:29:15 UTC,2026-06-16T11:14:50.911009+00:00,-0.36785
"Shah, Manav",21901,34,USA,0,-2.86693273877533,-3.29978081637738,3.33014764810227,150,0.0,-0.0446929382040281,-0.0446929382040281,0.010174294338568,0.0292157542114979,-0.175641099985973,-0.0068945248523433,,-0.0132711709542177,-0.0597283465255435,-0.0720100456300133,-0.131738392155557,-0.0923483436054911,0.0,U.S. Open,Shinnecock Hills Golf Club,2026-06-15 16:29:15 UTC,2026-06-16T11:14:50.911009+00:00,-0.43285
"Sollon, Jake",30528,28,USA,0,-3.5456654423418,-3.40044698132855,3.42177674278649,122,0.0,-0.0446929382040281,-0.0446929382040281,-0.0279322011347351,-0.0061033287415211,0.428519801501128,0.020003799322911,,-0.0140209188307994,-0.0557540273347011,-0.0548017255649988,-0.1105557528997,-0.1445912827759562,0.0,U.S. Open,Shinnecock Hills Golf Club,2026-06-15 16:29:15 UTC,2026-06-16T11:14:50.911009+00:00,0.14522
"Coleman, Hamilton",34994,18,USA,1,-3.05935239035932,-3.46762477216245,3.45825903929151,44,0.0,-0.0446929382040281,-0.0446929382040281,-0.0340958187092025,0.0015799140925224,-0.236976743491896,0.1367381012254,,-0.0180464455634984,-0.0568784376633389,-0.0559000134890833,-0.112778451152422,-0.1452943557691021,0.0,U.S. Open,Shinnecock Hills Golf Club,2026-06-15 16:29:15 UTC,2026-06-16T11:14:50.911009+00:00,-0.40827
"Tibbits, Spencer",26650,27,USA,0,-2.59888890511612,-3.53359445975972,3.44374991106353,150,0.0,-0.0446929382040281,-0.0446929382040281,-0.0495910196571871,0.0071725602408478,-0.667682690461064,0.0234140472997089,,-0.0154570692900898,-0.0622268863958063,-0.0706415581759846,-0.132868444571791,-0.1752869039881303,0.0,U.S. Open,Shinnecock Hills Golf Club,2026-06-15 16:29:15 UTC,2026-06-16T11:14:50.911009+00:00,-0.93471
"Fleming, Marek",30042928,-1,USA,1,-3.23445919589754,-3.65957314084068,3.45898817370488,66,0.0,-0.0446929382040281,-0.0446929382040281,-0.0262415558770919,0.023254519410196,-0.143664252054767,0.0,,-0.0132132380931422,-0.0608131580428252,-0.0597433220814847,-0.12055648012431,-0.1235435165912059,0.0,U.S. Open,Shinnecock Hills Golf Club,2026-06-15 16:29:15 UTC,2026-06-16T11:14:50.911009+00:00,-0.42511
"Holtz, Brandon",35014,39,USA,1,-3.2666658797294,-3.78822011132767,3.50018015027776,9,0.0,-0.0446929382040281,-0.0446929382040281,-0.0195868906215668,0.0290371269639033,-0.229294492129877,-0.067042875599161,,-0.0109113210178255,-0.0633425658348892,-0.0769750330258059,-0.140317598860695,-0.1308673625183585,0.0402547578709842,U.S. Open,Shinnecock Hills Golf Club,2026-06-15 16:29:15 UTC,2026-06-16T11:14:50.911009+00:00,-0.52155
"Harber, Vaughn",30042170,-1,USA,1,-3.39324647444895,-3.86146357385955,3.51200162255164,82,0.0,-0.0446929382040281,-0.0446929382040281,-0.0278357431353083,0.0244804568221006,-0.179473071651184,0.0,,-0.0132132380931422,-0.0643169001856411,-0.0631656649633952,-0.127482565149036,-0.1308378514622437,0.0,U.S. Open,Shinnecock Hills Golf Club,2026-06-15 16:29:15 UTC,2026-06-16T11:14:50.911009+00:00,-0.46822
"Ormond, Jackson",35389,18,USA,1,-3.65015975753701,-3.93300079013816,3.67140827646019,99,0.0,-0.0446929382040281,-0.0446929382040281,-0.0399074530465492,-0.0369639659571746,0.0085400099882888,0.0686848992715503,,-0.0110113564462077,-0.0643207767449263,-0.0631694514620972,-0.127490228207023,-0.2043616472107468,0.0,U.S. Open,Shinnecock Hills Golf Club,2026-06-15 16:29:15 UTC,2026-06-16T11:14:50.911009+00:00,-0.28284
"Schoenberger, Jack",30039809,-1,USA,1,-3.27499549375103,-4.00482192118555,3.5640511408778,143,0.0,-0.0446929382040281,-0.0446929382040281,-0.0288719140625317,0.0252772770816177,-0.435924214148107,0.0,,-0.0132132380931422,-0.0668052220772306,-0.0655961779310931,-0.132401400008324,-0.135996036989238,0.0,U.S. Open,Shinnecock Hills Golf Club,2026-06-15 16:29:15 UTC,2026-06-16T11:14:50.911009+00:00,-0.72983
"Kim, T.K.",18349,35,USA,0,-4.06759460898497,-5.54154874354451,3.61837932561232,150,0.0,-0.0446929382040281,-0.0446929382040281,-0.0248347486480739,0.0146324863721623,-1.08817934092265,-0.0112764870911937,,-0.0353749462567352,-0.093023150645973,-0.091205009163052,-0.184228159809025,-0.19443042208493658,0.0,U.S. Open,Shinnecock Hills Golf Club,2026-06-15 16:29:15 UTC,2026-06-16T11:14:50.911009+00:00,-1.47395
