player_id,player_name,round,h1,h2,h3,h4,h5,h6,h7,h8,h9,h10,h11,h12,h13,h14,h15,h16,h17,h18,h1_par,h2_par,h3_par,h4_par,h5_par,h6_par,h7_par,h8_par,h9_par,h10_par,h11_par,h12_par,h13_par,h14_par,h15_par,h16_par,h17_par,h18_par,h1_rel,h2_rel,h3_rel,h4_rel,h1_running,h2_running,h3_running,h4_running,h5_running,h6_running,h7_running,h8_running,h9_running,h10_running,h11_running,h12_running,h13_running,h14_running,h15_running,h16_running,h17_running,h18_running,front9,back9,total,h5_rel,h6_rel,h7_rel,h8_rel,h9_rel,h10_rel,h11_rel,h12_rel,h13_rel,h14_rel,h15_rel,h16_rel,h17_rel,h18_rel
46414,Aaron Rai,1,3,4.0,4.0,2.0,4.0,3.0,4.0,5.0,4.0,4.0,5.0,4.0,4.0,4.0,5.0,3.0,5.0,4.0,4,5,4,3,4,3,4,5,4,4,4,3,5,4,5,3,4,4,-1,-1.0,0.0,-1.0,-1,-2,-2,-3,-3,-3,-3,-3,-3,-3,-2,-1,-2,-2,-2,-2,-1,-1,33,38,71,0.0,0.0,0.0,0.0,0.0,0.0,1.0,1.0,-1.0,0.0,0.0,0.0,1.0,0.0
24502,Adam Scott,1,5,5.0,4.0,3.0,4.0,3.0,5.0,4.0,5.0,4.0,4.0,2.0,3.0,4.0,6.0,2.0,4.0,5.0,4,5,4,3,4,3,4,5,4,4,4,3,5,4,5,3,4,4,1,0.0,0.0,0.0,+1,+1,+1,+1,+1,+1,+2,+1,+2,+2,+2,+1,-1,-1,E,-1,-1,E,38,34,72,0.0,0.0,1.0,-1.0,1.0,0.0,0.0,-1.0,-2.0,0.0,1.0,-1.0,0.0,1.0
56630,Akshay Bhatia,1,4,4.0,4.0,2.0,5.0,3.0,4.0,4.0,4.0,4.0,4.0,4.0,6.0,3.0,6.0,3.0,6.0,3.0,4,5,4,3,4,3,4,5,4,4,4,3,5,4,5,3,4,4,0,-1.0,0.0,-1.0,E,-1,-1,-2,-1,-1,-1,-2,-2,-2,-2,-1,E,-1,E,E,+2,+1,34,39,73,1.0,0.0,0.0,-1.0,0.0,0.0,0.0,1.0,1.0,-1.0,1.0,0.0,2.0,-1.0
63343,Aldrich Potgieter,1,6,5.0,4.0,3.0,5.0,4.0,6.0,7.0,4.0,4.0,5.0,5.0,4.0,4.0,5.0,3.0,5.0,5.0,4,5,4,3,4,3,4,5,4,4,4,3,5,4,5,3,4,4,2,0.0,0.0,0.0,+2,+2,+2,+2,+3,+4,+6,+8,+8,+8,+9,+11,+10,+10,+10,+10,+11,+12,44,40,84,1.0,1.0,2.0,2.0,0.0,0.0,1.0,2.0,-1.0,0.0,0.0,0.0,1.0,1.0
27349,Alex Noren,1,4,4.0,6.0,3.0,4.0,3.0,4.0,5.0,4.0,5.0,5.0,4.0,5.0,5.0,5.0,3.0,3.0,5.0,4,5,4,3,4,3,4,5,4,4,4,3,5,4,5,3,4,4,0,-1.0,2.0,0.0,E,-1,+1,+1,+1,+1,+1,+1,+1,+2,+3,+4,+4,+5,+5,+5,+4,+5,37,40,77,0.0,0.0,0.0,0.0,0.0,1.0,1.0,1.0,0.0,1.0,0.0,0.0,-1.0,1.0
51997,Andrew Novak,1,4,5.0,3.0,3.0,5.0,3.0,4.0,5.0,5.0,6.0,4.0,3.0,5.0,4.0,4.0,3.0,4.0,5.0,4,5,4,3,4,3,4,5,4,4,4,3,5,4,5,3,4,4,0,0.0,-1.0,0.0,E,E,-1,-1,E,E,E,E,+1,+3,+3,+3,+3,+3,+2,+2,+2,+3,37,38,75,1.0,0.0,0.0,0.0,1.0,2.0,0.0,0.0,0.0,0.0,-1.0,0.0,0.0,1.0
54591,Ben Griffin,1,5,5.0,4.0,3.0,4.0,3.0,5.0,4.0,4.0,4.0,4.0,3.0,4.0,4.0,4.0,3.0,4.0,5.0,4,5,4,3,4,3,4,5,4,4,4,3,5,4,5,3,4,4,1,0.0,0.0,0.0,+1,+1,+1,+1,+1,+1,+2,+1,+1,+1,+1,+1,E,E,-1,-1,-1,E,37,35,72,0.0,0.0,1.0,-1.0,0.0,0.0,0.0,0.0,-1.0,0.0,-1.0,0.0,0.0,1.0
70147,Brandon Holtz,1,4,5.0,5.0,3.0,5.0,3.0,6.0,5.0,4.0,6.0,4.0,4.0,5.0,4.0,6.0,3.0,5.0,4.0,4,5,4,3,4,3,4,5,4,4,4,3,5,4,5,3,4,4,0,0.0,1.0,0.0,E,E,+1,+1,+2,+2,+4,+4,+4,+6,+6,+7,+7,+7,+8,+8,+9,+9,40,41,81,1.0,0.0,2.0,0.0,0.0,2.0,0.0,1.0,0.0,0.0,1.0,0.0,1.0,0.0
46443,Brian Campbell,1,3,4.0,3.0,4.0,4.0,4.0,4.0,5.0,4.0,4.0,5.0,3.0,5.0,4.0,4.0,3.0,4.0,4.0,4,5,4,3,4,3,4,5,4,4,4,3,5,4,5,3,4,4,-1,-1.0,-1.0,1.0,-1,-2,-3,-2,-2,-1,-1,-1,-1,-1,E,E,E,E,-1,-1,-1,-1,35,36,71,0.0,1.0,0.0,0.0,0.0,0.0,1.0,0.0,0.0,0.0,-1.0,0.0,0.0,0.0
27644,Brian Harman,1,3,4.0,4.0,5.0,4.0,4.0,5.0,5.0,5.0,5.0,4.0,3.0,6.0,4.0,5.0,4.0,5.0,4.0,4,5,4,3,4,3,4,5,4,4,4,3,5,4,5,3,4,4,-1,-1.0,0.0,2.0,-1,-2,-2,E,E,+1,+2,+2,+3,+4,+4,+4,+5,+5,+5,+6,+7,+7,39,40,79,0.0,1.0,1.0,0.0,1.0,1.0,0.0,0.0,1.0,0.0,0.0,1.0,1.0,0.0
36689,Brooks Koepka,1,5,4.0,3.0,3.0,5.0,3.0,4.0,4.0,5.0,5.0,4.0,3.0,5.0,4.0,4.0,3.0,3.0,5.0,4,5,4,3,4,3,4,5,4,4,4,3,5,4,5,3,4,4,1,-1.0,-1.0,0.0,+1,E,-1,-1,E,E,E,-1,E,+1,+1,+1,+1,+1,E,E,-1,E,36,36,72,1.0,0.0,0.0,-1.0,1.0,1.0,0.0,0.0,0.0,0.0,-1.0,0.0,-1.0,1.0
47959,Bryson DeChambeau,1,4,6.0,3.0,3.0,4.0,3.0,4.0,5.0,4.0,4.0,7.0,3.0,5.0,4.0,5.0,4.0,3.0,5.0,4,5,4,3,4,3,4,5,4,4,4,3,5,4,5,3,4,4,0,1.0,-1.0,0.0,E,+1,E,E,E,E,E,E,E,E,+3,+3,+3,+3,+3,+4,+3,+4,36,40,76,0.0,0.0,0.0,0.0,0.0,0.0,2.0,0.0,0.0,0.0,0.0,1.0,-1.0,1.0
25804,Bubba Watson,1,5,5.0,4.0,3.0,5.0,4.0,5.0,5.0,5.0,4.0,4.0,3.0,4.0,4.0,5.0,3.0,4.0,4.0,4,5,4,3,4,3,4,5,4,4,4,3,5,4,5,3,4,4,1,0.0,0.0,0.0,+1,+1,+1,+1,+2,+3,+4,+4,+5,+5,+5,+5,+4,+4,+4,+4,+4,+4,41,35,76,1.0,1.0,1.0,0.0,1.0,0.0,0.0,0.0,-1.0,0.0,0.0,0.0,0.0,0.0
35891,Cameron Smith,1,5,4.0,4.0,3.0,5.0,3.0,4.0,4.0,4.0,4.0,4.0,3.0,6.0,4.0,5.0,2.0,5.0,5.0,4,5,4,3,4,3,4,5,4,4,4,3,5,4,5,3,4,4,1,-1.0,0.0,0.0,+1,E,E,E,+1,+1,+1,E,E,E,E,E,+1,+1,+1,E,+1,+2,36,38,74,1.0,0.0,0.0,-1.0,0.0,0.0,0.0,0.0,1.0,0.0,0.0,-1.0,1.0,1.0
57366,Cameron Young,1,5,5.0,4.0,3.0,5.0,4.0,5.0,5.0,4.0,4.0,4.0,2.0,4.0,4.0,4.0,3.0,4.0,4.0,4,5,4,3,4,3,4,5,4,4,4,3,5,4,5,3,4,4,1,0.0,0.0,0.0,+1,+1,+1,+1,+2,+3,+4,+4,+4,+4,+4,+3,+2,+2,+1,+1,+1,+1,40,33,73,1.0,1.0,1.0,0.0,0.0,0.0,0.0,-1.0,-1.0,0.0,-1.0,0.0,0.0,0.0
33667,Carlos Ortiz,1,5,7.0,5.0,4.0,6.0,3.0,4.0,5.0,4.0,5.0,4.0,3.0,4.0,4.0,4.0,3.0,5.0,5.0,4,5,4,3,4,3,4,5,4,4,4,3,5,4,5,3,4,4,1,2.0,1.0,1.0,+1,+3,+4,+5,+7,+7,+7,+7,+7,+8,+8,+8,+7,+7,+6,+6,+7,+8,43,37,80,2.0,0.0,0.0,0.0,0.0,1.0,0.0,0.0,-1.0,0.0,-1.0,0.0,1.0,1.0
57688,Casey Jarvis,1,4,5.0,3.0,5.0,5.0,2.0,5.0,5.0,4.0,3.0,5.0,3.0,8.0,4.0,5.0,3.0,4.0,4.0,4,5,4,3,4,3,4,5,4,4,4,3,5,4,5,3,4,4,0,0.0,-1.0,2.0,E,E,-1,+1,+2,+1,+2,+2,+2,+1,+2,+2,+5,+5,+5,+5,+5,+5,38,39,77,1.0,-1.0,1.0,0.0,0.0,-1.0,1.0,0.0,2.0,0.0,0.0,0.0,0.0,0.0
26331,Charl Schwartzel,1,5,5.0,4.0,3.0,4.0,2.0,4.0,5.0,5.0,5.0,4.0,2.0,5.0,5.0,5.0,3.0,5.0,4.0,4,5,4,3,4,3,4,5,4,4,4,3,5,4,5,3,4,4,1,0.0,0.0,0.0,+1,+1,+1,+1,+1,E,E,E,+1,+2,+2,+1,+1,+2,+2,+2,+3,+3,37,38,75,0.0,-1.0,0.0,0.0,1.0,1.0,0.0,-1.0,0.0,1.0,0.0,0.0,1.0,0.0
59095,Chris Gotterup,1,4,5.0,3.0,3.0,4.0,3.0,5.0,5.0,3.0,5.0,4.0,4.0,4.0,5.0,4.0,3.0,4.0,4.0,4,5,4,3,4,3,4,5,4,4,4,3,5,4,5,3,4,4,0,0.0,-1.0,0.0,E,E,-1,-1,-1,-1,E,E,-1,E,E,+1,E,+1,E,E,E,E,35,37,72,0.0,0.0,1.0,0.0,-1.0,1.0,0.0,1.0,-1.0,1.0,-1.0,0.0,0.0,0.0
50525,Collin Morikawa,1,4,5.0,4.0,3.0,4.0,3.0,5.0,5.0,5.0,3.0,5.0,3.0,4.0,5.0,5.0,3.0,4.0,4.0,4,5,4,3,4,3,4,5,4,4,4,3,5,4,5,3,4,4,0,0.0,0.0,0.0,E,E,E,E,E,E,+1,+1,+2,+1,+2,+2,+1,+2,+2,+2,+2,+2,38,36,74,0.0,0.0,1.0,0.0,1.0,-1.0,1.0,0.0,-1.0,1.0,0.0,0.0,0.0,0.0
39997,Corey Conners,1,4,6.0,4.0,2.0,5.0,3.0,4.0,3.0,5.0,4.0,5.0,5.0,5.0,3.0,5.0,3.0,4.0,5.0,4,5,4,3,4,3,4,5,4,4,4,3,5,4,5,3,4,4,0,1.0,0.0,-1.0,E,+1,+1,E,+1,+1,+1,-1,E,E,+1,+3,+3,+2,+2,+2,+2,+3,36,39,75,1.0,0.0,0.0,-2.0,1.0,0.0,1.0,2.0,0.0,-1.0,0.0,0.0,0.0,1.0
40026,Daniel Berger,1,5,4.0,4.0,3.0,5.0,3.0,4.0,5.0,4.0,6.0,4.0,3.0,5.0,4.0,5.0,3.0,4.0,5.0,4,5,4,3,4,3,4,5,4,4,4,3,5,4,5,3,4,4,1,-1.0,0.0,0.0,+1,E,E,E,+1,+1,+1,+1,+1,+3,+3,+3,+3,+3,+3,+3,+3,+4,37,39,76,1.0,0.0,0.0,0.0,0.0,2.0,0.0,0.0,0.0,0.0,0.0,0.0,0.0,1.0
32139,Danny Willett,1,5,5.0,3.0,3.0,4.0,3.0,5.0,6.0,3.0,3.0,4.0,3.0,4.0,4.0,9.0,3.0,5.0,4.0,4,5,4,3,4,3,4,5,4,4,4,3,5,4,5,3,4,4,1,0.0,-1.0,0.0,+1,+1,E,E,E,E,+1,+2,+1,E,E,E,-1,-1,+3,+3,+4,+4,37,39,76,0.0,0.0,1.0,1.0,-1.0,-1.0,0.0,0.0,-1.0,0.0,2.0,0.0,1.0,0.0
47995,Davis Riley,1,4,5.0,4.0,4.0,5.0,4.0,6.0,5.0,5.0,5.0,4.0,3.0,4.0,4.0,7.0,3.0,4.0,6.0,4,5,4,3,4,3,4,5,4,4,4,3,5,4,5,3,4,4,0,0.0,0.0,1.0,E,E,E,+1,+2,+3,+5,+5,+6,+7,+7,+7,+6,+6,+8,+8,+8,+10,42,40,82,1.0,1.0,2.0,0.0,1.0,1.0,0.0,0.0,-1.0,0.0,2.0,0.0,0.0,2.0
30925,Dustin Johnson,1,4,4.0,4.0,3.0,4.0,3.0,5.0,5.0,4.0,4.0,4.0,3.0,5.0,4.0,5.0,3.0,4.0,5.0,4,5,4,3,4,3,4,5,4,4,4,3,5,4,5,3,4,4,0,-1.0,0.0,0.0,E,-1,-1,-1,-1,-1,E,E,E,E,E,E,E,E,E,E,E,+1,36,37,73,0.0,0.0,1.0,0.0,0.0,0.0,0.0,0.0,0.0,0.0,0.0,0.0,0.0,1.0
68932,Ethan Fang,1,4,5.0,3.0,3.0,5.0,3.0,5.0,5.0,3.0,4.0,4.0,3.0,5.0,5.0,5.0,4.0,4.0,4.0,4,5,4,3,4,3,4,5,4,4,4,3,5,4,5,3,4,4,0,0.0,-1.0,0.0,E,E,-1,-1,E,E,+1,+1,E,E,E,E,E,+1,+1,+2,+2,+2,36,38,74,1.0,0.0,1.0,0.0,-1.0,0.0,0.0,0.0,0.0,1.0,0.0,1.0,0.0,0.0
70146,Fifa Laopakdee,1,4,4.0,5.0,4.0,5.0,4.0,5.0,5.0,4.0,5.0,5.0,3.0,4.0,3.0,6.0,4.0,5.0,5.0,4,5,4,3,4,3,4,5,4,4,4,3,5,4,5,3,4,4,0,-1.0,1.0,1.0,E,-1,E,+1,+2,+3,+4,+4,+4,+5,+6,+6,+5,+4,+5,+6,+7,+8,40,40,80,1.0,1.0,1.0,0.0,0.0,1.0,1.0,0.0,-1.0,-1.0,1.0,1.0,1.0,1.0
31323,Gary Woodland,1,4,4.0,3.0,3.0,4.0,3.0,4.0,4.0,4.0,5.0,4.0,3.0,5.0,4.0,6.0,3.0,4.0,4.0,4,5,4,3,4,3,4,5,4,4,4,3,5,4,5,3,4,4,0,-1.0,-1.0,0.0,E,-1,-2,-2,-2,-2,-2,-3,-3,-2,-2,-2,-2,-2,-1,-1,-1,-1,33,38,71,0.0,0.0,0.0,-1.0,0.0,1.0,0.0,0.0,0.0,0.0,1.0,0.0,0.0,0.0
35296,Haotong Li,1,4,5.0,4.0,3.0,5.0,3.0,4.0,5.0,4.0,5.0,4.0,3.0,4.0,4.0,3.0,3.0,4.0,4.0,4,5,4,3,4,3,4,5,4,4,4,3,5,4,5,3,4,4,0,0.0,0.0,0.0,E,E,E,E,+1,+1,+1,+1,+1,+2,+2,+2,+1,+1,-1,-1,-1,-1,37,34,71,1.0,0.0,0.0,0.0,0.0,1.0,0.0,0.0,-1.0,0.0,-2.0,0.0,0.0,0.0
34099,Harris English,1,4,5.0,4.0,4.0,4.0,3.0,6.0,4.0,4.0,3.0,5.0,2.0,4.0,3.0,5.0,3.0,6.0,4.0,4,5,4,3,4,3,4,5,4,4,4,3,5,4,5,3,4,4,0,0.0,0.0,1.0,E,E,E,+1,+1,+1,+3,+2,+2,+1,+2,+1,E,-1,-1,-1,+1,+1,38,35,73,0.0,0.0,2.0,-1.0,0.0,-1.0,1.0,-1.0,-1.0,-1.0,0.0,0.0,2.0,0.0
57975,Harry Hall,1,4,5.0,4.0,2.0,4.0,4.0,5.0,5.0,4.0,4.0,6.0,3.0,5.0,4.0,5.0,3.0,6.0,4.0,4,5,4,3,4,3,4,5,4,4,4,3,5,4,5,3,4,4,0,0.0,0.0,-1.0,E,E,E,-1,-1,E,+1,+1,+1,+1,+3,+3,+3,+3,+3,+3,+5,+5,37,40,77,0.0,1.0,1.0,0.0,0.0,0.0,2.0,0.0,0.0,0.0,0.0,0.0,2.0,0.0
32839,Hideki Matsuyama,1,4,5.0,4.0,3.0,5.0,3.0,4.0,5.0,4.0,3.0,4.0,3.0,5.0,5.0,4.0,3.0,4.0,4.0,4,5,4,3,4,3,4,5,4,4,4,3,5,4,5,3,4,4,0,0.0,0.0,0.0,E,E,E,E,+1,+1,+1,+1,+1,E,E,E,E,+1,E,E,E,E,37,35,72,1.0,0.0,0.0,0.0,0.0,-1.0,0.0,0.0,0.0,1.0,-1.0,0.0,0.0,0.0
39324,J.J. Spaun,1,5,5.0,4.0,3.0,5.0,3.0,4.0,4.0,4.0,4.0,5.0,3.0,4.0,4.0,5.0,4.0,4.0,4.0,4,5,4,3,4,3,4,5,4,4,4,3,5,4,5,3,4,4,1,0.0,0.0,0.0,+1,+1,+1,+1,+2,+2,+2,+1,+1,+1,+2,+2,+1,+1,+1,+2,+2,+2,37,37,74,1.0,0.0,0.0,-1.0,0.0,0.0,1.0,0.0,-1.0,0.0,0.0,1.0,0.0,0.0
70148,Jackson Herrington,1,5,4.0,4.0,2.0,5.0,5.0,5.0,4.0,5.0,4.0,4.0,3.0,4.0,5.0,5.0,3.0,5.0,4.0,4,5,4,3,4,3,4,5,4,4,4,3,5,4,5,3,4,4,1,-1.0,0.0,-1.0,+1,E,E,-1,E,+2,+3,+2,+3,+3,+3,+3,+2,+3,+3,+3,+4,+4,39,37,76,1.0,2.0,1.0,-1.0,1.0,0.0,0.0,0.0,-1.0,1.0,0.0,0.0,1.0,0.0
60004,Jacob Bridgeman,1,4,5.0,4.0,3.0,5.0,3.0,4.0,5.0,4.0,4.0,4.0,3.0,4.0,5.0,5.0,2.0,4.0,3.0,4,5,4,3,4,3,4,5,4,4,4,3,5,4,5,3,4,4,0,0.0,0.0,0.0,E,E,E,E,+1,+1,+1,+1,+1,+1,+1,+1,E,+1,+1,E,E,-1,37,34,71,1.0,0.0,0.0,0.0,0.0,0.0,0.0,0.0,-1.0,1.0,0.0,-1.0,0.0,-1.0
47420,Jake Knapp,1,4,4.0,4.0,4.0,4.0,3.0,4.0,4.0,4.0,5.0,4.0,4.0,5.0,5.0,4.0,3.0,4.0,4.0,4,5,4,3,4,3,4,5,4,4,4,3,5,4,5,3,4,4,0,-1.0,0.0,1.0,E,-1,-1,E,E,E,E,-1,-1,E,E,+1,+1,+2,+1,+1,+1,+1,35,38,73,0.0,0.0,0.0,-1.0,0.0,1.0,0.0,1.0,0.0,1.0,-1.0,0.0,0.0,0.0
28089,Jason Day,1,4,5.0,5.0,3.0,4.0,3.0,4.0,4.0,4.0,4.0,4.0,2.0,4.0,4.0,5.0,2.0,4.0,4.0,4,5,4,3,4,3,4,5,4,4,4,3,5,4,5,3,4,4,0,0.0,1.0,0.0,E,E,+1,+1,+1,+1,+1,E,E,E,E,-1,-2,-2,-2,-3,-3,-3,36,33,69,0.0,0.0,0.0,-1.0,0.0,0.0,0.0,-1.0,-1.0,0.0,0.0,-1.0,0.0,0.0
63454,Johnny Keefer,1,5,5.0,4.0,3.0,5.0,3.0,4.0,5.0,4.0,4.0,4.0,3.0,6.0,4.0,5.0,3.0,5.0,4.0,4,5,4,3,4,3,4,5,4,4,4,3,5,4,5,3,4,4,1,0.0,0.0,0.0,+1,+1,+1,+1,+2,+2,+2,+2,+2,+2,+2,+2,+3,+3,+3,+3,+4,+4,38,38,76,1.0,0.0,0.0,0.0,0.0,0.0,0.0,0.0,1.0,0.0,0.0,0.0,1.0,0.0
46970,Jon Rahm,1,5,5.0,5.0,3.0,4.0,4.0,4.0,5.0,5.0,4.0,4.0,3.0,7.0,4.0,5.0,3.0,4.0,4.0,4,5,4,3,4,3,4,5,4,4,4,3,5,4,5,3,4,4,1,0.0,1.0,0.0,+1,+1,+2,+2,+2,+3,+3,+3,+4,+4,+4,+4,+6,+6,+6,+6,+6,+6,40,38,78,0.0,1.0,0.0,0.0,1.0,0.0,0.0,0.0,2.0,0.0,0.0,0.0,0.0,0.0
34046,Jordan Spieth,1,4,4.0,4.0,3.0,4.0,3.0,5.0,4.0,3.0,4.0,4.0,3.0,5.0,5.0,6.0,3.0,4.0,4.0,4,5,4,3,4,3,4,5,4,4,4,3,5,4,5,3,4,4,0,-1.0,0.0,0.0,E,-1,-1,-1,-1,-1,E,-1,-2,-2,-2,-2,-2,-1,E,E,E,E,34,38,72,0.0,0.0,1.0,-1.0,-1.0,0.0,0.0,0.0,0.0,1.0,1.0,0.0,0.0,0.0
22405,Justin Rose,1,4,4.0,3.0,3.0,4.0,3.0,4.0,4.0,4.0,4.0,4.0,3.0,4.0,5.0,4.0,3.0,5.0,5.0,4,5,4,3,4,3,4,5,4,4,4,3,5,4,5,3,4,4,0,-1.0,-1.0,0.0,E,-1,-2,-2,-2,-2,-2,-3,-3,-3,-3,-3,-4,-3,-4,-4,-3,-2,33,37,70,0.0,0.0,0.0,-1.0,0.0,0.0,0.0,0.0,-1.0,1.0,-1.0,0.0,1.0,1.0
33448,Justin Thomas,1,4,4.0,4.0,2.0,4.0,3.0,4.0,5.0,4.0,4.0,5.0,3.0,6.0,4.0,5.0,3.0,4.0,4.0,4,5,4,3,4,3,4,5,4,4,4,3,5,4,5,3,4,4,0,-1.0,0.0,-1.0,E,-1,-1,-2,-2,-2,-2,-2,-2,-2,-1,-1,E,E,E,E,E,E,34,38,72,0.0,0.0,0.0,0.0,0.0,0.0,1.0,0.0,1.0,0.0,0.0,0.0,0.0,0.0
33141,Keegan Bradley,1,5,5.0,5.0,3.0,5.0,3.0,5.0,5.0,4.0,4.0,4.0,3.0,4.0,3.0,4.0,2.0,4.0,4.0,4,5,4,3,4,3,4,5,4,4,4,3,5,4,5,3,4,4,1,0.0,1.0,0.0,+1,+1,+2,+2,+3,+3,+4,+4,+4,+4,+4,+4,+3,+2,+1,E,E,E,40,32,72,1.0,0.0,1.0,0.0,0.0,0.0,0.0,0.0,-1.0,-1.0,-1.0,-1.0,0.0,0.0
49855,Kristoffer Reitan,1,4,5.0,4.0,4.0,4.0,3.0,4.0,4.0,4.0,4.0,4.0,2.0,3.0,4.0,6.0,5.0,4.0,4.0,4,5,4,3,4,3,4,5,4,4,4,3,5,4,5,3,4,4,0,0.0,0.0,1.0,E,E,E,+1,+1,+1,+1,E,E,E,E,-1,-3,-3,-2,E,E,E,36,36,72,0.0,0.0,0.0,-1.0,0.0,0.0,0.0,-1.0,-2.0,0.0,1.0,2.0,0.0,0.0
48117,Kurt Kitayama,1,4,4.0,4.0,3.0,5.0,2.0,3.0,5.0,3.0,3.0,5.0,5.0,4.0,5.0,4.0,3.0,3.0,4.0,4,5,4,3,4,3,4,5,4,4,4,3,5,4,5,3,4,4,0,-1.0,0.0,0.0,E,-1,-1,-1,E,-1,-2,-2,-3,-4,-3,-1,-2,-1,-2,-2,-3,-3,33,36,69,1.0,-1.0,-1.0,0.0,-1.0,-1.0,1.0,2.0,-1.0,1.0,-1.0,0.0,-1.0,0.0
52955,Ludvig Åberg,1,4,4.0,4.0,2.0,4.0,2.0,4.0,5.0,6.0,5.0,5.0,3.0,7.0,3.0,5.0,3.0,4.0,4.0,4,5,4,3,4,3,4,5,4,4,4,3,5,4,5,3,4,4,0,-1.0,0.0,-1.0,E,-1,-1,-2,-2,-3,-3,-3,-1,E,+1,+1,+3,+2,+2,+2,+2,+2,35,39,74,0.0,-1.0,0.0,0.0,2.0,1.0,1.0,0.0,2.0,-1.0,0.0,0.0,0.0,0.0
51003,Marco Penge,1,4,8.0,4.0,4.0,4.0,3.0,4.0,6.0,4.0,3.0,4.0,3.0,6.0,4.0,5.0,2.0,4.0,4.0,4,5,4,3,4,3,4,5,4,4,4,3,5,4,5,3,4,4,0,2.0,0.0,1.0,E,+3,+3,+4,+4,+4,+4,+5,+5,+4,+4,+4,+5,+5,+5,+4,+4,+4,41,35,76,0.0,0.0,0.0,1.0,0.0,-1.0,0.0,0.0,1.0,0.0,0.0,-1.0,0.0,0.0
68607,Mason Howell,1,4,5.0,4.0,5.0,4.0,4.0,5.0,4.0,4.0,5.0,4.0,5.0,6.0,4.0,4.0,2.0,4.0,4.0,4,5,4,3,4,3,4,5,4,4,4,3,5,4,5,3,4,4,0,0.0,0.0,2.0,E,E,E,+2,+2,+3,+4,+3,+3,+4,+4,+6,+7,+7,+6,+5,+5,+5,39,38,77,0.0,1.0,1.0,-1.0,0.0,1.0,0.0,2.0,1.0,0.0,-1.0,-1.0,0.0,0.0
70145,Mateo Pulcini,1,3,5.0,5.0,3.0,5.0,3.0,5.0,5.0,5.0,4.0,5.0,3.0,5.0,6.0,5.0,4.0,5.0,5.0,4,5,4,3,4,3,4,5,4,4,4,3,5,4,5,3,4,4,-1,0.0,1.0,0.0,-1,-1,E,E,+1,+1,+2,+2,+3,+3,+4,+4,+4,+6,+6,+7,+8,+9,39,42,81,1.0,0.0,1.0,0.0,1.0,0.0,1.0,0.0,0.0,2.0,0.0,1.0,1.0,1.0
40098,Matt Fitzpatrick,1,4,5.0,5.0,3.0,4.0,3.0,4.0,5.0,5.0,4.0,4.0,2.0,4.0,4.0,5.0,3.0,4.0,6.0,4,5,4,3,4,3,4,5,4,4,4,3,5,4,5,3,4,4,0,0.0,1.0,0.0,E,E,+1,+1,+1,+1,+1,+1,+2,+2,+2,+1,E,E,E,E,E,+2,38,36,74,0.0,0.0,0.0,0.0,1.0,0.0,0.0,-1.0,-1.0,0.0,0.0,0.0,0.0,2.0
59141,Matt McCarty,1,4,5.0,4.0,3.0,4.0,3.0,4.0,4.0,5.0,4.0,4.0,3.0,5.0,4.0,5.0,3.0,4.0,4.0,4,5,4,3,4,3,4,5,4,4,4,3,5,4,5,3,4,4,0,0.0,0.0,0.0,E,E,E,E,E,E,E,-1,E,E,E,E,E,E,E,E,E,E,36,36,72,0.0,0.0,0.0,-1.0,1.0,0.0,0.0,0.0,0.0,0.0,0.0,0.0,0.0,0.0
46442,Maverick McNealy,1,5,5.0,4.0,4.0,5.0,3.0,4.0,5.0,5.0,4.0,4.0,3.0,5.0,4.0,6.0,3.0,4.0,4.0,4,5,4,3,4,3,4,5,4,4,4,3,5,4,5,3,4,4,1,0.0,0.0,1.0,+1,+1,+1,+2,+3,+3,+3,+3,+4,+4,+4,+4,+4,+4,+5,+5,+5,+5,40,37,77,1.0,0.0,0.0,0.0,1.0,0.0,0.0,0.0,0.0,0.0,1.0,0.0,0.0,0.0
51977,Max Greyserman,1,4,5.0,3.0,3.0,5.0,3.0,4.0,5.0,6.0,5.0,5.0,4.0,4.0,5.0,6.0,4.0,4.0,4.0,4,5,4,3,4,3,4,5,4,4,4,3,5,4,5,3,4,4,0,0.0,-1.0,0.0,E,E,-1,-1,E,E,E,E,+2,+3,+4,+5,+4,+5,+6,+7,+7,+7,38,41,79,1.0,0.0,0.0,0.0,2.0,1.0,1.0,1.0,-1.0,1.0,1.0,1.0,0.0,0.0
39977,Max Homa,1,4,5.0,4.0,3.0,4.0,3.0,5.0,3.0,4.0,4.0,4.0,5.0,4.0,5.0,4.0,3.0,4.0,4.0,4,5,4,3,4,3,4,5,4,4,4,3,5,4,5,3,4,4,0,0.0,0.0,0.0,E,E,E,E,E,E,+1,-1,-1,-1,-1,+1,E,+1,E,E,E,E,35,37,72,0.0,0.0,1.0,-2.0,0.0,0.0,0.0,2.0,-1.0,1.0,-1.0,0.0,0.0,0.0
61522,Michael Brennan,1,4,5.0,4.0,4.0,4.0,2.0,4.0,5.0,4.0,4.0,4.0,2.0,5.0,4.0,4.0,4.0,5.0,4.0,4,5,4,3,4,3,4,5,4,4,4,3,5,4,5,3,4,4,0,0.0,0.0,1.0,E,E,E,+1,+1,E,E,E,E,E,E,-1,-1,-1,-2,-1,E,E,36,36,72,0.0,-1.0,0.0,0.0,0.0,0.0,0.0,-1.0,0.0,0.0,-1.0,1.0,1.0,0.0
39975,Michael Kim,1,4,4.0,4.0,3.0,5.0,3.0,5.0,5.0,4.0,4.0,4.0,4.0,5.0,5.0,5.0,3.0,4.0,4.0,4,5,4,3,4,3,4,5,4,4,4,3,5,4,5,3,4,4,0,-1.0,0.0,0.0,E,-1,-1,-1,E,E,+1,+1,+1,+1,+1,+2,+2,+3,+3,+3,+3,+3,37,38,75,1.0,0.0,1.0,0.0,0.0,0.0,0.0,1.0,0.0,1.0,0.0,0.0,0.0,0.0
10423,Mike Weir,1,5,5.0,6.0,3.0,4.0,4.0,4.0,6.0,4.0,5.0,4.0,3.0,4.0,4.0,6.0,3.0,6.0,5.0,4,5,4,3,4,3,4,5,4,4,4,3,5,4,5,3,4,4,1,0.0,2.0,0.0,+1,+1,+3,+3,+3,+4,+4,+5,+5,+6,+6,+6,+5,+5,+6,+6,+8,+9,41,40,81,0.0,1.0,0.0,1.0,0.0,1.0,0.0,0.0,-1.0,0.0,1.0,0.0,2.0,1.0
37378,Min Woo Lee,1,5,5.0,4.0,3.0,4.0,4.0,5.0,5.0,4.0,5.0,4.0,2.0,7.0,4.0,5.0,3.0,5.0,4.0,4,5,4,3,4,3,4,5,4,4,4,3,5,4,5,3,4,4,1,0.0,0.0,0.0,+1,+1,+1,+1,+1,+2,+3,+3,+3,+4,+4,+3,+5,+5,+5,+5,+6,+6,39,39,78,0.0,1.0,1.0,0.0,0.0,1.0,0.0,-1.0,2.0,0.0,0.0,0.0,1.0,0.0
46879,Naoyuki Kataoka,1,4,4.0,6.0,3.0,5.0,3.0,5.0,5.0,3.0,5.0,5.0,4.0,7.0,4.0,7.0,4.0,4.0,6.0,4,5,4,3,4,3,4,5,4,4,4,3,5,4,5,3,4,4,0,-1.0,2.0,0.0,E,-1,+1,+1,+2,+2,+3,+3,+2,+3,+4,+5,+7,+7,+9,+10,+10,+12,38,46,84,1.0,0.0,1.0,0.0,-1.0,1.0,1.0,1.0,2.0,0.0,2.0,1.0,0.0,2.0
25493,Nick Taylor,1,4,4.0,4.0,3.0,4.0,3.0,4.0,5.0,4.0,3.0,4.0,3.0,5.0,4.0,5.0,3.0,5.0,4.0,4,5,4,3,4,3,4,5,4,4,4,3,5,4,5,3,4,4,0,-1.0,0.0,0.0,E,-1,-1,-1,-1,-1,-1,-1,-1,-2,-2,-2,-2,-2,-2,-2,-1,-1,35,36,71,0.0,0.0,0.0,0.0,0.0,-1.0,0.0,0.0,0.0,0.0,0.0,0.0,1.0,0.0
51349,Nico Echavarria,1,4,5.0,5.0,4.0,5.0,3.0,3.0,4.0,4.0,6.0,6.0,3.0,5.0,4.0,5.0,4.0,4.0,5.0,4,5,4,3,4,3,4,5,4,4,4,3,5,4,5,3,4,4,0,0.0,1.0,1.0,E,E,+1,+2,+3,+3,+2,+1,+1,+3,+5,+5,+5,+5,+5,+6,+6,+7,37,42,79,1.0,0.0,-1.0,-1.0,0.0,2.0,2.0,0.0,0.0,0.0,0.0,1.0,0.0,1.0
52453,Nicolai Højgaard,1,4,5.0,4.0,2.0,4.0,4.0,4.0,6.0,3.0,5.0,5.0,4.0,3.0,4.0,5.0,5.0,4.0,5.0,4,5,4,3,4,3,4,5,4,4,4,3,5,4,5,3,4,4,0,0.0,0.0,-1.0,E,E,E,-1,-1,E,E,+1,E,+1,+2,+3,+1,+1,+1,+3,+3,+4,36,40,76,0.0,1.0,0.0,1.0,-1.0,1.0,1.0,1.0,-2.0,0.0,0.0,2.0,0.0,1.0
35450,Patrick Cantlay,1,5,5.0,4.0,3.0,5.0,3.0,4.0,5.0,4.0,5.0,5.0,3.0,5.0,4.0,5.0,3.0,4.0,5.0,4,5,4,3,4,3,4,5,4,4,4,3,5,4,5,3,4,4,1,0.0,0.0,0.0,+1,+1,+1,+1,+2,+2,+2,+2,+2,+3,+4,+4,+4,+4,+4,+4,+4,+5,38,39,77,1.0,0.0,0.0,0.0,0.0,1.0,1.0,0.0,0.0,0.0,0.0,0.0,0.0,1.0
34360,Patrick Reed,1,3,3.0,4.0,3.0,4.0,3.0,4.0,3.0,4.0,5.0,4.0,3.0,5.0,4.0,6.0,3.0,4.0,4.0,4,5,4,3,4,3,4,5,4,4,4,3,5,4,5,3,4,4,-1,-2.0,0.0,0.0,-1,-3,-3,-3,-3,-3,-3,-5,-5,-4,-4,-4,-4,-4,-3,-3,-3,-3,31,38,69,0.0,0.0,0.0,-2.0,0.0,1.0,0.0,0.0,0.0,0.0,1.0,0.0,0.0,0.0
52686,Rasmus Højgaard,1,4,6.0,4.0,2.0,5.0,3.0,5.0,5.0,3.0,3.0,4.0,4.0,8.0,4.0,7.0,3.0,4.0,4.0,4,5,4,3,4,3,4,5,4,4,4,3,5,4,5,3,4,4,0,1.0,0.0,-1.0,E,+1,+1,E,+1,+1,+2,+2,+1,E,E,+1,+4,+4,+6,+6,+6,+6,37,41,78,1.0,0.0,1.0,0.0,-1.0,-1.0,0.0,1.0,2.0,0.0,2.0,0.0,0.0,0.0
52689,Rasmus Neergaard-Petersen,1,4,6.0,4.0,3.0,4.0,3.0,4.0,5.0,5.0,4.0,4.0,3.0,5.0,5.0,6.0,3.0,4.0,5.0,4,5,4,3,4,3,4,5,4,4,4,3,5,4,5,3,4,4,0,1.0,0.0,0.0,E,+1,+1,+1,+1,+1,+1,+1,+2,+2,+2,+2,+2,+3,+4,+4,+4,+5,38,39,77,0.0,0.0,0.0,0.0,1.0,0.0,0.0,0.0,0.0,1.0,1.0,0.0,0.0,1.0
52215,Robert MacIntyre,1,4,5.0,3.0,3.0,5.0,4.0,4.0,5.0,6.0,4.0,4.0,3.0,5.0,4.0,9.0,3.0,5.0,4.0,4,5,4,3,4,3,4,5,4,4,4,3,5,4,5,3,4,4,0,0.0,-1.0,0.0,E,E,-1,-1,E,+1,+1,+1,+3,+3,+3,+3,+3,+3,+7,+7,+8,+8,39,41,80,1.0,1.0,0.0,0.0,2.0,0.0,0.0,0.0,0.0,0.0,2.0,0.0,1.0,0.0
28237,Rory McIlroy,1,4,4.0,5.0,3.0,4.0,3.0,4.0,4.0,3.0,4.0,4.0,3.0,4.0,3.0,4.0,3.0,4.0,4.0,4,5,4,3,4,3,4,5,4,4,4,3,5,4,5,3,4,4,0,-1.0,1.0,0.0,E,-1,E,E,E,E,E,-1,-2,-2,-2,-2,-3,-4,-5,-5,-5,-5,34,33,67,0.0,0.0,0.0,-1.0,-1.0,0.0,0.0,0.0,-1.0,-1.0,-1.0,0.0,0.0,0.0
34098,Russell Henley,1,4,4.0,5.0,4.0,3.0,3.0,4.0,4.0,5.0,4.0,4.0,4.0,4.0,4.0,4.0,3.0,5.0,5.0,4,5,4,3,4,3,4,5,4,4,4,3,5,4,5,3,4,4,0,-1.0,1.0,1.0,E,-1,E,+1,E,E,E,-1,E,E,E,+1,E,E,-1,-1,E,+1,36,37,73,-1.0,0.0,0.0,-1.0,1.0,0.0,0.0,1.0,-1.0,0.0,-1.0,0.0,1.0,1.0
29936,Ryan Fox,1,5,6.0,4.0,3.0,5.0,4.0,5.0,5.0,4.0,5.0,4.0,3.0,5.0,4.0,5.0,3.0,3.0,4.0,4,5,4,3,4,3,4,5,4,4,4,3,5,4,5,3,4,4,1,1.0,0.0,0.0,+1,+2,+2,+2,+3,+4,+5,+5,+5,+6,+6,+6,+6,+6,+6,+6,+5,+5,41,36,77,1.0,1.0,1.0,0.0,0.0,1.0,0.0,0.0,0.0,0.0,0.0,0.0,-1.0,0.0
59018,Ryan Gerard,1,5,4.0,3.0,3.0,4.0,4.0,5.0,6.0,5.0,4.0,3.0,3.0,4.0,4.0,4.0,3.0,5.0,3.0,4,5,4,3,4,3,4,5,4,4,4,3,5,4,5,3,4,4,1,-1.0,-1.0,0.0,+1,E,-1,-1,-1,E,+1,+2,+3,+3,+2,+2,+1,+1,E,E,+1,E,39,33,72,0.0,1.0,1.0,1.0,1.0,0.0,-1.0,0.0,-1.0,0.0,-1.0,0.0,1.0,-1.0
47504,Sam Burns,1,4,3.0,4.0,3.0,4.0,4.0,4.0,4.0,4.0,4.0,4.0,2.0,4.0,4.0,4.0,3.0,4.0,4.0,4,5,4,3,4,3,4,5,4,4,4,3,5,4,5,3,4,4,0,-2.0,0.0,0.0,E,-2,-2,-2,-2,-1,-1,-2,-2,-2,-2,-3,-4,-4,-5,-5,-5,-5,34,33,67,0.0,1.0,0.0,-1.0,0.0,0.0,0.0,-1.0,-1.0,0.0,-1.0,0.0,0.0,0.0
55893,Sam Stevens,1,4,4.0,4.0,3.0,3.0,3.0,6.0,5.0,4.0,5.0,5.0,2.0,5.0,4.0,5.0,2.0,5.0,3.0,4,5,4,3,4,3,4,5,4,4,4,3,5,4,5,3,4,4,0,-1.0,0.0,0.0,E,-1,-1,-1,-2,-2,E,E,E,+1,+2,+1,+1,+1,+1,E,+1,E,36,36,72,-1.0,0.0,2.0,0.0,0.0,1.0,1.0,-1.0,0.0,0.0,0.0,-1.0,1.0,-1.0
52666,Sami Valimaki,1,4,5.0,4.0,3.0,4.0,3.0,4.0,6.0,4.0,4.0,6.0,3.0,5.0,4.0,6.0,4.0,6.0,5.0,4,5,4,3,4,3,4,5,4,4,4,3,5,4,5,3,4,4,0,0.0,0.0,0.0,E,E,E,E,E,E,E,+1,+1,+1,+3,+3,+3,+3,+4,+5,+7,+8,37,43,80,0.0,0.0,0.0,1.0,0.0,0.0,2.0,0.0,0.0,0.0,1.0,1.0,2.0,1.0
46046,Scottie Scheffler,1,4,3.0,3.0,3.0,4.0,3.0,4.0,5.0,4.0,4.0,5.0,3.0,5.0,4.0,5.0,3.0,4.0,4.0,4,5,4,3,4,3,4,5,4,4,4,3,5,4,5,3,4,4,0,-2.0,-1.0,0.0,E,-2,-3,-3,-3,-3,-3,-3,-3,-3,-2,-2,-2,-2,-2,-2,-2,-2,33,37,70,0.0,0.0,0.0,0.0,0.0,0.0,1.0,0.0,0.0,0.0,0.0,0.0,0.0,0.0
49960,Sepp Straka,1,4,4.0,4.0,3.0,3.0,4.0,4.0,5.0,4.0,5.0,4.0,3.0,6.0,4.0,5.0,3.0,4.0,4.0,4,5,4,3,4,3,4,5,4,4,4,3,5,4,5,3,4,4,0,-1.0,0.0,0.0,E,-1,-1,-1,-2,-1,-1,-1,-1,E,E,E,+1,+1,+1,+1,+1,+1,35,38,73,-1.0,1.0,0.0,0.0,0.0,1.0,0.0,0.0,1.0,0.0,0.0,0.0,0.0,0.0
21209,Sergio Garcia,1,4,4.0,4.0,3.0,4.0,3.0,4.0,4.0,5.0,4.0,5.0,3.0,4.0,4.0,6.0,3.0,4.0,4.0,4,5,4,3,4,3,4,5,4,4,4,3,5,4,5,3,4,4,0,-1.0,0.0,0.0,E,-1,-1,-1,-1,-1,-1,-2,-1,-1,E,E,-1,-1,E,E,E,E,35,37,72,0.0,0.0,0.0,-1.0,1.0,0.0,1.0,0.0,-1.0,0.0,1.0,0.0,0.0,0.0
33204,Shane Lowry,1,3,4.0,4.0,5.0,4.0,4.0,4.0,4.0,3.0,4.0,4.0,3.0,3.0,4.0,5.0,3.0,5.0,4.0,4,5,4,3,4,3,4,5,4,4,4,3,5,4,5,3,4,4,-1,-1.0,0.0,2.0,-1,-2,-2,E,E,+1,+1,E,-1,-1,-1,-1,-3,-3,-3,-3,-2,-2,35,35,70,0.0,1.0,0.0,-1.0,-1.0,0.0,0.0,0.0,-2.0,0.0,0.0,0.0,1.0,0.0
37455,Si Woo Kim,1,6,4.0,4.0,3.0,4.0,3.0,4.0,5.0,4.0,4.0,5.0,4.0,5.0,4.0,4.0,3.0,5.0,4.0,4,5,4,3,4,3,4,5,4,4,4,3,5,4,5,3,4,4,2,-1.0,0.0,0.0,+2,+1,+1,+1,+1,+1,+1,+1,+1,+1,+2,+3,+3,+3,+2,+2,+3,+3,37,38,75,0.0,0.0,0.0,0.0,0.0,0.0,1.0,1.0,0.0,0.0,-1.0,0.0,1.0,0.0
39971,Sungjae Im,1,4,5.0,4.0,4.0,4.0,3.0,5.0,5.0,4.0,6.0,4.0,3.0,5.0,4.0,5.0,3.0,4.0,4.0,4,5,4,3,4,3,4,5,4,4,4,3,5,4,5,3,4,4,0,0.0,0.0,1.0,E,E,E,+1,+1,+1,+2,+2,+2,+4,+4,+4,+4,+4,+4,+4,+4,+4,38,38,76,0.0,0.0,1.0,0.0,0.0,2.0,0.0,0.0,0.0,0.0,0.0,0.0,0.0,0.0
50823,Tom McKibbin,1,5,4.0,4.0,3.0,4.0,4.0,4.0,5.0,3.0,4.0,4.0,3.0,5.0,5.0,5.0,4.0,5.0,4.0,4,5,4,3,4,3,4,5,4,4,4,3,5,4,5,3,4,4,1,-1.0,0.0,0.0,+1,E,E,E,E,+1,+1,+1,E,E,E,E,E,+1,+1,+2,+3,+3,36,39,75,0.0,1.0,0.0,0.0,-1.0,0.0,0.0,0.0,0.0,1.0,0.0,1.0,1.0,0.0
30911,Tommy Fleetwood,1,4,4.0,3.0,2.0,4.0,3.0,4.0,5.0,3.0,5.0,4.0,4.0,5.0,3.0,5.0,4.0,4.0,5.0,4,5,4,3,4,3,4,5,4,4,4,3,5,4,5,3,4,4,0,-1.0,-1.0,-1.0,E,-1,-2,-3,-3,-3,-3,-3,-4,-3,-3,-2,-2,-3,-3,-2,-2,-1,32,39,71,0.0,0.0,0.0,0.0,-1.0,1.0,0.0,1.0,0.0,-1.0,0.0,1.0,0.0,1.0
34363,Tyrrell Hatton,1,4,5.0,5.0,3.0,4.0,2.0,5.0,5.0,5.0,3.0,4.0,3.0,5.0,4.0,5.0,3.0,4.0,5.0,4,5,4,3,4,3,4,5,4,4,4,3,5,4,5,3,4,4,0,0.0,1.0,0.0,E,E,+1,+1,+1,E,+1,+1,+2,+1,+1,+1,+1,+1,+1,+1,+1,+2,38,36,74,0.0,-1.0,1.0,0.0,1.0,-1.0,0.0,0.0,0.0,0.0,0.0,0.0,0.0,1.0
46717,Viktor Hovland,1,4,5.0,6.0,4.0,4.0,3.0,4.0,5.0,4.0,4.0,4.0,4.0,4.0,4.0,5.0,3.0,4.0,4.0,4,5,4,3,4,3,4,5,4,4,4,3,5,4,5,3,4,4,0,0.0,2.0,1.0,E,E,+2,+3,+3,+3,+3,+3,+3,+3,+3,+4,+3,+3,+3,+3,+3,+3,39,36,75,0.0,0.0,0.0,0.0,0.0,0.0,0.0,1.0,-1.0,0.0,0.0,0.0,0.0,0.0
51766,Wyndham Clark,1,4,5.0,4.0,3.0,5.0,2.0,5.0,4.0,4.0,4.0,4.0,3.0,5.0,4.0,4.0,3.0,4.0,5.0,4,5,4,3,4,3,4,5,4,4,4,3,5,4,5,3,4,4,0,0.0,0.0,0.0,E,E,E,E,+1,E,+1,E,E,E,E,E,E,E,-1,-1,-1,E,36,36,72,1.0,-1.0,1.0,-1.0,0.0,0.0,0.0,0.0,0.0,0.0,-1.0,0.0,0.0,1.0
48081,Xander Schauffele,1,4,4.0,4.0,4.0,3.0,3.0,4.0,5.0,4.0,3.0,4.0,3.0,4.0,5.0,5.0,4.0,3.0,4.0,4,5,4,3,4,3,4,5,4,4,4,3,5,4,5,3,4,4,0,-1.0,0.0,1.0,E,-1,-1,E,-1,-1,-1,-1,-1,-2,-2,-2,-3,-2,-2,-1,-2,-2,35,35,70,-1.0,0.0,0.0,0.0,0.0,-1.0,0.0,0.0,-1.0,1.0,0.0,1.0,-1.0,0.0
24024,Zach Johnson,1,5,4.0,4.0,3.0,5.0,2.0,4.0,5.0,4.0,4.0,4.0,3.0,5.0,5.0,5.0,3.0,5.0,5.0,4,5,4,3,4,3,4,5,4,4,4,3,5,4,5,3,4,4,1,-1.0,0.0,0.0,+1,E,E,E,+1,E,E,E,E,E,E,E,E,+1,+1,+1,+2,+3,36,39,75,1.0,-1.0,0.0,0.0,0.0,0.0,0.0,0.0,0.0,1.0,0.0,0.0,1.0,1.0
20848,Ángel Cabrera,1,4,4.0,4.0,4.0,5.0,4.0,5.0,5.0,5.0,5.0,4.0,3.0,6.0,4.0,5.0,3.0,4.0,5.0,4,5,4,3,4,3,4,5,4,4,4,3,5,4,5,3,4,4,0,-1.0,0.0,1.0,E,-1,-1,E,+1,+2,+3,+3,+4,+5,+5,+5,+6,+6,+6,+6,+6,+7,40,39,79,1.0,1.0,1.0,0.0,1.0,1.0,0.0,0.0,1.0,0.0,0.0,0.0,0.0,1.0
46414,Aaron Rai,2,4,4.0,4.0,3.0,5.0,3.0,4.0,4.0,5.0,5.0,5.0,3.0,5.0,4.0,5.0,3.0,4.0,4.0,4,5,4,3,4,3,4,5,4,4,4,3,5,4,5,3,4,4,0,-1.0,0.0,0.0,E,-1,-1,-1,E,E,E,-1,E,+1,+2,+2,+2,+2,+2,+2,+2,+2,36,38,74,1.0,0.0,0.0,-1.0,1.0,1.0,1.0,0.0,0.0,0.0,0.0,0.0,0.0,0.0
24502,Adam Scott,2,5,5.0,4.0,3.0,4.0,2.0,5.0,4.0,4.0,4.0,4.0,3.0,5.0,4.0,4.0,4.0,4.0,6.0,4,5,4,3,4,3,4,5,4,4,4,3,5,4,5,3,4,4,1,0.0,0.0,0.0,+1,+1,+1,+1,+1,E,+1,E,E,E,E,E,E,E,-1,E,E,+2,36,38,74,0.0,-1.0,1.0,-1.0,0.0,0.0,0.0,0.0,0.0,0.0,-1.0,1.0,0.0,2.0
56630,Akshay Bhatia,2,4,4.0,3.0,3.0,4.0,2.0,4.0,5.0,4.0,6.0,5.0,4.0,7.0,4.0,5.0,4.0,3.0,6.0,4,5,4,3,4,3,4,5,4,4,4,3,5,4,5,3,4,4,0,-1.0,-1.0,0.0,E,-1,-2,-2,-2,-3,-3,-3,-3,-1,E,+1,+3,+3,+3,+4,+3,+5,33,44,77,0.0,-1.0,0.0,0.0,0.0,2.0,1.0,1.0,2.0,0.0,0.0,1.0,-1.0,2.0
63343,Aldrich Potgieter,2,5,4.0,4.0,3.0,3.0,4.0,4.0,3.0,4.0,5.0,6.0,4.0,6.0,4.0,5.0,3.0,3.0,5.0,4,5,4,3,4,3,4,5,4,4,4,3,5,4,5,3,4,4,1,-1.0,0.0,0.0,+1,E,E,E,-1,E,E,-2,-2,-1,+1,+2,+3,+3,+3,+3,+2,+3,34,41,75,-1.0,1.0,0.0,-2.0,0.0,1.0,2.0,1.0,1.0,0.0,0.0,0.0,-1.0,1.0
27349,Alex Noren,2,4,5.0,4.0,3.0,5.0,3.0,4.0,5.0,4.0,3.0,4.0,3.0,4.0,4.0,5.0,2.0,5.0,4.0,4,5,4,3,4,3,4,5,4,4,4,3,5,4,5,3,4,4,0,0.0,0.0,0.0,E,E,E,E,+1,+1,+1,+1,+1,E,E,E,-1,-1,-1,-2,-1,-1,37,34,71,1.0,0.0,0.0,0.0,0.0,-1.0,0.0,0.0,-1.0,0.0,0.0,-1.0,1.0,0.0
51997,Andrew Novak,2,5,6.0,4.0,3.0,5.0,3.0,5.0,5.0,4.0,4.0,4.0,3.0,4.0,3.0,5.0,4.0,4.0,5.0,4,5,4,3,4,3,4,5,4,4,4,3,5,4,5,3,4,4,1,1.0,0.0,0.0,+1,+2,+2,+2,+3,+3,+4,+4,+4,+4,+4,+4,+3,+2,+2,+3,+3,+4,40,36,76,1.0,0.0,1.0,0.0,0.0,0.0,0.0,0.0,-1.0,-1.0,0.0,1.0,0.0,1.0
54591,Ben Griffin,2,4,5.0,3.0,3.0,4.0,3.0,4.0,4.0,4.0,4.0,4.0,3.0,4.0,4.0,5.0,3.0,4.0,4.0,4,5,4,3,4,3,4,5,4,4,4,3,5,4,5,3,4,4,0,0.0,-1.0,0.0,E,E,-1,-1,-1,-1,-1,-2,-2,-2,-2,-2,-3,-3,-3,-3,-3,-3,34,35,69,0.0,0.0,0.0,-1.0,0.0,0.0,0.0,0.0,-1.0,0.0,0.0,0.0,0.0,0.0
70147,Brandon Holtz,2,4,5.0,3.0,3.0,4.0,3.0,5.0,6.0,5.0,5.0,6.0,4.0,6.0,5.0,4.0,2.0,4.0,4.0,4,5,4,3,4,3,4,5,4,4,4,3,5,4,5,3,4,4,0,0.0,-1.0,0.0,E,E,-1,-1,-1,-1,E,+1,+2,+3,+5,+6,+7,+8,+7,+6,+6,+6,38,40,78,0.0,0.0,1.0,1.0,1.0,1.0,2.0,1.0,1.0,1.0,-1.0,-1.0,0.0,0.0
46443,Brian Campbell,2,4,6.0,4.0,4.0,4.0,3.0,4.0,5.0,4.0,4.0,4.0,2.0,5.0,4.0,5.0,2.0,5.0,4.0,4,5,4,3,4,3,4,5,4,4,4,3,5,4,5,3,4,4,0,1.0,0.0,1.0,E,+1,+1,+2,+2,+2,+2,+2,+2,+2,+2,+1,+1,+1,+1,E,+1,+1,38,35,73,0.0,0.0,0.0,0.0,0.0,0.0,0.0,-1.0,0.0,0.0,0.0,-1.0,1.0,0.0
27644,Brian Harman,2,5,5.0,4.0,5.0,3.0,2.0,3.0,4.0,4.0,4.0,5.0,2.0,4.0,4.0,4.0,3.0,4.0,4.0,4,5,4,3,4,3,4,5,4,4,4,3,5,4,5,3,4,4,1,0.0,0.0,2.0,+1,+1,+1,+3,+2,+1,E,-1,-1,-1,E,-1,-2,-2,-3,-3,-3,-3,35,34,69,-1.0,-1.0,-1.0,-1.0,0.0,0.0,1.0,-1.0,-1.0,0.0,-1.0,0.0,0.0,0.0
36689,Brooks Koepka,2,5,4.0,3.0,3.0,3.0,3.0,5.0,4.0,5.0,4.0,4.0,2.0,4.0,4.0,5.0,3.0,4.0,4.0,4,5,4,3,4,3,4,5,4,4,4,3,5,4,5,3,4,4,1,-1.0,-1.0,0.0,+1,E,-1,-1,-2,-2,-1,-2,-1,-1,-1,-2,-3,-3,-3,-3,-3,-3,35,34,69,-1.0,0.0,1.0,-1.0,1.0,0.0,0.0,-1.0,-1.0,0.0,0.0,0.0,0.0,0.0
47959,Bryson DeChambeau,2,5,5.0,3.0,3.0,4.0,4.0,3.0,4.0,4.0,4.0,4.0,3.0,6.0,4.0,4.0,3.0,4.0,7.0,4,5,4,3,4,3,4,5,4,4,4,3,5,4,5,3,4,4,1,0.0,-1.0,0.0,+1,+1,E,E,E,+1,E,-1,-1,-1,-1,-1,E,E,-1,-1,-1,+2,35,39,74,0.0,1.0,-1.0,-1.0,0.0,0.0,0.0,0.0,1.0,0.0,-1.0,0.0,0.0,2.0
25804,Bubba Watson,2,5,5.0,3.0,4.0,5.0,3.0,4.0,6.0,4.0,3.0,5.0,2.0,4.0,4.0,4.0,3.0,4.0,5.0,4,5,4,3,4,3,4,5,4,4,4,3,5,4,5,3,4,4,1,0.0,-1.0,1.0,+1,+1,E,+1,+2,+2,+2,+3,+3,+2,+3,+2,+1,+1,E,E,E,+1,39,34,73,1.0,0.0,0.0,1.0,0.0,-1.0,1.0,-1.0,-1.0,0.0,-1.0,0.0,0.0,1.0
35891,Cameron Smith,2,4,5.0,5.0,4.0,5.0,3.0,4.0,4.0,4.0,4.0,5.0,3.0,4.0,5.0,5.0,5.0,4.0,4.0,4,5,4,3,4,3,4,5,4,4,4,3,5,4,5,3,4,4,0,0.0,1.0,1.0,E,E,+1,+2,+3,+3,+3,+2,+2,+2,+3,+3,+2,+3,+3,+5,+5,+5,38,39,77,1.0,0.0,0.0,-1.0,0.0,0.0,1.0,0.0,-1.0,1.0,0.0,2.0,0.0,0.0
57366,Cameron Young,2,4,4.0,4.0,3.0,4.0,3.0,3.0,5.0,4.0,5.0,4.0,2.0,4.0,3.0,4.0,3.0,4.0,4.0,4,5,4,3,4,3,4,5,4,4,4,3,5,4,5,3,4,4,0,-1.0,0.0,0.0,E,-1,-1,-1,-1,-1,-2,-2,-2,-1,-1,-2,-3,-4,-5,-5,-5,-5,34,33,67,0.0,0.0,-1.0,0.0,0.0,1.0,0.0,-1.0,-1.0,-1.0,-1.0,0.0,0.0,0.0
33667,Carlos Ortiz,2,4,5.0,3.0,4.0,5.0,3.0,4.0,5.0,4.0,4.0,3.0,3.0,6.0,4.0,6.0,3.0,4.0,5.0,4,5,4,3,4,3,4,5,4,4,4,3,5,4,5,3,4,4,0,0.0,-1.0,1.0,E,E,-1,E,+1,+1,+1,+1,+1,+1,E,E,+1,+1,+2,+2,+2,+3,37,38,75,1.0,0.0,0.0,0.0,0.0,0.0,-1.0,0.0,1.0,0.0,1.0,0.0,0.0,1.0
57688,Casey Jarvis,2,5,5.0,4.0,3.0,4.0,3.0,4.0,5.0,4.0,4.0,4.0,3.0,5.0,4.0,5.0,4.0,4.0,5.0,4,5,4,3,4,3,4,5,4,4,4,3,5,4,5,3,4,4,1,0.0,0.0,0.0,+1,+1,+1,+1,+1,+1,+1,+1,+1,+1,+1,+1,+1,+1,+1,+2,+2,+3,37,38,75,0.0,0.0,0.0,0.0,0.0,0.0,0.0,0.0,0.0,0.0,0.0,1.0,0.0,1.0
26331,Charl Schwartzel,2,5,4.0,3.0,2.0,4.0,5.0,5.0,5.0,3.0,5.0,4.0,3.0,4.0,4.0,5.0,3.0,5.0,4.0,4,5,4,3,4,3,4,5,4,4,4,3,5,4,5,3,4,4,1,-1.0,-1.0,-1.0,+1,E,-1,-2,-2,E,+1,+1,E,+1,+1,+1,E,E,E,E,+1,+1,36,37,73,0.0,2.0,1.0,0.0,-1.0,1.0,0.0,0.0,-1.0,0.0,0.0,0.0,1.0,0.0
59095,Chris Gotterup,2,5,4.0,3.0,3.0,5.0,2.0,4.0,5.0,3.0,4.0,5.0,2.0,5.0,4.0,5.0,4.0,3.0,3.0,4,5,4,3,4,3,4,5,4,4,4,3,5,4,5,3,4,4,1,-1.0,-1.0,0.0,+1,E,-1,-1,E,-1,-1,-1,-2,-2,-1,-2,-2,-2,-2,-1,-2,-3,34,35,69,1.0,-1.0,0.0,0.0,-1.0,0.0,1.0,-1.0,0.0,0.0,0.0,1.0,-1.0,-1.0
50525,Collin Morikawa,2,4,4.0,5.0,4.0,3.0,3.0,4.0,4.0,3.0,4.0,5.0,2.0,4.0,4.0,5.0,3.0,4.0,4.0,4,5,4,3,4,3,4,5,4,4,4,3,5,4,5,3,4,4,0,-1.0,1.0,1.0,E,-1,E,+1,E,E,E,-1,-2,-2,-1,-2,-3,-3,-3,-3,-3,-3,34,35,69,-1.0,0.0,0.0,-1.0,-1.0,0.0,1.0,-1.0,-1.0,0.0,0.0,0.0,0.0,0.0
39997,Corey Conners,2,4,5.0,3.0,3.0,4.0,4.0,4.0,5.0,4.0,3.0,4.0,3.0,5.0,4.0,5.0,3.0,5.0,5.0,4,5,4,3,4,3,4,5,4,4,4,3,5,4,5,3,4,4,0,0.0,-1.0,0.0,E,E,-1,-1,-1,E,E,E,E,-1,-1,-1,-1,-1,-1,-1,E,+1,36,37,73,0.0,1.0,0.0,0.0,0.0,-1.0,0.0,0.0,0.0,0.0,0.0,0.0,1.0,1.0
40026,Daniel Berger,2,5,5.0,4.0,4.0,5.0,3.0,4.0,5.0,4.0,4.0,4.0,4.0,5.0,4.0,6.0,3.0,4.0,3.0,4,5,4,3,4,3,4,5,4,4,4,3,5,4,5,3,4,4,1,0.0,0.0,1.0,+1,+1,+1,+2,+3,+3,+3,+3,+3,+3,+3,+4,+4,+4,+5,+5,+5,+4,39,37,76,1.0,0.0,0.0,0.0,0.0,0.0,0.0,1.0,0.0,0.0,1.0,0.0,0.0,-1.0
32139,Danny Willett,2,4,5.0,4.0,5.0,5.0,3.0,5.0,4.0,5.0,4.0,4.0,3.0,4.0,4.0,4.0,2.0,4.0,4.0,4,5,4,3,4,3,4,5,4,4,4,3,5,4,5,3,4,4,0,0.0,0.0,2.0,E,E,E,+2,+3,+3,+4,+3,+4,+4,+4,+4,+3,+3,+2,+1,+1,+1,40,33,73,1.0,0.0,1.0,-1.0,1.0,0.0,0.0,0.0,-1.0,0.0,-1.0,-1.0,0.0,0.0
47995,Davis Riley,2,5,5.0,4.0,4.0,6.0,4.0,5.0,5.0,5.0,4.0,5.0,3.0,5.0,4.0,4.0,3.0,4.0,5.0,4,5,4,3,4,3,4,5,4,4,4,3,5,4,5,3,4,4,1,0.0,0.0,1.0,+1,+1,+1,+2,+4,+5,+6,+6,+7,+7,+8,+8,+8,+8,+7,+7,+7,+8,43,37,80,2.0,1.0,1.0,0.0,1.0,0.0,1.0,0.0,0.0,0.0,-1.0,0.0,0.0,1.0
30925,Dustin Johnson,2,4,4.0,4.0,3.0,4.0,3.0,5.0,4.0,3.0,4.0,4.0,3.0,5.0,4.0,7.0,3.0,3.0,4.0,4,5,4,3,4,3,4,5,4,4,4,3,5,4,5,3,4,4,0,-1.0,0.0,0.0,E,-1,-1,-1,-1,-1,E,-1,-2,-2,-2,-2,-2,-2,E,E,-1,-1,34,37,71,0.0,0.0,1.0,-1.0,-1.0,0.0,0.0,0.0,0.0,0.0,2.0,0.0,-1.0,0.0
68932,Ethan Fang,2,5,7.0,4.0,3.0,5.0,3.0,4.0,4.0,4.0,4.0,4.0,3.0,5.0,5.0,5.0,4.0,5.0,4.0,4,5,4,3,4,3,4,5,4,4,4,3,5,4,5,3,4,4,1,2.0,0.0,0.0,+1,+3,+3,+3,+4,+4,+4,+3,+3,+3,+3,+3,+3,+4,+4,+5,+6,+6,39,39,78,1.0,0.0,0.0,-1.0,0.0,0.0,0.0,0.0,0.0,1.0,0.0,1.0,1.0,0.0
70146,Fifa Laopakdee,2,5,5.0,5.0,4.0,5.0,3.0,4.0,5.0,4.0,4.0,5.0,4.0,4.0,3.0,4.0,3.0,4.0,4.0,4,5,4,3,4,3,4,5,4,4,4,3,5,4,5,3,4,4,1,0.0,1.0,1.0,+1,+1,+2,+3,+4,+4,+4,+4,+4,+4,+5,+6,+5,+4,+3,+3,+3,+3,40,35,75,1.0,0.0,0.0,0.0,0.0,0.0,1.0,1.0,-1.0,-1.0,-1.0,0.0,0.0,0.0
31323,Gary Woodland,2,4,7.0,3.0,3.0,5.0,3.0,5.0,5.0,3.0,4.0,4.0,3.0,6.0,4.0,5.0,3.0,5.0,3.0,4,5,4,3,4,3,4,5,4,4,4,3,5,4,5,3,4,4,0,2.0,-1.0,0.0,E,+2,+1,+1,+2,+2,+3,+3,+2,+2,+2,+2,+3,+3,+3,+3,+4,+3,38,37,75,1.0,0.0,1.0,0.0,-1.0,0.0,0.0,0.0,1.0,0.0,0.0,0.0,1.0,-1.0
35296,Haotong Li,2,4,4.0,4.0,4.0,4.0,3.0,5.0,5.0,4.0,4.0,4.0,3.0,4.0,3.0,4.0,2.0,4.0,4.0,4,5,4,3,4,3,4,5,4,4,4,3,5,4,5,3,4,4,0,-1.0,0.0,1.0,E,-1,-1,E,E,E,+1,+1,+1,+1,+1,+1,E,-1,-2,-3,-3,-3,37,32,69,0.0,0.0,1.0,0.0,0.0,0.0,0.0,0.0,-1.0,-1.0,-1.0,-1.0,0.0,0.0
34099,Harris English,2,4,4.0,3.0,3.0,5.0,3.0,4.0,4.0,5.0,4.0,4.0,4.0,4.0,4.0,5.0,3.0,3.0,5.0,4,5,4,3,4,3,4,5,4,4,4,3,5,4,5,3,4,4,0,-1.0,-1.0,0.0,E,-1,-2,-2,-1,-1,-1,-2,-1,-1,-1,E,-1,-1,-1,-1,-2,-1,35,36,71,1.0,0.0,0.0,-1.0,1.0,0.0,0.0,1.0,-1.0,0.0,0.0,0.0,-1.0,1.0
57975,Harry Hall,2,5,5.0,3.0,3.0,5.0,3.0,5.0,5.0,4.0,4.0,3.0,2.0,4.0,3.0,5.0,3.0,5.0,5.0,4,5,4,3,4,3,4,5,4,4,4,3,5,4,5,3,4,4,1,0.0,-1.0,0.0,+1,+1,E,E,+1,+1,+2,+2,+2,+2,+1,E,-1,-2,-2,-2,-1,E,38,34,72,1.0,0.0,1.0,0.0,0.0,0.0,-1.0,-1.0,-1.0,-1.0,0.0,0.0,1.0,1.0
32839,Hideki Matsuyama,2,5,4.0,3.0,4.0,4.0,2.0,4.0,5.0,3.0,4.0,4.0,4.0,5.0,3.0,4.0,3.0,4.0,5.0,4,5,4,3,4,3,4,5,4,4,4,3,5,4,5,3,4,4,1,-1.0,-1.0,1.0,+1,E,-1,E,E,-1,-1,-1,-2,-2,-2,-1,-1,-2,-3,-3,-3,-2,34,36,70,0.0,-1.0,0.0,0.0,-1.0,0.0,0.0,1.0,0.0,-1.0,-1.0,0.0,0.0,1.0
39324,J.J. Spaun,2,4,5.0,4.0,4.0,4.0,4.0,5.0,5.0,4.0,4.0,5.0,3.0,5.0,4.0,5.0,2.0,5.0,3.0,4,5,4,3,4,3,4,5,4,4,4,3,5,4,5,3,4,4,0,0.0,0.0,1.0,E,E,E,+1,+1,+2,+3,+3,+3,+3,+4,+4,+4,+4,+4,+3,+4,+3,39,36,75,0.0,1.0,1.0,0.0,0.0,0.0,1.0,0.0,0.0,0.0,0.0,-1.0,1.0,-1.0
70148,Jackson Herrington,2,4,5.0,4.0,3.0,5.0,4.0,3.0,4.0,4.0,5.0,4.0,6.0,5.0,4.0,5.0,3.0,4.0,4.0,4,5,4,3,4,3,4,5,4,4,4,3,5,4,5,3,4,4,0,0.0,0.0,0.0,E,E,E,E,+1,+2,+1,E,E,+1,+1,+4,+4,+4,+4,+4,+4,+4,36,40,76,1.0,1.0,-1.0,-1.0,0.0,1.0,0.0,2.0,0.0,0.0,0.0,0.0,0.0,0.0
60004,Jacob Bridgeman,2,5,4.0,4.0,3.0,4.0,3.0,5.0,5.0,4.0,4.0,4.0,3.0,5.0,6.0,4.0,3.0,4.0,4.0,4,5,4,3,4,3,4,5,4,4,4,3,5,4,5,3,4,4,1,-1.0,0.0,0.0,+1,E,E,E,E,E,+1,+1,+1,+1,+1,+1,+1,+3,+2,+2,+2,+2,37,37,74,0.0,0.0,1.0,0.0,0.0,0.0,0.0,0.0,0.0,2.0,-1.0,0.0,0.0,0.0
47420,Jake Knapp,2,4,4.0,4.0,4.0,4.0,2.0,4.0,4.0,4.0,4.0,5.0,5.0,3.0,3.0,6.0,2.0,4.0,3.0,4,5,4,3,4,3,4,5,4,4,4,3,5,4,5,3,4,4,0,-1.0,0.0,1.0,E,-1,-1,E,E,-1,-1,-2,-2,-2,-1,+1,-1,-2,-1,-2,-2,-3,34,35,69,0.0,-1.0,0.0,-1.0,0.0,0.0,1.0,2.0,-2.0,-1.0,1.0,-1.0,0.0,-1.0
28089,Jason Day,2,4,5.0,4.0,3.0,4.0,3.0,4.0,4.0,3.0,4.0,5.0,3.0,5.0,3.0,5.0,3.0,4.0,5.0,4,5,4,3,4,3,4,5,4,4,4,3,5,4,5,3,4,4,0,0.0,0.0,0.0,E,E,E,E,E,E,E,-1,-2,-2,-1,-1,-1,-2,-2,-2,-2,-1,34,37,71,0.0,0.0,0.0,-1.0,-1.0,0.0,1.0,0.0,0.0,-1.0,0.0,0.0,0.0,1.0
63454,Johnny Keefer,2,5,5.0,4.0,3.0,5.0,2.0,5.0,5.0,5.0,6.0,4.0,4.0,5.0,5.0,4.0,3.0,4.0,5.0,4,5,4,3,4,3,4,5,4,4,4,3,5,4,5,3,4,4,1,0.0,0.0,0.0,+1,+1,+1,+1,+2,+1,+2,+2,+3,+5,+5,+6,+6,+7,+6,+6,+6,+7,39,40,79,1.0,-1.0,1.0,0.0,1.0,2.0,0.0,1.0,0.0,1.0,-1.0,0.0,0.0,1.0
46970,Jon Rahm,2,4,4.0,4.0,3.0,3.0,3.0,4.0,5.0,5.0,4.0,4.0,3.0,5.0,4.0,5.0,2.0,4.0,4.0,4,5,4,3,4,3,4,5,4,4,4,3,5,4,5,3,4,4,0,-1.0,0.0,0.0,E,-1,-1,-1,-2,-2,-2,-2,-1,-1,-1,-1,-1,-1,-1,-2,-2,-2,35,35,70,-1.0,0.0,0.0,0.0,1.0,0.0,0.0,0.0,0.0,0.0,0.0,-1.0,0.0,0.0
34046,Jordan Spieth,2,3,5.0,4.0,3.0,4.0,3.0,4.0,5.0,4.0,4.0,4.0,4.0,5.0,4.0,5.0,3.0,4.0,5.0,4,5,4,3,4,3,4,5,4,4,4,3,5,4,5,3,4,4,-1,0.0,0.0,0.0,-1,-1,-1,-1,-1,-1,-1,-1,-1,-1,-1,E,E,E,E,E,E,+1,35,38,73,0.0,0.0,0.0,0.0,0.0,0.0,0.0,1.0,0.0,0.0,0.0,0.0,0.0,1.0
22405,Justin Rose,2,5,5.0,4.0,3.0,4.0,3.0,3.0,5.0,3.0,3.0,3.0,4.0,5.0,4.0,4.0,3.0,4.0,4.0,4,5,4,3,4,3,4,5,4,4,4,3,5,4,5,3,4,4,1,0.0,0.0,0.0,+1,+1,+1,+1,+1,+1,E,E,-1,-2,-3,-2,-2,-2,-3,-3,-3,-3,35,34,69,0.0,0.0,-1.0,0.0,-1.0,-1.0,-1.0,1.0,0.0,0.0,-1.0,0.0,0.0,0.0
33448,Justin Thomas,2,4,4.0,5.0,4.0,4.0,4.0,4.0,4.0,4.0,4.0,4.0,3.0,5.0,4.0,5.0,4.0,4.0,4.0,4,5,4,3,4,3,4,5,4,4,4,3,5,4,5,3,4,4,0,-1.0,1.0,1.0,E,-1,E,+1,+1,+2,+2,+1,+1,+1,+1,+1,+1,+1,+1,+2,+2,+2,37,37,74,0.0,1.0,0.0,-1.0,0.0,0.0,0.0,0.0,0.0,0.0,0.0,1.0,0.0,0.0
33141,Keegan Bradley,2,5,5.0,4.0,3.0,5.0,3.0,5.0,5.0,4.0,5.0,4.0,3.0,4.0,4.0,5.0,2.0,4.0,4.0,4,5,4,3,4,3,4,5,4,4,4,3,5,4,5,3,4,4,1,0.0,0.0,0.0,+1,+1,+1,+1,+2,+2,+3,+3,+3,+4,+4,+4,+3,+3,+3,+2,+2,+2,39,35,74,1.0,0.0,1.0,0.0,0.0,1.0,0.0,0.0,-1.0,0.0,0.0,-1.0,0.0,0.0
49855,Kristoffer Reitan,2,4,5.0,3.0,3.0,4.0,2.0,4.0,5.0,4.0,5.0,4.0,2.0,4.0,3.0,4.0,3.0,4.0,5.0,4,5,4,3,4,3,4,5,4,4,4,3,5,4,5,3,4,4,0,0.0,-1.0,0.0,E,E,-1,-1,-1,-2,-2,-2,-2,-1,-1,-2,-3,-4,-5,-5,-5,-4,34,34,68,0.0,-1.0,0.0,0.0,0.0,1.0,0.0,-1.0,-1.0,-1.0,-1.0,0.0,0.0,1.0
48117,Kurt Kitayama,2,4,5.0,4.0,4.0,4.0,3.0,4.0,4.0,4.0,6.0,5.0,4.0,4.0,5.0,7.0,3.0,4.0,5.0,4,5,4,3,4,3,4,5,4,4,4,3,5,4,5,3,4,4,0,0.0,0.0,1.0,E,E,E,+1,+1,+1,+1,E,E,+2,+3,+4,+3,+4,+6,+6,+6,+7,36,43,79,0.0,0.0,0.0,-1.0,0.0,2.0,1.0,1.0,-1.0,1.0,2.0,0.0,0.0,1.0
52955,Ludvig Åberg,2,4,4.0,4.0,3.0,4.0,4.0,5.0,4.0,3.0,4.0,4.0,3.0,5.0,4.0,4.0,3.0,5.0,3.0,4,5,4,3,4,3,4,5,4,4,4,3,5,4,5,3,4,4,0,-1.0,0.0,0.0,E,-1,-1,-1,-1,E,+1,E,-1,-1,-1,-1,-1,-1,-2,-2,-1,-2,35,35,70,0.0,1.0,1.0,-1.0,-1.0,0.0,0.0,0.0,0.0,0.0,-1.0,0.0,1.0,-1.0
51003,Marco Penge,2,4,4.0,4.0,2.0,5.0,3.0,4.0,4.0,4.0,4.0,4.0,3.0,5.0,4.0,5.0,3.0,4.0,3.0,4,5,4,3,4,3,4,5,4,4,4,3,5,4,5,3,4,4,0,-1.0,0.0,-1.0,E,-1,-1,-2,-1,-1,-1,-2,-2,-2,-2,-2,-2,-2,-2,-2,-2,-3,34,35,69,1.0,0.0,0.0,-1.0,0.0,0.0,0.0,0.0,0.0,0.0,0.0,0.0,0.0,-1.0
68607,Mason Howell,2,4,6.0,5.0,3.0,4.0,4.0,5.0,5.0,4.0,4.0,4.0,2.0,6.0,4.0,4.0,4.0,4.0,4.0,4,5,4,3,4,3,4,5,4,4,4,3,5,4,5,3,4,4,0,1.0,1.0,0.0,E,+1,+2,+2,+2,+3,+4,+4,+4,+4,+4,+3,+4,+4,+3,+4,+4,+4,40,36,76,0.0,1.0,1.0,0.0,0.0,0.0,0.0,-1.0,1.0,0.0,-1.0,1.0,0.0,0.0
70145,Mateo Pulcini,2,4,4.0,5.0,3.0,4.0,3.0,5.0,5.0,4.0,3.0,4.0,5.0,6.0,5.0,5.0,4.0,5.0,4.0,4,5,4,3,4,3,4,5,4,4,4,3,5,4,5,3,4,4,0,-1.0,1.0,0.0,E,-1,E,E,E,E,+1,+1,+1,E,E,+2,+3,+4,+4,+5,+6,+6,37,41,78,0.0,0.0,1.0,0.0,0.0,-1.0,0.0,2.0,1.0,1.0,0.0,1.0,1.0,0.0
40098,Matt Fitzpatrick,2,4,5.0,4.0,3.0,4.0,4.0,4.0,4.0,3.0,4.0,3.0,3.0,5.0,4.0,5.0,2.0,4.0,4.0,4,5,4,3,4,3,4,5,4,4,4,3,5,4,5,3,4,4,0,0.0,0.0,0.0,E,E,E,E,E,+1,+1,E,-1,-1,-2,-2,-2,-2,-2,-3,-3,-3,35,34,69,0.0,1.0,0.0,-1.0,-1.0,0.0,-1.0,0.0,0.0,0.0,0.0,-1.0,0.0,0.0
59141,Matt McCarty,2,4,5.0,4.0,3.0,4.0,3.0,5.0,4.0,4.0,4.0,5.0,3.0,4.0,4.0,5.0,3.0,5.0,4.0,4,5,4,3,4,3,4,5,4,4,4,3,5,4,5,3,4,4,0,0.0,0.0,0.0,E,E,E,E,E,E,+1,E,E,E,+1,+1,E,E,E,E,+1,+1,36,37,73,0.0,0.0,1.0,-1.0,0.0,0.0,1.0,0.0,-1.0,0.0,0.0,0.0,1.0,0.0
46442,Maverick McNealy,2,4,5.0,5.0,3.0,4.0,4.0,4.0,4.0,4.0,3.0,3.0,3.0,5.0,3.0,5.0,3.0,4.0,4.0,4,5,4,3,4,3,4,5,4,4,4,3,5,4,5,3,4,4,0,0.0,1.0,0.0,E,E,+1,+1,+1,+2,+2,+1,+1,E,-1,-1,-1,-2,-2,-2,-2,-2,37,33,70,0.0,1.0,0.0,-1.0,0.0,-1.0,-1.0,0.0,0.0,-1.0,0.0,0.0,0.0,0.0
51977,Max Greyserman,2,5,5.0,4.0,3.0,5.0,3.0,5.0,5.0,4.0,4.0,4.0,3.0,4.0,5.0,5.0,3.0,4.0,6.0,4,5,4,3,4,3,4,5,4,4,4,3,5,4,5,3,4,4,1,0.0,0.0,0.0,+1,+1,+1,+1,+2,+2,+3,+3,+3,+3,+3,+3,+2,+3,+3,+3,+3,+5,39,38,77,1.0,0.0,1.0,0.0,0.0,0.0,0.0,0.0,-1.0,1.0,0.0,0.0,0.0,2.0
39977,Max Homa,2,4,4.0,4.0,4.0,4.0,3.0,4.0,4.0,4.0,4.0,4.0,3.0,5.0,3.0,4.0,3.0,4.0,5.0,4,5,4,3,4,3,4,5,4,4,4,3,5,4,5,3,4,4,0,-1.0,0.0,1.0,E,-1,-1,E,E,E,E,-1,-1,-1,-1,-1,-1,-2,-3,-3,-3,-2,35,35,70,0.0,0.0,0.0,-1.0,0.0,0.0,0.0,0.0,0.0,-1.0,-1.0,0.0,0.0,1.0
61522,Michael Brennan,2,5,5.0,4.0,3.0,4.0,3.0,4.0,4.0,5.0,3.0,4.0,3.0,5.0,4.0,6.0,2.0,3.0,4.0,4,5,4,3,4,3,4,5,4,4,4,3,5,4,5,3,4,4,1,0.0,0.0,0.0,+1,+1,+1,+1,+1,+1,+1,E,+1,E,E,E,E,E,+1,E,-1,-1,37,34,71,0.0,0.0,0.0,-1.0,1.0,-1.0,0.0,0.0,0.0,0.0,1.0,-1.0,-1.0,0.0
39975,Michael Kim,2,5,5.0,5.0,4.0,4.0,3.0,4.0,5.0,4.0,4.0,5.0,4.0,5.0,5.0,4.0,2.0,4.0,5.0,4,5,4,3,4,3,4,5,4,4,4,3,5,4,5,3,4,4,1,0.0,1.0,1.0,+1,+1,+2,+3,+3,+3,+3,+3,+3,+3,+4,+5,+5,+6,+5,+4,+4,+5,39,38,77,0.0,0.0,0.0,0.0,0.0,0.0,1.0,1.0,0.0,1.0,-1.0,-1.0,0.0,1.0
10423,Mike Weir,2,4,4.0,5.0,5.0,4.0,3.0,4.0,5.0,3.0,4.0,4.0,2.0,5.0,5.0,5.0,3.0,4.0,4.0,4,5,4,3,4,3,4,5,4,4,4,3,5,4,5,3,4,4,0,-1.0,1.0,2.0,E,-1,E,+2,+2,+2,+2,+2,+1,+1,+1,E,E,+1,+1,+1,+1,+1,37,36,73,0.0,0.0,0.0,0.0,-1.0,0.0,0.0,-1.0,0.0,1.0,0.0,0.0,0.0,0.0
37378,Min Woo Lee,2,5,5.0,4.0,3.0,4.0,2.0,4.0,5.0,4.0,4.0,4.0,5.0,6.0,5.0,6.0,3.0,4.0,4.0,4,5,4,3,4,3,4,5,4,4,4,3,5,4,5,3,4,4,1,0.0,0.0,0.0,+1,+1,+1,+1,+1,E,E,E,E,E,E,+2,+3,+4,+5,+5,+5,+5,36,41,77,0.0,-1.0,0.0,0.0,0.0,0.0,0.0,2.0,1.0,1.0,1.0,0.0,0.0,0.0
46879,Naoyuki Kataoka,2,3,5.0,4.0,4.0,4.0,3.0,5.0,5.0,3.0,3.0,6.0,4.0,4.0,5.0,4.0,3.0,5.0,5.0,4,5,4,3,4,3,4,5,4,4,4,3,5,4,5,3,4,4,-1,0.0,0.0,1.0,-1,-1,-1,E,E,E,+1,+1,E,-1,+1,+2,+1,+2,+1,+1,+2,+3,36,39,75,0.0,0.0,1.0,0.0,-1.0,-1.0,2.0,1.0,-1.0,1.0,-1.0,0.0,1.0,1.0
25493,Nick Taylor,2,4,5.0,5.0,4.0,4.0,3.0,4.0,4.0,4.0,4.0,4.0,2.0,5.0,4.0,4.0,3.0,4.0,5.0,4,5,4,3,4,3,4,5,4,4,4,3,5,4,5,3,4,4,0,0.0,1.0,1.0,E,E,+1,+2,+2,+2,+2,+1,+1,+1,+1,E,E,E,-1,-1,-1,E,37,35,72,0.0,0.0,0.0,-1.0,0.0,0.0,0.0,-1.0,0.0,0.0,-1.0,0.0,0.0,1.0
51349,Nico Echavarria,2,4,5.0,4.0,4.0,4.0,4.0,4.0,4.0,3.0,4.0,4.0,6.0,6.0,4.0,7.0,2.0,5.0,4.0,4,5,4,3,4,3,4,5,4,4,4,3,5,4,5,3,4,4,0,0.0,0.0,1.0,E,E,E,+1,+1,+2,+2,+1,E,E,E,+3,+4,+4,+6,+5,+6,+6,36,42,78,0.0,1.0,0.0,-1.0,-1.0,0.0,0.0,2.0,1.0,0.0,2.0,-1.0,1.0,0.0
52453,Nicolai Højgaard,2,4,6.0,4.0,3.0,5.0,3.0,4.0,5.0,4.0,4.0,4.0,5.0,4.0,5.0,4.0,3.0,4.0,3.0,4,5,4,3,4,3,4,5,4,4,4,3,5,4,5,3,4,4,0,1.0,0.0,0.0,E,+1,+1,+1,+2,+2,+2,+2,+2,+2,+2,+4,+3,+4,+3,+3,+3,+2,38,36,74,1.0,0.0,0.0,0.0,0.0,0.0,0.0,2.0,-1.0,1.0,-1.0,0.0,0.0,-1.0
35450,Patrick Cantlay,2,4,4.0,4.0,3.0,4.0,3.0,4.0,5.0,3.0,4.0,3.0,3.0,5.0,4.0,4.0,2.0,4.0,4.0,4,5,4,3,4,3,4,5,4,4,4,3,5,4,5,3,4,4,0,-1.0,0.0,0.0,E,-1,-1,-1,-1,-1,-1,-1,-2,-2,-3,-3,-3,-3,-4,-5,-5,-5,34,33,67,0.0,0.0,0.0,0.0,-1.0,0.0,-1.0,0.0,0.0,0.0,-1.0,-1.0,0.0,0.0
34360,Patrick Reed,2,4,5.0,3.0,3.0,4.0,3.0,4.0,4.0,4.0,4.0,4.0,2.0,5.0,4.0,5.0,3.0,3.0,5.0,4,5,4,3,4,3,4,5,4,4,4,3,5,4,5,3,4,4,0,0.0,-1.0,0.0,E,E,-1,-1,-1,-1,-1,-2,-2,-2,-2,-3,-3,-3,-3,-3,-4,-3,34,35,69,0.0,0.0,0.0,-1.0,0.0,0.0,0.0,-1.0,0.0,0.0,0.0,0.0,-1.0,1.0
52686,Rasmus Højgaard,2,4,5.0,3.0,3.0,4.0,3.0,4.0,4.0,4.0,4.0,4.0,3.0,5.0,4.0,5.0,4.0,4.0,3.0,4,5,4,3,4,3,4,5,4,4,4,3,5,4,5,3,4,4,0,0.0,-1.0,0.0,E,E,-1,-1,-1,-1,-1,-2,-2,-2,-2,-2,-2,-2,-2,-1,-1,-2,34,36,70,0.0,0.0,0.0,-1.0,0.0,0.0,0.0,0.0,0.0,0.0,0.0,1.0,0.0,-1.0
52689,Rasmus Neergaard-Petersen,2,4,5.0,4.0,4.0,5.0,3.0,4.0,4.0,4.0,5.0,4.0,2.0,4.0,5.0,5.0,3.0,4.0,5.0,4,5,4,3,4,3,4,5,4,4,4,3,5,4,5,3,4,4,0,0.0,0.0,1.0,E,E,E,+1,+2,+2,+2,+1,+1,+2,+2,+1,E,+1,+1,+1,+1,+2,37,37,74,1.0,0.0,0.0,-1.0,0.0,1.0,0.0,-1.0,-1.0,1.0,0.0,0.0,0.0,1.0
52215,Robert MacIntyre,2,6,5.0,3.0,2.0,4.0,3.0,3.0,5.0,4.0,4.0,5.0,2.0,5.0,4.0,4.0,4.0,4.0,4.0,4,5,4,3,4,3,4,5,4,4,4,3,5,4,5,3,4,4,2,0.0,-1.0,-1.0,+2,+2,+1,E,E,E,-1,-1,-1,-1,E,-1,-1,-1,-2,-1,-1,-1,35,36,71,0.0,0.0,-1.0,0.0,0.0,0.0,1.0,-1.0,0.0,0.0,-1.0,1.0,0.0,0.0
28237,Rory McIlroy,2,4,4.0,3.0,2.0,5.0,3.0,4.0,5.0,4.0,5.0,4.0,2.0,4.0,4.0,4.0,2.0,3.0,3.0,4,5,4,3,4,3,4,5,4,4,4,3,5,4,5,3,4,4,0,-1.0,-1.0,-1.0,E,-1,-2,-3,-2,-2,-2,-2,-2,-1,-1,-2,-3,-3,-4,-5,-6,-7,34,31,65,1.0,0.0,0.0,0.0,0.0,1.0,0.0,-1.0,-1.0,0.0,-1.0,-1.0,-1.0,-1.0
34098,Russell Henley,2,4,5.0,3.0,3.0,4.0,3.0,4.0,5.0,3.0,5.0,4.0,3.0,4.0,5.0,4.0,2.0,5.0,5.0,4,5,4,3,4,3,4,5,4,4,4,3,5,4,5,3,4,4,0,0.0,-1.0,0.0,E,E,-1,-1,-1,-1,-1,-1,-2,-1,-1,-1,-2,-1,-2,-3,-2,-1,34,37,71,0.0,0.0,0.0,0.0,-1.0,1.0,0.0,0.0,-1.0,1.0,-1.0,-1.0,1.0,1.0
29936,Ryan Fox,2,4,5.0,4.0,3.0,4.0,4.0,4.0,5.0,4.0,4.0,4.0,3.0,4.0,4.0,5.0,4.0,3.0,4.0,4,5,4,3,4,3,4,5,4,4,4,3,5,4,5,3,4,4,0,0.0,0.0,0.0,E,E,E,E,E,+1,+1,+1,+1,+1,+1,+1,E,E,E,+1,E,E,37,35,72,0.0,1.0,0.0,0.0,0.0,0.0,0.0,0.0,-1.0,0.0,0.0,1.0,-1.0,0.0
59018,Ryan Gerard,2,4,5.0,4.0,3.0,4.0,3.0,4.0,5.0,4.0,5.0,5.0,2.0,5.0,4.0,5.0,3.0,3.0,4.0,4,5,4,3,4,3,4,5,4,4,4,3,5,4,5,3,4,4,0,0.0,0.0,0.0,E,E,E,E,E,E,E,E,E,+1,+2,+1,+1,+1,+1,+1,E,E,36,36,72,0.0,0.0,0.0,0.0,0.0,1.0,1.0,-1.0,0.0,0.0,0.0,0.0,-1.0,0.0
47504,Sam Burns,2,4,5.0,4.0,3.0,5.0,3.0,3.0,5.0,4.0,4.0,5.0,3.0,6.0,4.0,4.0,3.0,3.0,3.0,4,5,4,3,4,3,4,5,4,4,4,3,5,4,5,3,4,4,0,0.0,0.0,0.0,E,E,E,E,+1,+1,E,E,E,E,+1,+1,+2,+2,+1,+1,E,-1,36,35,71,1.0,0.0,-1.0,0.0,0.0,0.0,1.0,0.0,1.0,0.0,-1.0,0.0,-1.0,-1.0
55893,Sam Stevens,2,4,5.0,4.0,3.0,4.0,4.0,5.0,4.0,5.0,5.0,4.0,4.0,5.0,4.0,4.0,2.0,4.0,4.0,4,5,4,3,4,3,4,5,4,4,4,3,5,4,5,3,4,4,0,0.0,0.0,0.0,E,E,E,E,E,+1,+2,+1,+2,+3,+3,+4,+4,+4,+3,+2,+2,+2,38,36,74,0.0,1.0,1.0,-1.0,1.0,1.0,0.0,1.0,0.0,0.0,-1.0,-1.0,0.0,0.0
52666,Sami Valimaki,2,5,5.0,4.0,3.0,4.0,3.0,5.0,5.0,4.0,4.0,4.0,3.0,4.0,5.0,5.0,3.0,5.0,4.0,4,5,4,3,4,3,4,5,4,4,4,3,5,4,5,3,4,4,1,0.0,0.0,0.0,+1,+1,+1,+1,+1,+1,+2,+2,+2,+2,+2,+2,+1,+2,+2,+2,+3,+3,38,37,75,0.0,0.0,1.0,0.0,0.0,0.0,0.0,0.0,-1.0,1.0,0.0,0.0,1.0,0.0
46046,Scottie Scheffler,2,4,5.0,4.0,4.0,5.0,3.0,4.0,4.0,4.0,3.0,4.0,3.0,6.0,4.0,6.0,3.0,4.0,4.0,4,5,4,3,4,3,4,5,4,4,4,3,5,4,5,3,4,4,0,0.0,0.0,1.0,E,E,E,+1,+2,+2,+2,+1,+1,E,E,E,+1,+1,+2,+2,+2,+2,37,37,74,1.0,0.0,0.0,-1.0,0.0,-1.0,0.0,0.0,1.0,0.0,1.0,0.0,0.0,0.0
49960,Sepp Straka,2,5,4.0,4.0,3.0,4.0,3.0,4.0,5.0,3.0,5.0,4.0,3.0,5.0,4.0,5.0,3.0,4.0,4.0,4,5,4,3,4,3,4,5,4,4,4,3,5,4,5,3,4,4,1,-1.0,0.0,0.0,+1,E,E,E,E,E,E,E,-1,E,E,E,E,E,E,E,E,E,35,37,72,0.0,0.0,0.0,0.0,-1.0,1.0,0.0,0.0,0.0,0.0,0.0,0.0,0.0,0.0
21209,Sergio Garcia,2,4,5.0,5.0,4.0,5.0,2.0,4.0,4.0,4.0,4.0,4.0,3.0,5.0,4.0,5.0,3.0,6.0,4.0,4,5,4,3,4,3,4,5,4,4,4,3,5,4,5,3,4,4,0,0.0,1.0,1.0,E,E,+1,+2,+3,+2,+2,+1,+1,+1,+1,+1,+1,+1,+1,+1,+3,+3,37,38,75,1.0,-1.0,0.0,-1.0,0.0,0.0,0.0,0.0,0.0,0.0,0.0,0.0,2.0,0.0
33204,Shane Lowry,2,3,5.0,4.0,3.0,4.0,3.0,4.0,5.0,4.0,4.0,4.0,3.0,5.0,4.0,5.0,2.0,4.0,3.0,4,5,4,3,4,3,4,5,4,4,4,3,5,4,5,3,4,4,-1,0.0,0.0,0.0,-1,-1,-1,-1,-1,-1,-1,-1,-1,-1,-1,-1,-1,-1,-1,-2,-2,-3,35,34,69,0.0,0.0,0.0,0.0,0.0,0.0,0.0,0.0,0.0,0.0,0.0,-1.0,0.0,-1.0
37455,Si Woo Kim,2,4,5.0,4.0,3.0,4.0,3.0,5.0,5.0,3.0,5.0,4.0,3.0,4.0,4.0,5.0,4.0,4.0,4.0,4,5,4,3,4,3,4,5,4,4,4,3,5,4,5,3,4,4,0,0.0,0.0,0.0,E,E,E,E,E,E,+1,+1,E,+1,+1,+1,E,E,E,+1,+1,+1,36,37,73,0.0,0.0,1.0,0.0,-1.0,1.0,0.0,0.0,-1.0,0.0,0.0,1.0,0.0,0.0
39971,Sungjae Im,2,4,5.0,4.0,4.0,4.0,3.0,3.0,4.0,4.0,5.0,3.0,3.0,4.0,4.0,4.0,2.0,4.0,5.0,4,5,4,3,4,3,4,5,4,4,4,3,5,4,5,3,4,4,0,0.0,0.0,1.0,E,E,E,+1,+1,+1,E,-1,-1,E,-1,-1,-2,-2,-3,-4,-4,-3,35,34,69,0.0,0.0,-1.0,-1.0,0.0,1.0,-1.0,0.0,-1.0,0.0,-1.0,-1.0,0.0,1.0
50823,Tom McKibbin,2,5,7.0,4.0,4.0,5.0,3.0,4.0,4.0,4.0,4.0,4.0,3.0,5.0,4.0,4.0,4.0,4.0,4.0,4,5,4,3,4,3,4,5,4,4,4,3,5,4,5,3,4,4,1,2.0,0.0,1.0,+1,+3,+3,+4,+5,+5,+5,+4,+4,+4,+4,+4,+4,+4,+3,+4,+4,+4,40,36,76,1.0,0.0,0.0,-1.0,0.0,0.0,0.0,0.0,0.0,0.0,-1.0,1.0,0.0,0.0
30911,Tommy Fleetwood,2,5,4.0,4.0,3.0,4.0,3.0,4.0,3.0,4.0,3.0,4.0,3.0,5.0,4.0,3.0,3.0,4.0,5.0,4,5,4,3,4,3,4,5,4,4,4,3,5,4,5,3,4,4,1,-1.0,0.0,0.0,+1,E,E,E,E,E,E,-2,-2,-3,-3,-3,-3,-3,-5,-5,-5,-4,34,34,68,0.0,0.0,0.0,-2.0,0.0,-1.0,0.0,0.0,0.0,0.0,-2.0,0.0,0.0,1.0
34363,Tyrrell Hatton,2,4,4.0,3.0,3.0,4.0,3.0,3.0,5.0,3.0,4.0,4.0,2.0,5.0,4.0,4.0,2.0,4.0,5.0,4,5,4,3,4,3,4,5,4,4,4,3,5,4,5,3,4,4,0,-1.0,-1.0,0.0,E,-1,-2,-2,-2,-2,-3,-3,-4,-4,-4,-5,-5,-5,-6,-7,-7,-6,32,34,66,0.0,0.0,-1.0,0.0,-1.0,0.0,0.0,-1.0,0.0,0.0,-1.0,-1.0,0.0,1.0
46717,Viktor Hovland,2,4,4.0,4.0,3.0,4.0,3.0,6.0,5.0,3.0,4.0,4.0,2.0,5.0,3.0,6.0,2.0,5.0,4.0,4,5,4,3,4,3,4,5,4,4,4,3,5,4,5,3,4,4,0,-1.0,0.0,0.0,E,-1,-1,-1,-1,-1,+1,+1,E,E,E,-1,-1,-2,-1,-2,-1,-1,36,35,71,0.0,0.0,2.0,0.0,-1.0,0.0,0.0,-1.0,0.0,-1.0,1.0,-1.0,1.0,0.0
51766,Wyndham Clark,2,4,4.0,3.0,2.0,4.0,3.0,4.0,5.0,4.0,5.0,4.0,3.0,5.0,4.0,4.0,2.0,4.0,4.0,4,5,4,3,4,3,4,5,4,4,4,3,5,4,5,3,4,4,0,-1.0,-1.0,-1.0,E,-1,-2,-3,-3,-3,-3,-3,-3,-2,-2,-2,-2,-2,-3,-4,-4,-4,33,35,68,0.0,0.0,0.0,0.0,0.0,1.0,0.0,0.0,0.0,0.0,-1.0,-1.0,0.0,0.0
48081,Xander Schauffele,2,4,5.0,4.0,3.0,4.0,3.0,4.0,4.0,4.0,3.0,5.0,4.0,6.0,4.0,4.0,3.0,4.0,4.0,4,5,4,3,4,3,4,5,4,4,4,3,5,4,5,3,4,4,0,0.0,0.0,0.0,E,E,E,E,E,E,E,-1,-1,-2,-1,E,+1,+1,E,E,E,E,35,37,72,0.0,0.0,0.0,-1.0,0.0,-1.0,1.0,1.0,1.0,0.0,-1.0,0.0,0.0,0.0
24024,Zach Johnson,2,4,5.0,4.0,3.0,5.0,4.0,4.0,5.0,4.0,4.0,3.0,5.0,4.0,4.0,5.0,4.0,4.0,4.0,4,5,4,3,4,3,4,5,4,4,4,3,5,4,5,3,4,4,0,0.0,0.0,0.0,E,E,E,E,+1,+2,+2,+2,+2,+2,+1,+3,+2,+2,+2,+3,+3,+3,38,37,75,1.0,1.0,0.0,0.0,0.0,0.0,-1.0,2.0,-1.0,0.0,0.0,1.0,0.0,0.0
20848,Ángel Cabrera,2,4,4.0,4.0,3.0,5.0,3.0,4.0,7.0,4.0,4.0,4.0,3.0,7.0,4.0,8.0,3.0,5.0,5.0,4,5,4,3,4,3,4,5,4,4,4,3,5,4,5,3,4,4,0,-1.0,0.0,0.0,E,-1,-1,-1,E,E,E,+2,+2,+2,+2,+2,+4,+4,+7,+7,+8,+9,38,43,81,1.0,0.0,0.0,2.0,0.0,0.0,0.0,0.0,2.0,0.0,2.0,0.0,1.0,1.0
46414,Aaron Rai,3,5,6.0,4.0,5.0,4.0,4.0,5.0,5.0,4.0,4.0,5.0,3.0,5.0,4.0,5.0,2.0,4.0,4.0,4,5,4,3,4,3,4,5,4,4,4,3,5,4,5,3,4,4,1,1.0,0.0,2.0,+1,+2,+2,+4,+4,+5,+6,+6,+6,+6,+7,+7,+7,+7,+7,+6,+6,+6,42,36,78,0.0,1.0,1.0,0.0,0.0,0.0,1.0,0.0,0.0,0.0,0.0,-1.0,0.0,0.0
24502,Adam Scott,3,4,5.0,4.0,3.0,4.0,3.0,3.0,4.0,4.0,5.0,4.0,3.0,5.0,3.0,5.0,3.0,4.0,4.0,4,5,4,3,4,3,4,5,4,4,4,3,5,4,5,3,4,4,0,0.0,0.0,0.0,E,E,E,E,E,E,-1,-2,-2,-1,-1,-1,-1,-2,-2,-2,-2,-2,34,36,70,0.0,0.0,-1.0,-1.0,0.0,1.0,0.0,0.0,0.0,-1.0,0.0,0.0,0.0,0.0
27349,Alex Noren,3,5,4.0,4.0,2.0,4.0,3.0,4.0,4.0,5.0,5.0,5.0,2.0,4.0,3.0,4.0,3.0,4.0,4.0,4,5,4,3,4,3,4,5,4,4,4,3,5,4,5,3,4,4,1,-1.0,0.0,-1.0,+1,E,E,-1,-1,-1,-1,-2,-1,E,+1,E,-1,-2,-3,-3,-3,-3,35,34,69,0.0,0.0,0.0,-1.0,1.0,1.0,1.0,-1.0,-1.0,-1.0,-1.0,0.0,0.0,0.0
54591,Ben Griffin,3,5,4.0,4.0,3.0,4.0,3.0,4.0,4.0,3.0,4.0,4.0,4.0,5.0,4.0,5.0,2.0,4.0,4.0,4,5,4,3,4,3,4,5,4,4,4,3,5,4,5,3,4,4,1,-1.0,0.0,0.0,+1,E,E,E,E,E,E,-1,-2,-2,-2,-1,-1,-1,-1,-2,-2,-2,34,36,70,0.0,0.0,0.0,-1.0,-1.0,0.0,0.0,1.0,0.0,0.0,0.0,-1.0,0.0,0.0
46443,Brian Campbell,3,4,5.0,3.0,2.0,4.0,3.0,5.0,4.0,4.0,3.0,5.0,3.0,5.0,4.0,4.0,3.0,4.0,4.0,4,5,4,3,4,3,4,5,4,4,4,3,5,4,5,3,4,4,0,0.0,-1.0,-1.0,E,E,-1,-2,-2,-2,-1,-2,-2,-3,-2,-2,-2,-2,-3,-3,-3,-3,34,35,69,0.0,0.0,1.0,-1.0,0.0,-1.0,1.0,0.0,0.0,0.0,-1.0,0.0,0.0,0.0
27644,Brian Harman,3,4,4.0,4.0,2.0,4.0,2.0,5.0,4.0,4.0,4.0,4.0,3.0,5.0,3.0,5.0,3.0,3.0,4.0,4,5,4,3,4,3,4,5,4,4,4,3,5,4,5,3,4,4,0,-1.0,0.0,-1.0,E,-1,-1,-2,-2,-3,-2,-3,-3,-3,-3,-3,-3,-4,-4,-4,-5,-5,33,34,67,0.0,-1.0,1.0,-1.0,0.0,0.0,0.0,0.0,0.0,-1.0,0.0,0.0,-1.0,0.0
36689,Brooks Koepka,3,5,5.0,3.0,4.0,4.0,3.0,4.0,5.0,5.0,4.0,4.0,3.0,5.0,3.0,4.0,3.0,4.0,3.0,4,5,4,3,4,3,4,5,4,4,4,3,5,4,5,3,4,4,1,0.0,-1.0,1.0,+1,+1,E,+1,+1,+1,+1,+1,+2,+2,+2,+2,+2,+1,E,E,E,-1,38,33,71,0.0,0.0,0.0,0.0,1.0,0.0,0.0,0.0,0.0,-1.0,-1.0,0.0,0.0,-1.0
57366,Cameron Young,3,4,5.0,3.0,2.0,4.0,3.0,3.0,4.0,4.0,3.0,4.0,3.0,4.0,3.0,6.0,2.0,4.0,4.0,4,5,4,3,4,3,4,5,4,4,4,3,5,4,5,3,4,4,0,0.0,-1.0,-1.0,E,E,-1,-2,-2,-2,-3,-4,-4,-5,-5,-5,-6,-7,-6,-7,-7,-7,32,33,65,0.0,0.0,-1.0,-1.0,0.0,-1.0,0.0,0.0,-1.0,-1.0,1.0,-1.0,0.0,0.0
26331,Charl Schwartzel,3,5,4.0,5.0,4.0,4.0,3.0,4.0,5.0,4.0,6.0,5.0,3.0,6.0,3.0,5.0,3.0,4.0,4.0,4,5,4,3,4,3,4,5,4,4,4,3,5,4,5,3,4,4,1,-1.0,1.0,1.0,+1,E,+1,+2,+2,+2,+2,+2,+2,+4,+5,+5,+6,+5,+5,+5,+5,+5,38,39,77,0.0,0.0,0.0,0.0,0.0,2.0,1.0,0.0,1.0,-1.0,0.0,0.0,0.0,0.0
59095,Chris Gotterup,3,4,3.0,4.0,4.0,5.0,3.0,4.0,5.0,4.0,4.0,4.0,3.0,5.0,5.0,4.0,3.0,5.0,3.0,4,5,4,3,4,3,4,5,4,4,4,3,5,4,5,3,4,4,0,-2.0,0.0,1.0,E,-2,-2,-1,E,E,E,E,E,E,E,E,E,+1,E,E,+1,E,36,36,72,1.0,0.0,0.0,0.0,0.0,0.0,0.0,0.0,0.0,1.0,-1.0,0.0,1.0,-1.0
50525,Collin Morikawa,3,4,5.0,3.0,4.0,3.0,3.0,4.0,5.0,4.0,4.0,5.0,3.0,5.0,4.0,3.0,2.0,3.0,4.0,4,5,4,3,4,3,4,5,4,4,4,3,5,4,5,3,4,4,0,0.0,-1.0,1.0,E,E,-1,E,-1,-1,-1,-1,-1,-1,E,E,E,E,-2,-3,-4,-4,35,33,68,-1.0,0.0,0.0,0.0,0.0,0.0,1.0,0.0,0.0,0.0,-2.0,-1.0,-1.0,0.0
39997,Corey Conners,3,4,6.0,3.0,3.0,4.0,4.0,3.0,4.0,4.0,4.0,5.0,2.0,6.0,3.0,4.0,3.0,4.0,5.0,4,5,4,3,4,3,4,5,4,4,4,3,5,4,5,3,4,4,0,1.0,-1.0,0.0,E,+1,E,E,E,+1,E,-1,-1,-1,E,-1,E,-1,-2,-2,-2,-1,35,36,71,0.0,1.0,-1.0,-1.0,0.0,0.0,1.0,-1.0,1.0,-1.0,-1.0,0.0,0.0,1.0
30925,Dustin Johnson,3,5,5.0,4.0,3.0,4.0,3.0,4.0,5.0,4.0,4.0,5.0,4.0,4.0,4.0,5.0,3.0,5.0,4.0,4,5,4,3,4,3,4,5,4,4,4,3,5,4,5,3,4,4,1,0.0,0.0,0.0,+1,+1,+1,+1,+1,+1,+1,+1,+1,+1,+2,+3,+2,+2,+2,+2,+3,+3,37,38,75,0.0,0.0,0.0,0.0,0.0,0.0,1.0,1.0,-1.0,0.0,0.0,0.0,1.0,0.0
31323,Gary Woodland,3,4,7.0,4.0,3.0,4.0,3.0,4.0,4.0,4.0,4.0,4.0,3.0,5.0,5.0,5.0,3.0,4.0,6.0,4,5,4,3,4,3,4,5,4,4,4,3,5,4,5,3,4,4,0,2.0,0.0,0.0,E,+2,+2,+2,+2,+2,+2,+1,+1,+1,+1,+1,+1,+2,+2,+2,+2,+4,37,39,76,0.0,0.0,0.0,-1.0,0.0,0.0,0.0,0.0,0.0,1.0,0.0,0.0,0.0,2.0
35296,Haotong Li,3,4,4.0,3.0,3.0,3.0,3.0,4.0,3.0,4.0,4.0,4.0,3.0,6.0,3.0,6.0,3.0,4.0,5.0,4,5,4,3,4,3,4,5,4,4,4,3,5,4,5,3,4,4,0,-1.0,-1.0,0.0,E,-1,-2,-2,-3,-3,-3,-5,-5,-5,-5,-5,-4,-5,-4,-4,-4,-3,31,38,69,-1.0,0.0,0.0,-2.0,0.0,0.0,0.0,0.0,1.0,-1.0,1.0,0.0,0.0,1.0
34099,Harris English,3,4,4.0,4.0,3.0,4.0,3.0,4.0,4.0,4.0,5.0,4.0,3.0,5.0,4.0,5.0,3.0,4.0,4.0,4,5,4,3,4,3,4,5,4,4,4,3,5,4,5,3,4,4,0,-1.0,0.0,0.0,E,-1,-1,-1,-1,-1,-1,-2,-2,-1,-1,-1,-1,-1,-1,-1,-1,-1,34,37,71,0.0,0.0,0.0,-1.0,0.0,1.0,0.0,0.0,0.0,0.0,0.0,0.0,0.0,0.0
32839,Hideki Matsuyama,3,4,5.0,3.0,2.0,3.0,4.0,4.0,4.0,5.0,4.0,5.0,3.0,4.0,5.0,4.0,3.0,5.0,5.0,4,5,4,3,4,3,4,5,4,4,4,3,5,4,5,3,4,4,0,0.0,-1.0,-1.0,E,E,-1,-2,-3,-2,-2,-3,-2,-2,-1,-1,-2,-1,-2,-2,-1,E,34,38,72,-1.0,1.0,0.0,-1.0,1.0,0.0,1.0,0.0,-1.0,1.0,-1.0,0.0,1.0,1.0
60004,Jacob Bridgeman,3,4,4.0,4.0,3.0,4.0,4.0,4.0,5.0,4.0,5.0,3.0,3.0,4.0,4.0,4.0,3.0,4.0,3.0,4,5,4,3,4,3,4,5,4,4,4,3,5,4,5,3,4,4,0,-1.0,0.0,0.0,E,-1,-1,-1,-1,E,E,E,E,+1,E,E,-1,-1,-2,-2,-2,-3,36,33,69,0.0,1.0,0.0,0.0,0.0,1.0,-1.0,0.0,-1.0,0.0,-1.0,0.0,0.0,-1.0
47420,Jake Knapp,3,4,5.0,3.0,2.0,5.0,4.0,4.0,3.0,4.0,3.0,5.0,3.0,4.0,4.0,4.0,3.0,4.0,5.0,4,5,4,3,4,3,4,5,4,4,4,3,5,4,5,3,4,4,0,0.0,-1.0,-1.0,E,E,-1,-2,-1,E,E,-2,-2,-3,-2,-2,-3,-3,-4,-4,-4,-3,34,35,69,1.0,1.0,0.0,-2.0,0.0,-1.0,1.0,0.0,-1.0,0.0,-1.0,0.0,0.0,1.0
28089,Jason Day,3,5,4.0,4.0,3.0,4.0,3.0,4.0,4.0,4.0,4.0,4.0,2.0,4.0,3.0,4.0,4.0,4.0,4.0,4,5,4,3,4,3,4,5,4,4,4,3,5,4,5,3,4,4,1,-1.0,0.0,0.0,+1,E,E,E,E,E,E,-1,-1,-1,-1,-2,-3,-4,-5,-4,-4,-4,35,33,68,0.0,0.0,0.0,-1.0,0.0,0.0,0.0,-1.0,-1.0,-1.0,-1.0,1.0,0.0,0.0
46970,Jon Rahm,3,3,5.0,3.0,3.0,5.0,3.0,4.0,5.0,4.0,4.0,5.0,3.0,5.0,5.0,4.0,3.0,4.0,5.0,4,5,4,3,4,3,4,5,4,4,4,3,5,4,5,3,4,4,-1,0.0,-1.0,0.0,-1,-1,-2,-2,-1,-1,-1,-1,-1,-1,E,E,E,+1,E,E,E,+1,35,38,73,1.0,0.0,0.0,0.0,0.0,0.0,1.0,0.0,0.0,1.0,-1.0,0.0,0.0,1.0
34046,Jordan Spieth,3,4,5.0,3.0,4.0,4.0,2.0,4.0,4.0,4.0,4.0,4.0,3.0,6.0,4.0,4.0,3.0,3.0,5.0,4,5,4,3,4,3,4,5,4,4,4,3,5,4,5,3,4,4,0,0.0,-1.0,1.0,E,E,-1,E,E,-1,-1,-2,-2,-2,-2,-2,-1,-1,-2,-2,-3,-2,34,36,70,0.0,-1.0,0.0,-1.0,0.0,0.0,0.0,0.0,1.0,0.0,-1.0,0.0,-1.0,1.0
22405,Justin Rose,3,4,5.0,3.0,3.0,4.0,3.0,4.0,4.0,4.0,4.0,4.0,3.0,4.0,4.0,5.0,3.0,4.0,4.0,4,5,4,3,4,3,4,5,4,4,4,3,5,4,5,3,4,4,0,0.0,-1.0,0.0,E,E,-1,-1,-1,-1,-1,-2,-2,-2,-2,-2,-3,-3,-3,-3,-3,-3,34,35,69,0.0,0.0,0.0,-1.0,0.0,0.0,0.0,0.0,-1.0,0.0,0.0,0.0,0.0,0.0
33448,Justin Thomas,3,4,5.0,4.0,3.0,4.0,3.0,4.0,4.0,3.0,4.0,5.0,3.0,4.0,4.0,4.0,4.0,5.0,4.0,4,5,4,3,4,3,4,5,4,4,4,3,5,4,5,3,4,4,0,0.0,0.0,0.0,E,E,E,E,E,E,E,-1,-2,-2,-1,-1,-2,-2,-3,-2,-1,-1,34,37,71,0.0,0.0,0.0,-1.0,-1.0,0.0,1.0,0.0,-1.0,0.0,-1.0,1.0,1.0,0.0
33141,Keegan Bradley,3,5,5.0,4.0,4.0,4.0,2.0,3.0,4.0,3.0,4.0,4.0,3.0,7.0,4.0,7.0,2.0,4.0,4.0,4,5,4,3,4,3,4,5,4,4,4,3,5,4,5,3,4,4,1,0.0,0.0,1.0,+1,+1,+1,+2,+2,+1,E,-1,-2,-2,-2,-2,E,E,+2,+1,+1,+1,34,39,73,0.0,-1.0,-1.0,-1.0,-1.0,0.0,0.0,0.0,2.0,0.0,2.0,-1.0,0.0,0.0
49855,Kristoffer Reitan,3,4,5.0,4.0,4.0,4.0,4.0,4.0,4.0,5.0,4.0,4.0,4.0,5.0,3.0,5.0,3.0,3.0,4.0,4,5,4,3,4,3,4,5,4,4,4,3,5,4,5,3,4,4,0,0.0,0.0,1.0,E,E,E,+1,+1,+2,+2,+1,+2,+2,+2,+3,+3,+2,+2,+2,+1,+1,38,35,73,0.0,1.0,0.0,-1.0,1.0,0.0,0.0,1.0,0.0,-1.0,0.0,0.0,-1.0,0.0
48117,Kurt Kitayama,3,4,6.0,5.0,3.0,4.0,3.0,4.0,5.0,4.0,4.0,6.0,3.0,5.0,4.0,5.0,3.0,4.0,3.0,4,5,4,3,4,3,4,5,4,4,4,3,5,4,5,3,4,4,0,1.0,1.0,0.0,E,+1,+2,+2,+2,+2,+2,+2,+2,+2,+4,+4,+4,+4,+4,+4,+4,+3,38,37,75,0.0,0.0,0.0,0.0,0.0,0.0,2.0,0.0,0.0,0.0,0.0,0.0,0.0,-1.0
52955,Ludvig Åberg,3,4,5.0,3.0,3.0,5.0,4.0,5.0,4.0,4.0,3.0,3.0,2.0,6.0,3.0,4.0,3.0,4.0,4.0,4,5,4,3,4,3,4,5,4,4,4,3,5,4,5,3,4,4,0,0.0,-1.0,0.0,E,E,-1,-1,E,+1,+2,+1,+1,E,-1,-2,-1,-2,-3,-3,-3,-3,37,32,69,1.0,1.0,1.0,-1.0,0.0,-1.0,-1.0,-1.0,1.0,-1.0,-1.0,0.0,0.0,0.0
51003,Marco Penge,3,5,4.0,3.0,3.0,4.0,4.0,5.0,4.0,4.0,4.0,4.0,3.0,6.0,4.0,4.0,2.0,4.0,4.0,4,5,4,3,4,3,4,5,4,4,4,3,5,4,5,3,4,4,1,-1.0,-1.0,0.0,+1,E,-1,-1,-1,E,+1,E,E,E,E,E,+1,+1,E,-1,-1,-1,36,35,71,0.0,1.0,1.0,-1.0,0.0,0.0,0.0,0.0,1.0,0.0,-1.0,-1.0,0.0,0.0
40098,Matt Fitzpatrick,3,4,4.0,4.0,2.0,4.0,3.0,5.0,4.0,4.0,3.0,6.0,4.0,4.0,3.0,5.0,3.0,4.0,4.0,4,5,4,3,4,3,4,5,4,4,4,3,5,4,5,3,4,4,0,-1.0,0.0,-1.0,E,-1,-1,-2,-2,-2,-1,-2,-2,-3,-1,E,-1,-2,-2,-2,-2,-2,34,36,70,0.0,0.0,1.0,-1.0,0.0,-1.0,2.0,1.0,-1.0,-1.0,0.0,0.0,0.0,0.0
59141,Matt McCarty,3,4,4.0,4.0,3.0,4.0,3.0,4.0,5.0,4.0,3.0,5.0,3.0,4.0,5.0,4.0,5.0,4.0,4.0,4,5,4,3,4,3,4,5,4,4,4,3,5,4,5,3,4,4,0,-1.0,0.0,0.0,E,-1,-1,-1,-1,-1,-1,-1,-1,-2,-1,-1,-2,-1,-2,E,E,E,35,37,72,0.0,0.0,0.0,0.0,0.0,-1.0,1.0,0.0,-1.0,1.0,-1.0,2.0,0.0,0.0
46442,Maverick McNealy,3,5,4.0,4.0,3.0,5.0,3.0,4.0,4.0,4.0,3.0,5.0,2.0,5.0,4.0,5.0,2.0,4.0,4.0,4,5,4,3,4,3,4,5,4,4,4,3,5,4,5,3,4,4,1,-1.0,0.0,0.0,+1,E,E,E,+1,+1,+1,E,E,-1,E,-1,-1,-1,-1,-2,-2,-2,36,34,70,1.0,0.0,0.0,-1.0,0.0,-1.0,1.0,-1.0,0.0,0.0,0.0,-1.0,0.0,0.0
39977,Max Homa,3,3,4.0,4.0,3.0,4.0,3.0,4.0,4.0,4.0,4.0,5.0,3.0,4.0,5.0,5.0,3.0,4.0,5.0,4,5,4,3,4,3,4,5,4,4,4,3,5,4,5,3,4,4,-1,-1.0,0.0,0.0,-1,-2,-2,-2,-2,-2,-2,-3,-3,-3,-2,-2,-3,-2,-2,-2,-2,-1,33,38,71,0.0,0.0,0.0,-1.0,0.0,0.0,1.0,0.0,-1.0,1.0,0.0,0.0,0.0,1.0
61522,Michael Brennan,3,3,6.0,3.0,3.0,5.0,3.0,4.0,4.0,4.0,3.0,4.0,3.0,4.0,4.0,5.0,3.0,5.0,4.0,4,5,4,3,4,3,4,5,4,4,4,3,5,4,5,3,4,4,-1,1.0,-1.0,0.0,-1,E,-1,-1,E,E,E,-1,-1,-2,-2,-2,-3,-3,-3,-3,-2,-2,35,35,70,1.0,0.0,0.0,-1.0,0.0,-1.0,0.0,0.0,-1.0,0.0,0.0,0.0,1.0,0.0
25493,Nick Taylor,3,4,5.0,3.0,3.0,4.0,3.0,4.0,5.0,3.0,4.0,4.0,4.0,5.0,4.0,4.0,3.0,5.0,3.0,4,5,4,3,4,3,4,5,4,4,4,3,5,4,5,3,4,4,0,0.0,-1.0,0.0,E,E,-1,-1,-1,-1,-1,-1,-2,-2,-2,-1,-1,-1,-2,-2,-1,-2,34,36,70,0.0,0.0,0.0,0.0,-1.0,0.0,0.0,1.0,0.0,0.0,-1.0,0.0,1.0,-1.0
35450,Patrick Cantlay,3,4,4.0,4.0,3.0,4.0,3.0,4.0,4.0,4.0,4.0,4.0,2.0,4.0,4.0,5.0,2.0,4.0,3.0,4,5,4,3,4,3,4,5,4,4,4,3,5,4,5,3,4,4,0,-1.0,0.0,0.0,E,-1,-1,-1,-1,-1,-1,-2,-2,-2,-2,-3,-4,-4,-4,-5,-5,-6,34,32,66,0.0,0.0,0.0,-1.0,0.0,0.0,0.0,-1.0,-1.0,0.0,0.0,-1.0,0.0,-1.0
34360,Patrick Reed,3,3,4.0,3.0,4.0,5.0,3.0,4.0,5.0,4.0,5.0,4.0,3.0,4.0,4.0,5.0,3.0,4.0,5.0,4,5,4,3,4,3,4,5,4,4,4,3,5,4,5,3,4,4,-1,-1.0,-1.0,1.0,-1,-2,-3,-2,-1,-1,-1,-1,-1,E,E,E,-1,-1,-1,-1,-1,E,35,37,72,1.0,0.0,0.0,0.0,0.0,1.0,0.0,0.0,-1.0,0.0,0.0,0.0,0.0,1.0
52686,Rasmus Højgaard,3,5,5.0,3.0,4.0,3.0,3.0,6.0,5.0,4.0,4.0,5.0,3.0,4.0,3.0,4.0,2.0,5.0,5.0,4,5,4,3,4,3,4,5,4,4,4,3,5,4,5,3,4,4,1,0.0,-1.0,1.0,+1,+1,E,+1,E,E,+2,+2,+2,+2,+3,+3,+2,+1,E,-1,E,+1,38,35,73,-1.0,0.0,2.0,0.0,0.0,0.0,1.0,0.0,-1.0,-1.0,-1.0,-1.0,1.0,1.0
28237,Rory McIlroy,3,5,5.0,3.0,3.0,4.0,3.0,4.0,5.0,4.0,3.0,6.0,4.0,5.0,3.0,4.0,3.0,5.0,4.0,4,5,4,3,4,3,4,5,4,4,4,3,5,4,5,3,4,4,1,0.0,-1.0,0.0,+1,+1,E,E,E,E,E,E,E,-1,+1,+2,+2,+1,E,E,+1,+1,36,37,73,0.0,0.0,0.0,0.0,0.0,-1.0,2.0,1.0,0.0,-1.0,-1.0,0.0,1.0,0.0
34098,Russell Henley,3,4,5.0,3.0,3.0,4.0,3.0,4.0,4.0,4.0,4.0,3.0,3.0,5.0,4.0,4.0,2.0,4.0,3.0,4,5,4,3,4,3,4,5,4,4,4,3,5,4,5,3,4,4,0,0.0,-1.0,0.0,E,E,-1,-1,-1,-1,-1,-2,-2,-2,-3,-3,-3,-3,-4,-5,-5,-6,34,32,66,0.0,0.0,0.0,-1.0,0.0,0.0,-1.0,0.0,0.0,0.0,-1.0,-1.0,0.0,-1.0
59018,Ryan Gerard,3,4,4.0,3.0,3.0,5.0,2.0,4.0,5.0,4.0,4.0,4.0,3.0,4.0,3.0,4.0,3.0,4.0,5.0,4,5,4,3,4,3,4,5,4,4,4,3,5,4,5,3,4,4,0,-1.0,-1.0,0.0,E,-1,-2,-2,-1,-2,-2,-2,-2,-2,-2,-2,-3,-4,-5,-5,-5,-4,34,34,68,1.0,-1.0,0.0,0.0,0.0,0.0,0.0,0.0,-1.0,-1.0,-1.0,0.0,0.0,1.0
47504,Sam Burns,3,3,4.0,4.0,3.0,4.0,3.0,4.0,5.0,4.0,4.0,3.0,3.0,4.0,4.0,5.0,3.0,4.0,4.0,4,5,4,3,4,3,4,5,4,4,4,3,5,4,5,3,4,4,-1,-1.0,0.0,0.0,-1,-2,-2,-2,-2,-2,-2,-2,-2,-2,-3,-3,-4,-4,-4,-4,-4,-4,34,34,68,0.0,0.0,0.0,0.0,0.0,0.0,-1.0,0.0,-1.0,0.0,0.0,0.0,0.0,0.0
55893,Sam Stevens,3,4,5.0,5.0,3.0,4.0,3.0,4.0,4.0,4.0,3.0,4.0,3.0,5.0,5.0,5.0,2.0,4.0,3.0,4,5,4,3,4,3,4,5,4,4,4,3,5,4,5,3,4,4,0,0.0,1.0,0.0,E,E,+1,+1,+1,+1,+1,E,E,-1,-1,-1,-1,E,E,-1,-1,-2,36,34,70,0.0,0.0,0.0,-1.0,0.0,-1.0,0.0,0.0,0.0,1.0,0.0,-1.0,0.0,-1.0
46046,Scottie Scheffler,3,4,3.0,4.0,3.0,4.0,3.0,3.0,4.0,3.0,4.0,3.0,3.0,5.0,4.0,5.0,2.0,4.0,4.0,4,5,4,3,4,3,4,5,4,4,4,3,5,4,5,3,4,4,0,-2.0,0.0,0.0,E,-2,-2,-2,-2,-2,-3,-4,-5,-5,-6,-6,-6,-6,-6,-7,-7,-7,31,34,65,0.0,0.0,-1.0,-1.0,-1.0,0.0,-1.0,0.0,0.0,0.0,0.0,-1.0,0.0,0.0
49960,Sepp Straka,3,4,4.0,3.0,3.0,4.0,3.0,4.0,5.0,4.0,3.0,5.0,3.0,4.0,4.0,5.0,3.0,5.0,3.0,4,5,4,3,4,3,4,5,4,4,4,3,5,4,5,3,4,4,0,-1.0,-1.0,0.0,E,-1,-2,-2,-2,-2,-2,-2,-2,-3,-2,-2,-3,-3,-3,-3,-2,-3,34,35,69,0.0,0.0,0.0,0.0,0.0,-1.0,1.0,0.0,-1.0,0.0,0.0,0.0,1.0,-1.0
21209,Sergio Garcia,3,4,5.0,4.0,4.0,4.0,2.0,4.0,4.0,4.0,4.0,5.0,4.0,4.0,4.0,5.0,3.0,6.0,4.0,4,5,4,3,4,3,4,5,4,4,4,3,5,4,5,3,4,4,0,0.0,0.0,1.0,E,E,E,+1,+1,E,E,-1,-1,-1,E,+1,E,E,E,E,+2,+2,35,39,74,0.0,-1.0,0.0,-1.0,0.0,0.0,1.0,1.0,-1.0,0.0,0.0,0.0,2.0,0.0
33204,Shane Lowry,3,4,4.0,4.0,3.0,4.0,1.0,4.0,4.0,5.0,3.0,5.0,3.0,5.0,3.0,5.0,3.0,4.0,4.0,4,5,4,3,4,3,4,5,4,4,4,3,5,4,5,3,4,4,0,-1.0,0.0,0.0,E,-1,-1,-1,-1,-3,-3,-4,-3,-4,-3,-3,-3,-4,-4,-4,-4,-4,33,35,68,0.0,-2.0,0.0,-1.0,1.0,-1.0,1.0,0.0,0.0,-1.0,0.0,0.0,0.0,0.0
37455,Si Woo Kim,3,4,4.0,4.0,3.0,5.0,3.0,4.0,5.0,3.0,4.0,4.0,3.0,4.0,4.0,6.0,3.0,4.0,5.0,4,5,4,3,4,3,4,5,4,4,4,3,5,4,5,3,4,4,0,-1.0,0.0,0.0,E,-1,-1,-1,E,E,E,E,-1,-1,-1,-1,-2,-2,-1,-1,-1,E,35,37,72,1.0,0.0,0.0,0.0,-1.0,0.0,0.0,0.0,-1.0,0.0,1.0,0.0,0.0,1.0
39971,Sungjae Im,3,4,4.0,3.0,3.0,4.0,3.0,4.0,5.0,4.0,5.0,5.0,3.0,4.0,3.0,4.0,3.0,3.0,5.0,4,5,4,3,4,3,4,5,4,4,4,3,5,4,5,3,4,4,0,-1.0,-1.0,0.0,E,-1,-2,-2,-2,-2,-2,-2,-2,-1,E,E,-1,-2,-3,-3,-4,-3,34,35,69,0.0,0.0,0.0,0.0,0.0,1.0,1.0,0.0,-1.0,-1.0,-1.0,0.0,-1.0,1.0
30911,Tommy Fleetwood,3,4,4.0,4.0,4.0,4.0,4.0,3.0,5.0,5.0,4.0,4.0,4.0,4.0,4.0,5.0,3.0,4.0,4.0,4,5,4,3,4,3,4,5,4,4,4,3,5,4,5,3,4,4,0,-1.0,0.0,1.0,E,-1,-1,E,E,+1,E,E,+1,+1,+1,+2,+1,+1,+1,+1,+1,+1,37,36,73,0.0,1.0,-1.0,0.0,1.0,0.0,0.0,1.0,-1.0,0.0,0.0,0.0,0.0,0.0
34363,Tyrrell Hatton,3,4,5.0,4.0,3.0,4.0,4.0,4.0,5.0,4.0,4.0,4.0,3.0,4.0,4.0,5.0,3.0,5.0,3.0,4,5,4,3,4,3,4,5,4,4,4,3,5,4,5,3,4,4,0,0.0,0.0,0.0,E,E,E,E,E,+1,+1,+1,+1,+1,+1,+1,E,E,E,E,+1,E,37,35,72,0.0,1.0,0.0,0.0,0.0,0.0,0.0,0.0,-1.0,0.0,0.0,0.0,1.0,-1.0
46717,Viktor Hovland,3,4,6.0,5.0,3.0,4.0,3.0,3.0,4.0,4.0,4.0,4.0,2.0,5.0,4.0,5.0,3.0,4.0,4.0,4,5,4,3,4,3,4,5,4,4,4,3,5,4,5,3,4,4,0,1.0,1.0,0.0,E,+1,+2,+2,+2,+2,+1,E,E,E,E,-1,-1,-1,-1,-1,-1,-1,36,35,71,0.0,0.0,-1.0,-1.0,0.0,0.0,0.0,-1.0,0.0,0.0,0.0,0.0,0.0,0.0
51766,Wyndham Clark,3,5,4.0,2.0,3.0,4.0,3.0,4.0,5.0,3.0,4.0,5.0,3.0,5.0,4.0,5.0,3.0,5.0,5.0,4,5,4,3,4,3,4,5,4,4,4,3,5,4,5,3,4,4,1,-1.0,-2.0,0.0,+1,E,-2,-2,-2,-2,-2,-2,-3,-3,-2,-2,-2,-2,-2,-2,-1,E,33,39,72,0.0,0.0,0.0,0.0,-1.0,0.0,1.0,0.0,0.0,0.0,0.0,0.0,1.0,1.0
48081,Xander Schauffele,3,4,5.0,4.0,4.0,5.0,3.0,3.0,3.0,4.0,5.0,4.0,3.0,4.0,3.0,5.0,3.0,4.0,4.0,4,5,4,3,4,3,4,5,4,4,4,3,5,4,5,3,4,4,0,0.0,0.0,1.0,E,E,E,+1,+2,+2,+1,-1,-1,E,E,E,-1,-2,-2,-2,-2,-2,35,35,70,1.0,0.0,-1.0,-2.0,0.0,1.0,0.0,0.0,-1.0,-1.0,0.0,0.0,0.0,0.0
46414,Aaron Rai,4,4,5.0,4.0,4.0,4.0,3.0,2.0,5.0,4.0,4.0,4.0,4.0,4.0,4.0,5.0,2.0,4.0,4.0,4,5,4,3,4,3,4,5,4,4,4,3,5,4,5,3,4,4,0,0.0,0.0,1.0,E,E,E,+1,+1,+1,-1,-1,-1,-1,-1,E,-1,-1,-1,-2,-2,-2,35,35,70,0.0,0.0,-2.0,0.0,0.0,0.0,0.0,1.0,-1.0,0.0,0.0,-1.0,0.0,0.0
24502,Adam Scott,4,4,4.0,4.0,3.0,4.0,3.0,4.0,4.0,4.0,4.0,4.0,3.0,5.0,4.0,4.0,3.0,4.0,5.0,4,5,4,3,4,3,4,5,4,4,4,3,5,4,5,3,4,4,0,-1.0,0.0,0.0,E,-1,-1,-1,-1,-1,-1,-2,-2,-2,-2,-2,-2,-2,-3,-3,-3,-2,34,36,70,0.0,0.0,0.0,-1.0,0.0,0.0,0.0,0.0,0.0,0.0,-1.0,0.0,0.0,1.0
27349,Alex Noren,4,4,4.0,5.0,2.0,4.0,3.0,4.0,5.0,3.0,5.0,4.0,4.0,4.0,3.0,5.0,3.0,5.0,3.0,4,5,4,3,4,3,4,5,4,4,4,3,5,4,5,3,4,4,0,-1.0,1.0,-1.0,E,-1,E,-1,-1,-1,-1,-1,-2,-1,-1,E,-1,-2,-2,-2,-1,-2,34,36,70,0.0,0.0,0.0,0.0,-1.0,1.0,0.0,1.0,-1.0,-1.0,0.0,0.0,1.0,-1.0
54591,Ben Griffin,4,4,5.0,5.0,2.0,5.0,3.0,3.0,5.0,5.0,5.0,4.0,3.0,5.0,4.0,4.0,5.0,6.0,4.0,4,5,4,3,4,3,4,5,4,4,4,3,5,4,5,3,4,4,0,0.0,1.0,-1.0,E,E,+1,E,+1,+1,E,E,+1,+2,+2,+2,+2,+2,+1,+3,+5,+5,37,40,77,1.0,0.0,-1.0,0.0,1.0,1.0,0.0,0.0,0.0,0.0,-1.0,2.0,2.0,0.0
46443,Brian Campbell,4,4,5.0,5.0,3.0,4.0,3.0,5.0,4.0,4.0,5.0,3.0,3.0,5.0,4.0,5.0,3.0,4.0,4.0,4,5,4,3,4,3,4,5,4,4,4,3,5,4,5,3,4,4,0,0.0,1.0,0.0,E,E,+1,+1,+1,+1,+2,+1,+1,+2,+1,+1,+1,+1,+1,+1,+1,+1,37,36,73,0.0,0.0,1.0,-1.0,0.0,1.0,-1.0,0.0,0.0,0.0,0.0,0.0,0.0,0.0
27644,Brian Harman,4,5,4.0,4.0,4.0,4.0,3.0,3.0,6.0,5.0,4.0,4.0,2.0,5.0,4.0,5.0,2.0,5.0,4.0,4,5,4,3,4,3,4,5,4,4,4,3,5,4,5,3,4,4,1,-1.0,0.0,1.0,+1,E,E,+1,+1,+1,E,+1,+2,+2,+2,+1,+1,+1,+1,E,+1,+1,38,35,73,0.0,0.0,-1.0,1.0,1.0,0.0,0.0,-1.0,0.0,0.0,0.0,-1.0,1.0,0.0
36689,Brooks Koepka,4,4,5.0,3.0,4.0,5.0,3.0,5.0,5.0,3.0,4.0,4.0,3.0,4.0,4.0,4.0,2.0,5.0,4.0,4,5,4,3,4,3,4,5,4,4,4,3,5,4,5,3,4,4,0,0.0,-1.0,1.0,E,E,-1,E,+1,+1,+2,+2,+1,+1,+1,+1,E,E,-1,-2,-1,-1,37,34,71,1.0,0.0,1.0,0.0,-1.0,0.0,0.0,0.0,-1.0,0.0,-1.0,-1.0,1.0,0.0
57366,Cameron Young,4,4,4.0,4.0,3.0,4.0,4.0,5.0,4.0,5.0,4.0,4.0,3.0,5.0,4.0,5.0,3.0,4.0,4.0,4,5,4,3,4,3,4,5,4,4,4,3,5,4,5,3,4,4,0,-1.0,0.0,0.0,E,-1,-1,-1,-1,E,+1,E,+1,+1,+1,+1,+1,+1,+1,+1,+1,+1,37,36,73,0.0,1.0,1.0,-1.0,1.0,0.0,0.0,0.0,0.0,0.0,0.0,0.0,0.0,0.0
26331,Charl Schwartzel,4,4,6.0,6.0,4.0,4.0,2.0,4.0,4.0,4.0,5.0,4.0,3.0,5.0,5.0,4.0,2.0,5.0,4.0,4,5,4,3,4,3,4,5,4,4,4,3,5,4,5,3,4,4,0,1.0,2.0,1.0,E,+1,+3,+4,+4,+3,+3,+2,+2,+3,+3,+3,+3,+4,+3,+2,+3,+3,38,37,75,0.0,-1.0,0.0,-1.0,0.0,1.0,0.0,0.0,0.0,1.0,-1.0,-1.0,1.0,0.0
59095,Chris Gotterup,4,4,5.0,4.0,3.0,4.0,3.0,4.0,5.0,5.0,4.0,4.0,3.0,5.0,4.0,5.0,2.0,4.0,5.0,4,5,4,3,4,3,4,5,4,4,4,3,5,4,5,3,4,4,0,0.0,0.0,0.0,E,E,E,E,E,E,E,E,+1,+1,+1,+1,+1,+1,+1,E,E,+1,37,36,73,0.0,0.0,0.0,0.0,1.0,0.0,0.0,0.0,0.0,0.0,0.0,-1.0,0.0,1.0
50525,Collin Morikawa,4,3,7.0,3.0,3.0,4.0,3.0,4.0,5.0,5.0,4.0,4.0,2.0,4.0,3.0,4.0,2.0,4.0,4.0,4,5,4,3,4,3,4,5,4,4,4,3,5,4,5,3,4,4,-1,2.0,-1.0,0.0,-1,+1,E,E,E,E,E,E,+1,+1,+1,E,-1,-2,-3,-4,-4,-4,37,31,68,0.0,0.0,0.0,0.0,1.0,0.0,0.0,-1.0,-1.0,-1.0,-1.0,-1.0,0.0,0.0
39997,Corey Conners,4,5,4.0,4.0,5.0,4.0,3.0,4.0,4.0,4.0,4.0,6.0,3.0,5.0,2.0,6.0,3.0,4.0,5.0,4,5,4,3,4,3,4,5,4,4,4,3,5,4,5,3,4,4,1,-1.0,0.0,2.0,+1,E,E,+2,+2,+2,+2,+1,+1,+1,+3,+3,+3,+1,+2,+2,+2,+3,37,38,75,0.0,0.0,0.0,-1.0,0.0,0.0,2.0,0.0,0.0,-2.0,1.0,0.0,0.0,1.0
30925,Dustin Johnson,4,4,4.0,4.0,3.0,4.0,3.0,4.0,5.0,3.0,4.0,3.0,3.0,5.0,4.0,5.0,3.0,4.0,4.0,4,5,4,3,4,3,4,5,4,4,4,3,5,4,5,3,4,4,0,-1.0,0.0,0.0,E,-1,-1,-1,-1,-1,-1,-1,-2,-2,-3,-3,-3,-3,-3,-3,-3,-3,34,35,69,0.0,0.0,0.0,0.0,-1.0,0.0,-1.0,0.0,0.0,0.0,0.0,0.0,0.0,0.0
31323,Gary Woodland,4,4,4.0,4.0,3.0,4.0,2.0,3.0,5.0,4.0,3.0,4.0,3.0,4.0,4.0,4.0,2.0,5.0,4.0,4,5,4,3,4,3,4,5,4,4,4,3,5,4,5,3,4,4,0,-1.0,0.0,0.0,E,-1,-1,-1,-1,-2,-3,-3,-3,-4,-4,-4,-5,-5,-6,-7,-6,-6,33,33,66,0.0,-1.0,-1.0,0.0,0.0,-1.0,0.0,0.0,-1.0,0.0,-1.0,-1.0,1.0,0.0
35296,Haotong Li,4,5,4.0,3.0,3.0,5.0,4.0,5.0,4.0,3.0,4.0,4.0,6.0,10.0,3.0,5.0,3.0,5.0,4.0,4,5,4,3,4,3,4,5,4,4,4,3,5,4,5,3,4,4,1,-1.0,-1.0,0.0,+1,E,-1,-1,E,+1,+2,+1,E,E,E,+3,+8,+7,+7,+7,+8,+8,36,44,80,1.0,1.0,1.0,-1.0,-1.0,0.0,0.0,2.0,2.0,-1.0,0.0,0.0,1.0,0.0
34099,Harris English,4,5,4.0,4.0,4.0,4.0,4.0,3.0,5.0,4.0,5.0,4.0,3.0,4.0,3.0,5.0,3.0,4.0,4.0,4,5,4,3,4,3,4,5,4,4,4,3,5,4,5,3,4,4,1,-1.0,0.0,1.0,+1,E,E,+1,+1,+2,+1,+1,+1,+2,+2,+2,+1,E,E,E,E,E,37,35,72,0.0,1.0,-1.0,0.0,0.0,1.0,0.0,0.0,-1.0,-1.0,0.0,0.0,0.0,0.0
32839,Hideki Matsuyama,4,3,5.0,3.0,3.0,5.0,4.0,4.0,4.0,4.0,3.0,4.0,3.0,4.0,3.0,5.0,2.0,5.0,5.0,4,5,4,3,4,3,4,5,4,4,4,3,5,4,5,3,4,4,-1,0.0,-1.0,0.0,-1,-1,-2,-2,-1,E,E,-1,-1,-2,-2,-2,-3,-4,-4,-5,-4,-3,35,34,69,1.0,1.0,0.0,-1.0,0.0,-1.0,0.0,0.0,-1.0,-1.0,0.0,-1.0,1.0,1.0
60004,Jacob Bridgeman,4,5,4.0,5.0,3.0,5.0,3.0,5.0,4.0,3.0,5.0,5.0,3.0,5.0,4.0,5.0,3.0,5.0,4.0,4,5,4,3,4,3,4,5,4,4,4,3,5,4,5,3,4,4,1,-1.0,1.0,0.0,+1,E,+1,+1,+2,+2,+3,+2,+1,+2,+3,+3,+3,+3,+3,+3,+4,+4,37,39,76,1.0,0.0,1.0,-1.0,-1.0,1.0,1.0,0.0,0.0,0.0,0.0,0.0,1.0,0.0
47420,Jake Knapp,4,3,5.0,3.0,3.0,5.0,4.0,3.0,5.0,4.0,5.0,4.0,3.0,4.0,4.0,5.0,2.0,4.0,4.0,4,5,4,3,4,3,4,5,4,4,4,3,5,4,5,3,4,4,-1,0.0,-1.0,0.0,-1,-1,-2,-2,-1,E,-1,-1,-1,E,E,E,-1,-1,-1,-2,-2,-2,35,35,70,1.0,1.0,-1.0,0.0,0.0,1.0,0.0,0.0,-1.0,0.0,0.0,-1.0,0.0,0.0
28089,Jason Day,4,4,5.0,4.0,3.0,5.0,3.0,6.0,5.0,4.0,4.0,4.0,3.0,5.0,4.0,5.0,3.0,4.0,4.0,4,5,4,3,4,3,4,5,4,4,4,3,5,4,5,3,4,4,0,0.0,0.0,0.0,E,E,E,E,+1,+1,+3,+3,+3,+3,+3,+3,+3,+3,+3,+3,+3,+3,39,36,75,1.0,0.0,2.0,0.0,0.0,0.0,0.0,0.0,0.0,0.0,0.0,0.0,0.0,0.0
46970,Jon Rahm,4,4,4.0,3.0,3.0,5.0,4.0,3.0,4.0,3.0,4.0,4.0,2.0,5.0,4.0,4.0,3.0,4.0,5.0,4,5,4,3,4,3,4,5,4,4,4,3,5,4,5,3,4,4,0,-1.0,-1.0,0.0,E,-1,-2,-2,-1,E,-1,-2,-3,-3,-3,-4,-4,-4,-5,-5,-5,-4,33,35,68,1.0,1.0,-1.0,-1.0,-1.0,0.0,0.0,-1.0,0.0,0.0,-1.0,0.0,0.0,1.0
34046,Jordan Spieth,4,3,5.0,3.0,3.0,4.0,4.0,4.0,5.0,4.0,4.0,4.0,3.0,3.0,4.0,5.0,3.0,4.0,3.0,4,5,4,3,4,3,4,5,4,4,4,3,5,4,5,3,4,4,-1,0.0,-1.0,0.0,-1,-1,-2,-2,-2,-1,-1,-1,-1,-1,-1,-1,-3,-3,-3,-3,-3,-4,35,33,68,0.0,1.0,0.0,0.0,0.0,0.0,0.0,0.0,-2.0,0.0,0.0,0.0,0.0,-1.0
22405,Justin Rose,4,3,5.0,5.0,3.0,3.0,3.0,3.0,4.0,3.0,4.0,5.0,4.0,5.0,4.0,4.0,3.0,5.0,4.0,4,5,4,3,4,3,4,5,4,4,4,3,5,4,5,3,4,4,-1,0.0,1.0,0.0,-1,-1,E,E,-1,-1,-2,-3,-4,-4,-3,-2,-2,-2,-3,-3,-2,-2,32,38,70,-1.0,0.0,-1.0,-1.0,-1.0,0.0,1.0,1.0,0.0,0.0,-1.0,0.0,1.0,0.0
33448,Justin Thomas,4,3,5.0,4.0,3.0,5.0,4.0,4.0,5.0,4.0,5.0,6.0,3.0,4.0,3.0,5.0,2.0,4.0,4.0,4,5,4,3,4,3,4,5,4,4,4,3,5,4,5,3,4,4,-1,0.0,0.0,0.0,-1,-1,-1,-1,E,+1,+1,+1,+1,+2,+4,+4,+3,+2,+2,+1,+1,+1,37,36,73,1.0,1.0,0.0,0.0,0.0,1.0,2.0,0.0,-1.0,-1.0,0.0,-1.0,0.0,0.0
33141,Keegan Bradley,4,4,5.0,3.0,3.0,4.0,3.0,3.0,4.0,3.0,5.0,5.0,3.0,4.0,3.0,5.0,2.0,4.0,3.0,4,5,4,3,4,3,4,5,4,4,4,3,5,4,5,3,4,4,0,0.0,-1.0,0.0,E,E,-1,-1,-1,-1,-2,-3,-4,-3,-2,-2,-3,-4,-4,-5,-5,-6,32,34,66,0.0,0.0,-1.0,-1.0,-1.0,1.0,1.0,0.0,-1.0,-1.0,0.0,-1.0,0.0,-1.0
49855,Kristoffer Reitan,4,4,4.0,5.0,3.0,6.0,4.0,3.0,6.0,5.0,5.0,5.0,3.0,4.0,4.0,5.0,3.0,4.0,4.0,4,5,4,3,4,3,4,5,4,4,4,3,5,4,5,3,4,4,0,-1.0,1.0,0.0,E,-1,E,E,+2,+3,+2,+3,+4,+5,+6,+6,+5,+5,+5,+5,+5,+5,40,37,77,2.0,1.0,-1.0,1.0,1.0,1.0,1.0,0.0,-1.0,0.0,0.0,0.0,0.0,0.0
48117,Kurt Kitayama,4,3,5.0,4.0,4.0,4.0,3.0,3.0,4.0,4.0,4.0,5.0,3.0,5.0,4.0,6.0,3.0,4.0,4.0,4,5,4,3,4,3,4,5,4,4,4,3,5,4,5,3,4,4,-1,0.0,0.0,1.0,-1,-1,-1,E,E,E,-1,-2,-2,-2,-1,-1,-1,-1,E,E,E,E,34,38,72,0.0,0.0,-1.0,-1.0,0.0,0.0,1.0,0.0,0.0,0.0,1.0,0.0,0.0,0.0
52955,Ludvig Åberg,4,3,4.0,3.0,3.0,4.0,3.0,4.0,5.0,4.0,4.0,4.0,5.0,5.0,4.0,4.0,4.0,5.0,4.0,4,5,4,3,4,3,4,5,4,4,4,3,5,4,5,3,4,4,-1,-1.0,-1.0,0.0,-1,-2,-3,-3,-3,-3,-3,-3,-3,-3,-3,-1,-1,-1,-2,-1,E,E,33,39,72,0.0,0.0,0.0,0.0,0.0,0.0,0.0,2.0,0.0,0.0,-1.0,1.0,1.0,0.0
51003,Marco Penge,4,4,6.0,4.0,3.0,4.0,3.0,6.0,4.0,4.0,5.0,4.0,7.0,5.0,3.0,4.0,3.0,5.0,4.0,4,5,4,3,4,3,4,5,4,4,4,3,5,4,5,3,4,4,0,1.0,0.0,0.0,E,+1,+1,+1,+1,+1,+3,+2,+2,+3,+3,+7,+7,+6,+5,+5,+6,+6,38,40,78,0.0,0.0,2.0,-1.0,0.0,1.0,0.0,2.0,0.0,-1.0,-1.0,0.0,1.0,0.0
40098,Matt Fitzpatrick,4,4,5.0,4.0,4.0,5.0,2.0,4.0,4.0,4.0,3.0,4.0,3.0,5.0,3.0,6.0,3.0,4.0,4.0,4,5,4,3,4,3,4,5,4,4,4,3,5,4,5,3,4,4,0,0.0,0.0,1.0,E,E,E,+1,+2,+1,+1,E,E,-1,-1,-1,-1,-2,-1,-1,-1,-1,36,35,71,1.0,-1.0,0.0,-1.0,0.0,-1.0,0.0,0.0,0.0,-1.0,1.0,0.0,0.0,0.0
59141,Matt McCarty,4,3,4.0,4.0,4.0,4.0,4.0,3.0,5.0,3.0,4.0,5.0,3.0,4.0,5.0,4.0,2.0,4.0,4.0,4,5,4,3,4,3,4,5,4,4,4,3,5,4,5,3,4,4,-1,-1.0,0.0,1.0,-1,-2,-2,-1,-1,E,-1,-1,-2,-2,-1,-1,-2,-1,-2,-3,-3,-3,34,35,69,0.0,1.0,-1.0,0.0,-1.0,0.0,1.0,0.0,-1.0,1.0,-1.0,-1.0,0.0,0.0
46442,Maverick McNealy,4,3,4.0,4.0,3.0,4.0,3.0,4.0,4.0,4.0,4.0,4.0,3.0,4.0,5.0,4.0,2.0,4.0,4.0,4,5,4,3,4,3,4,5,4,4,4,3,5,4,5,3,4,4,-1,-1.0,0.0,0.0,-1,-2,-2,-2,-2,-2,-2,-3,-3,-3,-3,-3,-4,-3,-4,-5,-5,-5,33,34,67,0.0,0.0,0.0,-1.0,0.0,0.0,0.0,0.0,-1.0,1.0,-1.0,-1.0,0.0,0.0
39977,Max Homa,4,4,5.0,4.0,3.0,3.0,3.0,4.0,5.0,4.0,4.0,4.0,3.0,3.0,4.0,5.0,2.0,4.0,3.0,4,5,4,3,4,3,4,5,4,4,4,3,5,4,5,3,4,4,0,0.0,0.0,0.0,E,E,E,E,-1,-1,-1,-1,-1,-1,-1,-1,-3,-3,-3,-4,-4,-5,35,32,67,-1.0,0.0,0.0,0.0,0.0,0.0,0.0,0.0,-2.0,0.0,0.0,-1.0,0.0,-1.0
61522,Michael Brennan,4,5,4.0,4.0,3.0,4.0,4.0,3.0,4.0,4.0,4.0,4.0,3.0,4.0,5.0,5.0,3.0,6.0,4.0,4,5,4,3,4,3,4,5,4,4,4,3,5,4,5,3,4,4,1,-1.0,0.0,0.0,+1,E,E,E,E,+1,E,-1,-1,-1,-1,-1,-2,-1,-1,-1,+1,+1,35,38,73,0.0,1.0,-1.0,-1.0,0.0,0.0,0.0,0.0,-1.0,1.0,0.0,0.0,2.0,0.0
25493,Nick Taylor,4,4,5.0,4.0,3.0,5.0,3.0,4.0,5.0,5.0,5.0,5.0,3.0,5.0,4.0,6.0,3.0,5.0,3.0,4,5,4,3,4,3,4,5,4,4,4,3,5,4,5,3,4,4,0,0.0,0.0,0.0,E,E,E,E,+1,+1,+1,+1,+2,+3,+4,+4,+4,+4,+5,+5,+6,+5,38,39,77,1.0,0.0,0.0,0.0,1.0,1.0,1.0,0.0,0.0,0.0,1.0,0.0,1.0,-1.0
35450,Patrick Cantlay,4,4,5.0,3.0,3.0,4.0,4.0,4.0,5.0,4.0,4.0,5.0,3.0,5.0,4.0,4.0,3.0,4.0,5.0,4,5,4,3,4,3,4,5,4,4,4,3,5,4,5,3,4,4,0,0.0,-1.0,0.0,E,E,-1,-1,-1,E,E,E,E,E,+1,+1,+1,+1,E,E,E,+1,36,37,73,0.0,1.0,0.0,0.0,0.0,0.0,1.0,0.0,0.0,0.0,-1.0,0.0,0.0,1.0
34360,Patrick Reed,4,4,5.0,4.0,4.0,5.0,3.0,4.0,4.0,4.0,4.0,4.0,3.0,7.0,3.0,4.0,3.0,5.0,3.0,4,5,4,3,4,3,4,5,4,4,4,3,5,4,5,3,4,4,0,0.0,0.0,1.0,E,E,E,+1,+2,+2,+2,+1,+1,+1,+1,+1,+3,+2,+1,+1,+2,+1,37,36,73,1.0,0.0,0.0,-1.0,0.0,0.0,0.0,0.0,2.0,-1.0,-1.0,0.0,1.0,-1.0
52686,Rasmus Højgaard,4,5,7.0,4.0,3.0,5.0,3.0,3.0,4.0,4.0,5.0,4.0,3.0,5.0,5.0,5.0,4.0,4.0,4.0,4,5,4,3,4,3,4,5,4,4,4,3,5,4,5,3,4,4,1,2.0,0.0,0.0,+1,+3,+3,+3,+4,+4,+3,+2,+2,+3,+3,+3,+3,+4,+4,+5,+5,+5,38,39,77,1.0,0.0,-1.0,-1.0,0.0,1.0,0.0,0.0,0.0,1.0,0.0,1.0,0.0,0.0
28237,Rory McIlroy,4,4,5.0,3.0,5.0,4.0,4.0,3.0,4.0,4.0,4.0,4.0,2.0,4.0,4.0,5.0,3.0,4.0,5.0,4,5,4,3,4,3,4,5,4,4,4,3,5,4,5,3,4,4,0,0.0,-1.0,2.0,E,E,-1,+1,+1,+2,+1,E,E,E,E,-1,-2,-2,-2,-2,-2,-1,36,35,71,0.0,1.0,-1.0,-1.0,0.0,0.0,0.0,-1.0,-1.0,0.0,0.0,0.0,0.0,1.0
34098,Russell Henley,4,3,5.0,4.0,2.0,4.0,3.0,3.0,4.0,4.0,4.0,4.0,4.0,4.0,4.0,5.0,3.0,4.0,4.0,4,5,4,3,4,3,4,5,4,4,4,3,5,4,5,3,4,4,-1,0.0,0.0,-1.0,-1,-1,-1,-2,-2,-2,-3,-4,-4,-4,-4,-3,-4,-4,-4,-4,-4,-4,32,36,68,0.0,0.0,-1.0,-1.0,0.0,0.0,0.0,1.0,-1.0,0.0,0.0,0.0,0.0,0.0
59018,Ryan Gerard,4,3,5.0,4.0,4.0,5.0,4.0,6.0,5.0,4.0,5.0,4.0,4.0,5.0,4.0,3.0,4.0,5.0,3.0,4,5,4,3,4,3,4,5,4,4,4,3,5,4,5,3,4,4,-1,0.0,0.0,1.0,-1,-1,-1,E,+1,+2,+4,+4,+4,+5,+5,+6,+6,+6,+4,+5,+6,+5,40,37,77,1.0,1.0,2.0,0.0,0.0,1.0,0.0,1.0,0.0,0.0,-2.0,1.0,1.0,-1.0
47504,Sam Burns,4,3,7.0,5.0,3.0,4.0,3.0,4.0,5.0,4.0,5.0,4.0,3.0,4.0,3.0,5.0,2.0,5.0,4.0,4,5,4,3,4,3,4,5,4,4,4,3,5,4,5,3,4,4,-1,2.0,1.0,0.0,-1,+1,+2,+2,+2,+2,+2,+2,+2,+3,+3,+3,+2,+1,+1,E,+1,+1,38,35,73,0.0,0.0,0.0,0.0,0.0,1.0,0.0,0.0,-1.0,-1.0,0.0,-1.0,1.0,0.0
55893,Sam Stevens,4,4,5.0,4.0,4.0,5.0,3.0,3.0,5.0,4.0,3.0,4.0,3.0,4.0,5.0,4.0,2.0,4.0,4.0,4,5,4,3,4,3,4,5,4,4,4,3,5,4,5,3,4,4,0,0.0,0.0,1.0,E,E,E,+1,+2,+2,+1,+1,+1,E,E,E,-1,E,-1,-2,-2,-2,37,33,70,1.0,0.0,-1.0,0.0,0.0,-1.0,0.0,0.0,-1.0,1.0,-1.0,-1.0,0.0,0.0
46046,Scottie Scheffler,4,3,5.0,3.0,3.0,4.0,3.0,4.0,5.0,4.0,4.0,4.0,3.0,5.0,4.0,4.0,2.0,4.0,4.0,4,5,4,3,4,3,4,5,4,4,4,3,5,4,5,3,4,4,-1,0.0,-1.0,0.0,-1,-1,-2,-2,-2,-2,-2,-2,-2,-2,-2,-2,-2,-2,-3,-4,-4,-4,34,34,68,0.0,0.0,0.0,0.0,0.0,0.0,0.0,0.0,0.0,0.0,-1.0,-1.0,0.0,0.0
49960,Sepp Straka,4,4,5.0,4.0,3.0,5.0,4.0,3.0,6.0,4.0,4.0,5.0,4.0,5.0,4.0,4.0,3.0,5.0,4.0,4,5,4,3,4,3,4,5,4,4,4,3,5,4,5,3,4,4,0,0.0,0.0,0.0,E,E,E,E,+1,+2,+1,+2,+2,+2,+3,+4,+4,+4,+3,+3,+4,+4,38,38,76,1.0,1.0,-1.0,1.0,0.0,0.0,1.0,1.0,0.0,0.0,-1.0,0.0,1.0,0.0
21209,Sergio Garcia,4,5,5.0,5.0,4.0,4.0,3.0,3.0,5.0,4.0,4.0,4.0,3.0,5.0,5.0,4.0,4.0,4.0,4.0,4,5,4,3,4,3,4,5,4,4,4,3,5,4,5,3,4,4,1,0.0,1.0,1.0,+1,+1,+2,+3,+3,+3,+2,+2,+2,+2,+2,+2,+2,+3,+2,+3,+3,+3,38,37,75,0.0,0.0,-1.0,0.0,0.0,0.0,0.0,0.0,0.0,1.0,-1.0,1.0,0.0,0.0
33204,Shane Lowry,4,5,4.0,4.0,4.0,6.0,3.0,4.0,5.0,4.0,4.0,6.0,4.0,4.0,5.0,4.0,5.0,4.0,5.0,4,5,4,3,4,3,4,5,4,4,4,3,5,4,5,3,4,4,1,-1.0,0.0,1.0,+1,E,E,+1,+3,+3,+3,+3,+3,+3,+5,+6,+5,+6,+5,+7,+7,+8,39,41,80,2.0,0.0,0.0,0.0,0.0,0.0,2.0,1.0,-1.0,1.0,-1.0,2.0,0.0,1.0
37455,Si Woo Kim,4,3,4.0,4.0,3.0,5.0,2.0,4.0,6.0,4.0,4.0,4.0,4.0,6.0,4.0,5.0,2.0,5.0,3.0,4,5,4,3,4,3,4,5,4,4,4,3,5,4,5,3,4,4,-1,-1.0,0.0,0.0,-1,-2,-2,-2,-1,-2,-2,-1,-1,-1,-1,E,+1,+1,+1,E,+1,E,35,37,72,1.0,-1.0,0.0,1.0,0.0,0.0,0.0,1.0,1.0,0.0,0.0,-1.0,1.0,-1.0
39971,Sungjae Im,4,6,5.0,4.0,3.0,4.0,4.0,3.0,5.0,4.0,5.0,4.0,4.0,5.0,5.0,5.0,3.0,4.0,4.0,4,5,4,3,4,3,4,5,4,4,4,3,5,4,5,3,4,4,2,0.0,0.0,0.0,+2,+2,+2,+2,+2,+3,+2,+2,+2,+3,+3,+4,+4,+5,+5,+5,+5,+5,38,39,77,0.0,1.0,-1.0,0.0,0.0,1.0,0.0,1.0,0.0,1.0,0.0,0.0,0.0,0.0
30911,Tommy Fleetwood,4,4,6.0,4.0,3.0,5.0,4.0,4.0,5.0,3.0,4.0,5.0,3.0,5.0,4.0,5.0,2.0,6.0,4.0,4,5,4,3,4,3,4,5,4,4,4,3,5,4,5,3,4,4,0,1.0,0.0,0.0,E,+1,+1,+1,+2,+3,+3,+3,+2,+2,+3,+3,+3,+3,+3,+2,+4,+4,38,38,76,1.0,1.0,0.0,0.0,-1.0,0.0,1.0,0.0,0.0,0.0,0.0,-1.0,2.0,0.0
34363,Tyrrell Hatton,4,4,4.0,4.0,4.0,4.0,3.0,2.0,4.0,4.0,5.0,4.0,3.0,4.0,3.0,4.0,2.0,4.0,4.0,4,5,4,3,4,3,4,5,4,4,4,3,5,4,5,3,4,4,0,-1.0,0.0,1.0,E,-1,-1,E,E,E,-2,-3,-3,-2,-2,-2,-3,-4,-5,-6,-6,-6,33,33,66,0.0,0.0,-2.0,-1.0,0.0,1.0,0.0,0.0,-1.0,-1.0,-1.0,-1.0,0.0,0.0
46717,Viktor Hovland,4,4,4.0,3.0,3.0,4.0,3.0,3.0,4.0,3.0,4.0,3.0,3.0,4.0,4.0,7.0,2.0,4.0,5.0,4,5,4,3,4,3,4,5,4,4,4,3,5,4,5,3,4,4,0,-1.0,-1.0,0.0,E,-1,-2,-2,-2,-2,-3,-4,-5,-5,-6,-6,-7,-7,-5,-6,-6,-5,31,36,67,0.0,0.0,-1.0,-1.0,-1.0,0.0,-1.0,0.0,-1.0,0.0,2.0,-1.0,0.0,1.0
51766,Wyndham Clark,4,4,5.0,5.0,4.0,4.0,3.0,4.0,5.0,3.0,4.0,6.0,3.0,4.0,4.0,5.0,2.0,4.0,4.0,4,5,4,3,4,3,4,5,4,4,4,3,5,4,5,3,4,4,0,0.0,1.0,1.0,E,E,+1,+2,+2,+2,+2,+2,+1,+1,+3,+3,+2,+2,+2,+1,+1,+1,37,36,73,0.0,0.0,0.0,0.0,-1.0,0.0,2.0,0.0,-1.0,0.0,0.0,-1.0,0.0,0.0
48081,Xander Schauffele,4,4,4.0,3.0,3.0,4.0,4.0,4.0,5.0,4.0,4.0,4.0,3.0,4.0,3.0,4.0,3.0,4.0,4.0,4,5,4,3,4,3,4,5,4,4,4,3,5,4,5,3,4,4,0,-1.0,-1.0,0.0,E,-1,-2,-2,-2,-1,-1,-1,-1,-1,-1,-1,-2,-3,-4,-4,-4,-4,35,33,68,0.0,1.0,0.0,0.0,0.0,0.0,0.0,0.0,-1.0,-1.0,-1.0,0.0,0.0,0.0
